matched_fragments,fragment_SMILES,length_of_fragment,matched_molecules,number_of_matched_molecules,fragment_scores,full_molecule_scores,average_molecule_score
9201,NC(=O)C1=CC=C(Cl)C(Cl)=C1,11,"[0, 12, 23, 28, 67, 68, 69, 138, 204, 210, 437, 533, 537, 637, 648, 701, 1186, 1560, 1639, 1642, 1659, 1660, 1661, 1667, 1832, 1929, 1932, 1935, 1943, 1949, 1954, 1956, 1957, 1966, 1974, 1976, 1977, 1978, 1981, 2028, 2035, 2042, 2048, 2051, 2057, 2072, 2085, 2095, 2114, 2115, 2120, 2137, 2139, 2142, 2143, 2144, 2146, 2147, 2171, 2174, 2182, 2227, 2347, 2361, 2368, 2462, 2496, 2503, 2506, 2514, 2516, 2520, 2529, 2534, 2566, 2592, 2622, 2656, 2661, 2665, 2717, 2726, 2727, 2798, 2806, 2815, 2817, 2822, 2825, 2869, 2906, 2989, 3002, 3007, 3015, 3031, 3035, 3056, 3060, 3061, 3090, 3162, 3181, 3187, 3301, 3353, 3419, 3559, 3610, 3621, 3729, 3769, 3884, 4062, 4087, 4111, 4264, 4266, 4572, 4592, 4594, 4618, 4629, 4632, 4634, 4654, 4669, 4675, 4709, 4721, 4726, 4913, 5162, 5168, 5234, 5241, 5254, 5445, 5496, 5596, 5605, 5635, 5636, 5637, 5638, 5639, 5640, 5643, 5648, 5655, 5787, 5830, 5905, 5913, 5923, 5924, 5970, 6022, 6052, 6116, 6153, 6206, 6271, 6332, 6333, 6382, 6389, 6390, 6391, 6416, 6422, 6572, 6580, 6586, 6593, 6608, 6634, 6696, 6722, 6763, 6764, 6767, 6770, 6775, 6913, 6975, 6996, 7031, 7120, 7129, 7204, 7231, 7399, 7577, 7578, 7579, 7607, 7613, 7637, 8071, 8072, 8354, 8359, 8407, 8414, 8491, 8522, 8523, 8524, 8525, 8526, 8527, 8528, 8529, 8530, 8531, 8532, 8533, 8534, 8535, 8536, 8537, 8538, 8539, 8540, 8541, 8542, 8543, 8544, 8545, 8546, 8547, 8548, 8549, 8550, 8551, 8590, 8680, 8684, 8823, 9102, 9104, 9105, 9106, 9107, 9108, 9109, 9110, 9111, 9143, 9647, 9771, 9772, 9782, 9783, 9784, 9789, 9799, 9802, 10356, 10434, 10773, 10841, 10857, 10859, 10940, 10962, 11039, 11055, 11128, 11538, 11741, 11743, 11744, 11745, 11746, 11776, 11802, 11803, 11804, 11806, 11809, 11811, 11812, 11814, 11816, 11817, 11819, 11822, 11825, 11826, 11827, 11829, 11830, 11841, 11843, 11855, 11875, 11880, 11885, 11894, 11919, 11921, 11933, 11936, 11955, 11963, 11968, 11977, 11979, 12036, 12037, 12038, 12050, 12056, 12074, 12092, 12097, 12145, 12146, 12147, 12148, 12154, 12183, 12201, 12206, 12224, 12245, 12266, 12268, 12275, 12276, 12283, 12293, 12302, 12305, 12320, 12325, 12339, 12383, 12388, 12464, 12465, 12485, 12599, 13767, 13785, 13995, 14219, 14220, 14298, 14932, 14934, 15438, 15440, 15553, 15559, 15626, 15750, 15820, 15954, 16300, 16305, 16316, 16425, 16472, 16484, 16488, 16500, 16547, 16550, 17097, 17260, 17363, 17365, 17366, 17383, 17551, 17687, 17688, 17718, 17735, 17736, 17737, 17754, 17784, 17786, 17849, 17952, 18031, 18093, 18177, 18186, 18226, 18312, 18321, 18533, 18545, 18557, 18558, 18559, 18560, 18609, 18633, 18641, 18644, 18652, 18658, 18741, 18801, 18807, 18959, 19043, 19130, 19139, 19276, 19281, 19285, 19289, 19308, 19312, 19373, 19401, 19464, 19473, 19501, 20073, 20183, 20194, 20195, 20228, 20480, 20950, 21358, 21368, 23086, 23103, 23716, 23805, 23806, 23837, 23840, 23848, 23963, 23996, 23997, 24042, 24043, 24044, 24045, 24047, 24054, 24093, 24159, 24160, 24161, 24162, 24170, 24179, 24187, 24194, 24195, 24196, 24198, 24199, 24317, 24431]",467,0.2623834887146949,"[0.4356036937236786, 0.5937710893154144, 0.4798622861504554, 0.4353739945590496, 0.4516422635316848, 0.4588483560085297, 0.7019818139076233, 0.4278849172592163, 0.5911855828762055, 0.6050253742933274, 0.6636801552772522, 0.4163397771120071, 0.5676283067464829, 0.4804392060637474, 0.4218384462594986, 0.4308538934588432, 0.4879303577575774, 0.5114451199769974, 0.4391163223981857, 0.456759330034256, 0.557271882891655, 0.7019818127155304, 0.6059143477678299, 0.4203197079896927, 0.4430080181360245, 0.6246965807676316, 0.4368545398116111, 0.5928491225838661, 0.490372838973999, 0.4913638722896576, 0.700140153169632, 0.447097078859806, 0.4118537119030952, 0.4613153555989265, 0.4254769855737686, 0.4749186522513628, 0.5573799180984497, 0.5764802861213684, 0.4944842106103897, 0.4324956494569778, 0.4762055844068527, 0.479163529574871, 0.42415870398283, 0.537502906024456, 0.5072369328141213, 0.4720512354373932, 0.4062962234020233, 0.4471329818665981, 0.5360999512672424, 0.4604407346248627, 0.5131969863176346, 0.4787530094385147, 0.4110764929652214, 0.4247445729374886, 0.4798722785711288, 0.5167506140470505, 0.4329927197098732, 0.5181482523679733, 0.5604735776782036, 0.5268782410025596, 0.4232643863558769, 0.4771214823424816, 0.4442287990450859, 0.4775186431407928, 0.4223545241355896, 0.4206090459227562, 0.4565562701225281, 0.4073504024744034, 0.5531784301996231, 0.493268274962902, 0.4034936062991619, 0.4061257794499397, 0.6004117745161056, 0.5055852910876274, 0.4798473586142063, 0.4734205651283264, 0.5425237041711807, 0.4731433039903641, 0.4770610810816288, 0.4372640511393547, 0.5054066520929337, 0.4538135755062103, 0.4732942189276218, 0.4587286618351936, 0.6161367702484131, 0.442217610180378, 0.6420834028720855, 0.6351908093690872, 0.5947083109617233, 0.4156026035547256, 0.494118355512619, 0.4299354979395866, 0.4410655656456947, 0.4395724573731422, 0.6266223311424255, 0.4654971221089363, 0.4509709003567695, 0.4304956343770027, 0.5159047341346741, 0.4879800063371658, 0.4494446182250977, 0.461894751638174, 0.6409758448600769, 0.4895354068279266, 0.5138972944021225, 0.4514220224320888, 0.5223071894049645, 0.5807794433832169, 0.475523846745491, 0.6690141469240188, 0.4902369052171707, 0.6613398045301437, 0.4387921813130379, 0.7196444869041443, 0.4102432894706726, 0.4205143582820892, 0.4284017123281955, 0.5204562044143677, 0.4387921777367591, 0.505406648516655, 0.4458364243805408, 0.5688646447658539, 0.4203197109699249, 0.730030557513237, 0.4009166893362998, 0.4304956302046775, 0.5617878091335297, 0.5750355386734008, 0.4578383454680443, 0.4731433039903641, 0.4299354955554008, 0.5928491213917733, 0.7019818150997161, 0.537502900660038, 0.469044000506401, 0.430853890478611, 0.4163397747278213, 0.45164225846529, 0.4291187207400799, 0.4749186510592699, 0.4915435659885406, 0.4611516644060611, 0.5746315431594848, 0.5285552164912224, 0.6564213854074478, 0.5683382892608643, 0.5010122147202491, 0.4500333487987518, 0.4103799653053284, 0.4546129584312439, 0.47018479347229, 0.5807794454693794, 0.5425236994028091, 0.536099950671196, 0.4587286639213562, 0.6161367636919022, 0.4205143627524376, 0.4391163206100464, 0.4061257821321487, 0.4102432909607887, 0.5114451175928116, 0.4567593306303024, 0.4430080145597458, 0.5764802849292755, 0.4944842094182968, 0.5131969863176346, 0.4787530070543289, 0.4247445714473724, 0.4329927238821983, 0.5268782451748848, 0.4232643917202949, 0.4565562731027603, 0.4073504015803337, 0.5531784278154374, 0.4932682767510414, 0.6004117774963379, 0.4734205609560012, 0.4732942225039005, 0.5460073781013489, 0.4422176137566566, 0.6420834028720855, 0.6351908081769944, 0.5947083097696304, 0.4019494560360908, 0.6409758448600769, 0.5138972967863082, 0.4514220240712165, 0.5223071882128716, 0.475523846745491, 0.6690141481161117, 0.4902369046211243, 0.6613398104906082, 0.7196444869041443, 0.5064686244726181, 0.7496208876371384, 0.4882177537679672, 0.5537354916334152, 0.4861414310336113, 0.5693589049577713, 0.4152615329623222, 0.4246535730361938, 0.425882248878479, 0.4595762068033218, 0.4817629665136337, 0.4798473590612411, 0.4234688144922256, 0.4237694452702999, 0.5357720392942429, 0.5769216486811638, 0.5251885834336281, 0.585022851228714, 0.5593807992339134, 0.5060211682319641, 0.562971179485321, 0.610424416065216, 0.5670300906896591, 0.5730326455831528, 0.4549748283624649, 0.4757931852340698, 0.539716300368309, 0.4963201563060284, 0.4030771917104721, 0.4875463488698006, 0.6231897938251495, 0.47426229596138, 0.4938021036982536, 0.497433006465435, 0.4074002699553966, 0.4055534499883652, 0.5506059753894806, 0.5636259526014328, 0.7441006010770798, 0.7292072659730912, 0.5311669147014618, 0.4435069307684898, 0.4353797623515129, 0.5618006202578545, 0.4604407346248627, 0.6955591487884522, 0.433051047027111, 0.5127387914061546, 0.4909428235888481, 0.4382583120465279, 0.4682046377658844, 0.4709782201051712, 0.4302909004688263, 0.6118966972827912, 0.4586672937870025, 0.4671898640692234, 0.5192726242542267, 0.5192027741670608, 0.5950223052501679, 0.4528845673799515, 0.6548134976625443, 0.420609041750431, 0.4687781381607055, 0.4770610789954662, 0.7001401567459107, 0.5399917387962341, 0.4324956482648849, 0.6581358671188354, 0.4924692398309707, 0.457221967279911, 0.4230681523680687, 0.4693355751037598, 0.4047138994932174, 0.4576554358005523, 0.5493247592449189, 0.4613153550028801, 0.6245514538884163, 0.4360365310311317, 0.5438376542925835, 0.4156219178438187, 0.4169183737039566, 0.4470970806479454, 0.5316823941469192, 0.5805162280797959, 0.4368545365333557, 0.4118537107110023, 0.4913638722896576, 0.4880889856815338, 0.4947104647755623, 0.4883022981882095, 0.6137473443150521, 0.5435917362570762, 0.5572718864679337, 0.6059143525362015, 0.4588483542203903, 0.54140216127038, 0.684106571674347, 0.5249081888794899, 0.6246965819597244, 0.411076491177082, 0.5167506113648415, 0.472051236629486, 0.4392705696821213, 0.4471329833567142, 0.7309340906143188, 0.4189450138807297, 0.4062962234020233, 0.6120857882499695, 0.4781082034111023, 0.5729869633913041, 0.4494446191191673, 0.4762055820226669, 0.6241568005084992, 0.4416413831710815, 0.444228800535202, 0.4775186437368393, 0.4223545223474502, 0.5072369334101677, 0.4241587027907371, 0.4451408651471138, 0.4660332500934601, 0.4156026029586792, 0.4558180740475654, 0.5657694679498673, 0.5015138202905655, 0.4372640493512154, 0.4034936068952083, 0.5604735764861107, 0.5210867585241794, 0.4538135731220245, 0.4856798303127289, 0.4395724609494209, 0.4499755236506462, 0.4509708985686302, 0.4206360863149166, 0.480882364064455, 0.6266223311424255, 0.5055852881073952, 0.4879800021648407, 0.4121964481472969, 0.5159047323465348, 0.4654971231520176, 0.4410655698180198, 0.707353367805481, 0.6340550231933594, 0.658843794465065, 0.489535407423973, 0.4941183543205261, 0.4632715025544167, 0.55023790538311, 0.526666434109211, 0.4664656800031662, 0.5204562032222748, 0.4284017114341259, 0.5215694010257721, 0.5716566926240921, 0.5403370869159698, 0.4213069939613342, 0.4173635666072368, 0.532646915614605, 0.4160066825151443, 0.464052671790123, 0.4798722791671753, 0.4618947477638721, 0.400444365888834, 0.4963461342453956, 0.4446382513642311, 0.4642688351869583, 0.4646369430422783, 0.558405727148056, 0.5386243504285813, 0.4710751524567604, 0.4306314432621002, 0.5160116165876388, 0.4333096152544021, 0.4130689457058906, 0.5205627274513245, 0.51628921687603, 0.4769379130005836, 0.4719626772403717, 0.5537025356292724, 0.5765368697047234, 0.4149282273650169, 0.5036087858676911, 0.6340736877918244, 0.4507231974601746, 0.4138745030760765, 0.5401865673065186, 0.4421063131093979, 0.4840756261348724, 0.4836301654577255, 0.665015811920166, 0.4965951883792877, 0.4151458764076233, 0.441260672211647, 0.442453952729702, 0.5001251763105392, 0.6142725616693496, 0.5984288072586059, 0.5925243145227432, 0.5299092322587967, 0.7222034859657288, 0.7286781734228134, 0.4626719617843628, 0.5559987723827362, 0.4260230585932731, 0.6010787534713745, 0.6347197717428208, 0.5258494365215302, 0.4031769644469022, 0.435603691637516, 0.5360452115535737, 0.5937710916996002, 0.4798622831702232, 0.4353739936649799, 0.4278849172592163, 0.5911855834722519, 0.6050253766775131, 0.6636801546812058, 0.5676283103227615, 0.4804392099380493, 0.4218384513258934, 0.5620732933282853, 0.4019472730159759, 0.5881549447774888, 0.518967524766922, 0.6315752059221268, 0.6442862719297409, 0.5181482505798339, 0.4330676881596446, 0.5136894950270653, 0.4036400827765465, 0.4137519328296185, 0.5573799192905426, 0.7644843035936355, 0.4399674868583679, 0.4391391476988792, 0.5247530624270439, 0.4440753841400146, 0.4724070165090961, 0.4467496722191572, 0.4820785804092884, 0.4535986796021461, 0.6014602589607239, 0.4094546201825142, 0.4074733035266399, 0.4891704156994819, 0.4542811661958694, 0.4432432386279106, 0.6115465176105499, 0.514574806690216, 0.4133979901671409, 0.41089050963521, 0.5262716120481491, 0.4668991948664188, 0.421595998853445, 0.4169235514104366, 0.6312593615055084, 0.4389268198609352, 0.5174707835912704, 0.4412612301111221, 0.5568418604135513, 0.4618993511795997, 0.4477955719828606, 0.471008303463459, 0.4461172702908516, 0.4383329057693481, 0.499070750772953, 0.4510622864961624, 0.5767579156160355, 0.463410932123661, 0.4851031133532524, 0.5211291390657425, 0.4189549914002418]",0.5028739225395766
10798,CNC1=CC=C(F)C(Cl)=C1,10,"[25, 26, 159, 162, 180, 621, 789, 1850, 1873, 1875, 1877, 1881, 1897, 1901, 2754, 2847, 2855, 2865, 3038, 3068, 3502, 3557, 3626, 3665, 3783, 3833, 3842, 3865, 3932, 3945, 3994, 4269, 4392, 4396, 4431, 4604, 4605, 4606, 4630, 4701, 5958, 6114, 6278, 6293, 6295, 6297, 6299, 6310, 6717, 6799, 6804, 6808, 7243, 7274, 7280, 7297, 7339, 7346, 7360, 7374, 7415, 8063, 8099, 8346, 8730, 8783, 8873, 8980, 9254, 9554, 10150, 10153, 10162, 10186, 10190, 10200, 10207, 10217, 10229, 10264, 10271, 10327, 10840, 10846, 10878, 10891, 10916, 10953, 10964, 10971, 10981, 11113, 11153, 11580, 11583, 11585, 11857, 12032, 12113, 12123, 12304, 12319, 12406, 12438, 12439, 12440, 12441, 12645, 12646, 12674, 13104, 13105, 13106, 13107, 13108, 13109, 13110, 13126, 13146, 13149, 13150, 13254, 13330, 13614, 14144, 14206, 14217, 14319, 14322, 14325, 14380, 14870, 15040, 15112, 15291, 15304, 15305, 15830, 16448, 16470, 16552, 16553, 16606, 16653, 16662, 16685, 17109, 17167, 17168, 17171, 18654, 18655, 18777, 19118, 19267, 19285, 19989, 19992, 20002, 20070, 20320, 20343, 20344, 20587, 20620, 20684, 21067, 21068, 21580, 21619, 22014, 22018, 22024, 22029, 22033, 22656, 22941, 23176, 23201, 23325, 23326, 23333, 23356, 23365, 23366, 23367, 23617, 23851, 24393, 24395, 24405, 24529, 24533, 24534, 24539, 24572, 24659, 24660, 24703, 24708, 24727, 24728, 24932, 24942, 24951, 24952, 24954, 25006]",208,0.2610926619172096,"[0.5087220023572445, 0.4219947123527527, 0.4802468192577362, 0.4994816136360168, 0.5270452889800071, 0.4503466570377349, 0.5851235947012902, 0.5089774298667907, 0.408605215549469, 0.4727224010229111, 0.6859194546937942, 0.4652958023548126, 0.4307478627562522, 0.4219080674648285, 0.4748953038454055, 0.53400959700346, 0.6040002113580704, 0.4100776533782482, 0.4970813331007957, 0.5506812852621078, 0.5360528329014778, 0.4226883882284164, 0.4524389410018921, 0.6581386286020279, 0.4369981977343559, 0.4494911713898182, 0.4522778129577636, 0.408157487809658, 0.4258872333168984, 0.4474538958072662, 0.4822728312015533, 0.4072634914517403, 0.430605388879776, 0.4451299920678139, 0.4007825249433517, 0.5955954140424728, 0.4226883855462074, 0.5360528346896172, 0.4714632776379585, 0.6644016253948212, 0.5516791939735413, 0.494976618885994, 0.5089774265885353, 0.408605215549469, 0.4727224010229111, 0.6859194487333298, 0.4652958023548126, 0.4219080674648285, 0.4748953089118004, 0.5340095975995064, 0.6040002125501632, 0.4100776509940624, 0.4369981953501701, 0.4494911752641201, 0.452277812063694, 0.4081574872136116, 0.4258872309327126, 0.4474538958072662, 0.4864869916439056, 0.4822728359699249, 0.4794016927480697, 0.4526028391718864, 0.418326164484024, 0.4079703202843666, 0.4609808555245399, 0.45583715736866, 0.4040444096922874, 0.6470576804876328, 0.4743258885294199, 0.495335057079792, 0.5386492091417313, 0.5526871645450592, 0.5580622673034668, 0.5252758693695069, 0.5304275441169739, 0.4918737071752548, 0.5388254195451736, 0.63161108314991, 0.6839906686544418, 0.5730213105678559, 0.539622174501419, 0.4524389401078224, 0.4651649051904678, 0.4777326449751854, 0.4743425041437149, 0.6340216666460037, 0.5683749151229859, 0.4264881747961044, 0.5077041494846344, 0.4954642558097839, 0.4459821084141731, 0.4868156689405441, 0.4993407420814037, 0.5366132235527039, 0.6581386291980743, 0.5260584551095963, 0.4783238279819488, 0.4717645409703255, 0.4971102088689804, 0.4615778258442878, 0.5506812828779221, 0.4970813301205635, 0.5930465143918991, 0.4299477136135101, 0.515960254073143, 0.4853086000680923, 0.4592783600091934, 0.425744871199131, 0.4186481745541096, 0.4084055408835411, 0.6313009965419769, 0.5560394901037217, 0.6370246070623398, 0.4923049709200859, 0.4788457483053207, 0.6216437101364136, 0.6211048176884651, 0.6099908715486526, 0.5544742840528488, 0.4141426029801369, 0.5094436925649642, 0.4025293543934822, 0.5229545778036118, 0.4080229733511805, 0.67768519282341, 0.4317625653743744, 0.4762721872329712, 0.610306646823883, 0.6230913972854615, 0.4030169770121574, 0.408127052038908, 0.4660529766231775, 0.4260761004686355, 0.6039487248659134, 0.4073453640937805, 0.4404604879021644, 0.4396608081459999, 0.4076179537177086, 0.5047037360072136, 0.6377080652117729, 0.6854133313894272, 0.4395866110920906, 0.4395789986848831, 0.4802468168735504, 0.4072634923458099, 0.404888124242425, 0.6503169691562652, 0.4383812654018402, 0.4732255798578262, 0.4899101263284683, 0.5087219956517219, 0.4219947108626365, 0.5270452889800071, 0.4503466570377349, 0.5851235899329186, 0.5881549447774888, 0.4356365993618965, 0.5195221284031868, 0.5794978594779968, 0.4307478627562522, 0.4578800976276397, 0.5727429822087288, 0.532837099134922, 0.6680599159002304, 0.6753834044933319, 0.7166295456886291, 0.4077139160782099, 0.4681497476994991, 0.4156688895821571, 0.5470697158575057, 0.43798868060112, 0.4271001815795898, 0.4448664948344231, 0.4568905615806579, 0.4204986211657524, 0.4213961689174175, 0.509739771783352, 0.6291768676042557, 0.6172361248731613, 0.490068010687828, 0.4608320558071136, 0.4695678144693375, 0.5146820288896561, 0.4781459899246693, 0.4180811497569084, 0.404112705886364, 0.473405476808548, 0.4002718125283718, 0.4306053876876831, 0.4007825234532356, 0.4451299911737442, 0.4978609582781791, 0.5127479374408722, 0.4502982753515243, 0.4923721078038215, 0.4236675822734833, 0.4767214864492416, 0.48406289935112, 0.4748251733183861, 0.4874999630451202, 0.4356566774845123, 0.4561746194958687, 0.5030044347047806, 0.4312088364362716, 0.4102030292153358, 0.4512211954593658, 0.4866092330217361, 0.456694968342781]",0.4944043689441437
2847,CC(=O)NCC1=CC=C(Cl)C(Cl)=C1,13,"[78, 81, 557, 558, 569, 570, 572, 573, 1401, 1418, 2091, 2354, 2380, 2984, 2985, 2988, 2995, 2996, 3004, 3009, 3011, 3014, 3032, 3033, 3034, 3040, 3045, 3067, 3074, 3078, 3079, 3080, 3082, 3085, 3086, 3088, 3089, 4631, 4632, 4650, 4653, 4725, 4748, 4966, 7836, 7837, 7838, 7840, 8374, 8375, 8376, 8496, 8612, 8613, 8614, 8615, 8616, 8667, 11290, 11336, 11563, 11564, 11571, 11848, 11859, 11860, 11865, 11870, 11881, 11888, 11889, 11900, 11929, 11965, 11971, 12189, 12190, 12193, 12194, 12195, 12199, 12205, 12207, 12208, 12215, 12217, 12222, 12223, 12227, 12230, 12231, 12233, 12244, 12248, 12252, 12254, 12255, 12258, 12260, 12267, 12324, 12372, 12413, 12416, 12492, 13417, 13418, 13419, 13474, 13502, 13517, 13518, 13519, 13778, 13937, 15339, 15340, 15341, 15342, 15343, 15344, 15819, 16240, 16690, 17555, 18446, 18478, 18695, 18698, 19062, 19063, 19076, 19077, 19079, 19080, 22545, 22893, 23010, 23434, 23614, 23845, 23880, 23881, 23882, 23883, 23884, 23885, 23886, 23887, 23888, 23889, 23890, 23891, 23892, 23893, 23894, 23895, 23896, 24184, 24331]",160,0.3314020337164402,"[0.5706801253557205, 0.6045532840490341, 0.5408713656663895, 0.4606622382998466, 0.5233053585886955, 0.4715398508310318, 0.5436809879541397, 0.5620864629745483, 0.4014577582478523, 0.4111486986279488, 0.4598854601383209, 0.4038553634285927, 0.4202234196662903, 0.5623580086231231, 0.6950897264480591, 0.4392569783329964, 0.5480399245023727, 0.4267838487029076, 0.4467166504263878, 0.4705958233773708, 0.6601440048217774, 0.441321801841259, 0.4477521470189095, 0.5347636213898659, 0.4320610693097114, 0.4328626370429992, 0.7173660999536514, 0.4739945176243782, 0.517064844071865, 0.4173749312758446, 0.450813824236393, 0.4001979541778564, 0.5400703197717667, 0.4995354384183884, 0.4760749715566635, 0.4162759670615196, 0.4156957650184631, 0.5270027387142181, 0.730030557513237, 0.4585521680116653, 0.4162759652733803, 0.5480399227142334, 0.4159560838341713, 0.4765900532901287, 0.4339817821979522, 0.4588739848136902, 0.4464239197969437, 0.4423920354247093, 0.5119393247365952, 0.4249375502765178, 0.453003821671009, 0.42842787951231, 0.5225618582963943, 0.4692592072486877, 0.4761794352531433, 0.444331541955471, 0.4232001155614853, 0.420161699950695, 0.4212492543458939, 0.598461474776268, 0.6007898658514023, 0.467676223218441, 0.4728499433398246, 0.4334888353943825, 0.5125757279992104, 0.4132033529877663, 0.6513575267791748, 0.459885458946228, 0.549281261563301, 0.4993202525377274, 0.401088156402111, 0.4899208760261536, 0.4413217982649803, 0.40385537058115, 0.4202234232425689, 0.4969728019833564, 0.4706378680467605, 0.4001979494094849, 0.6409316807985306, 0.4477521458268165, 0.4328626388311386, 0.5623580062389374, 0.4705958244204521, 0.4739945122599602, 0.6150099045038223, 0.4760749715566635, 0.4173749294877052, 0.4508138236403465, 0.4467166504263878, 0.4684880524873733, 0.6601440060138702, 0.5347636267542839, 0.4267838490009308, 0.4156957644224167, 0.4392569771409034, 0.4320610719919204, 0.499535439312458, 0.5400703212618828, 0.517064846754074, 0.7173661035299301, 0.6950897246599197, 0.4046234840154648, 0.6193759298324585, 0.4101949656009674, 0.5817374122142792, 0.5687424612045288, 0.4645027878880501, 0.4197574211657047, 0.4658679004758596, 0.4698211640119553, 0.5089211991429329, 0.5889600515365601, 0.5286832296848297, 0.4549344107508659, 0.542056859433651, 0.4093033415079117, 0.5216272324323654, 0.4061370575428009, 0.4031900794804096, 0.4255874446034431, 0.4366500523686409, 0.5693324279785156, 0.4543687090277671, 0.4272864553332329, 0.4820506778359413, 0.4058110719919204, 0.4039241242408752, 0.5706801271438598, 0.6045532828569412, 0.540871359705925, 0.4606622377038002, 0.52330536454916, 0.4715398532152176, 0.5436809897422791, 0.5620864599943161, 0.4760474100708961, 0.4014577609300613, 0.4111486980319023, 0.4585019500553608, 0.4172886750102043, 0.4689675253629684, 0.4571514773368835, 0.4772963690757751, 0.4115591779351234, 0.4749714660644531, 0.539012188911438, 0.4214174050092697, 0.4364850571751594, 0.4133610481023788, 0.4047253333032131, 0.4511571967601776, 0.5633697363734246, 0.4996730506420135, 0.6184400343894958, 0.4273226711153984, 0.7250423586368561, 0.5466815602779388, 0.6617140817642212, 0.651972976922989, 0.4412490803003311]",0.49035179439792403
4144,NC(=O)C1=CC=CC(Cl)=C1Cl,11,"[937, 1322, 2121, 2122, 2375, 2413, 2424, 2425, 2426, 2567, 2575, 2584, 2779, 2784, 2837, 2847, 2874, 3115, 3189, 4261, 4263, 5739, 5914, 5915, 5917, 5925, 6383, 6511, 6524, 6625, 6627, 6630, 6632, 6739, 6743, 6799, 6813, 6814, 6892, 6919, 7630, 7634, 7639, 9220, 12363, 12364, 12370, 13729, 15442, 15443, 17741, 17742, 17743, 17744, 17785, 17833, 20106, 20959, 24172, 24173, 24174]",61,0.2573799473047256,"[0.4688309926520742, 0.4711883614957333, 0.4323123413324356, 0.4125998745858669, 0.4158956199884415, 0.4017488738894462, 0.5013332697749138, 0.554861034154892, 0.4132823000848293, 0.6467530143260956, 0.4022812213003635, 0.5664941543340682, 0.4114129035174846, 0.4536542215943336, 0.4098432058095932, 0.53400959700346, 0.4452156874537468, 0.4251077425479889, 0.5260746890306472, 0.4458756440877914, 0.4751183569431305, 0.4132822985947132, 0.4125998766720295, 0.401748868227005, 0.5013332712650299, 0.4098432096838951, 0.4323123410344124, 0.4158956232666969, 0.5548610329627991, 0.6467530113458634, 0.4817209559679031, 0.4022812236845493, 0.5664941591024398, 0.411412905305624, 0.4536542227864265, 0.5340095975995064, 0.5574998393654823, 0.4452156862616539, 0.4251077452301979, 0.5260746896266937, 0.5130131760239601, 0.5061623230576515, 0.464049202799797, 0.4711883592605591, 0.5968489554524422, 0.4154221522808075, 0.40749431848526, 0.4263483461737632, 0.4393244105577469, 0.4476812586188316, 0.5201245668530464, 0.4433537879586219, 0.5156593978404999, 0.4869830684363842, 0.4387465710937976, 0.6652251982688904, 0.4438302397727966, 0.4425146406328713, 0.403069404065609, 0.4209784319996834, 0.426412313580513]",0.47049875060825885
2182,CNC1=CN=C2C=C(Cl)C(Cl)=CC2=N1,14,"[11687, 11688, 11689, 11692, 11694, 11695, 11696, 11697, 11698, 11699, 11700, 11701, 16563, 16564, 16599, 16600, 16601, 16602, 16603, 16604, 16605, 16608, 16613, 19553, 19554, 24601, 24602, 24603, 24609, 24610, 24611, 24612, 24613, 24631, 24632, 24633, 24634, 24635, 24636, 24637, 24638, 24639, 24640, 24641, 24642, 24643, 24644, 24645, 24646, 24647, 24648, 24649, 24650, 24651, 24652]",55,0.4969161182641983,"[0.6016030287742615, 0.5229667621850967, 0.5460811859369278, 0.5689623975753784, 0.46936707675457, 0.5126174312829971, 0.4896487966179847, 0.5008786624670029, 0.479809917807579, 0.5661781293153763, 0.5861724382638931, 0.4042849415540695, 0.496142144203186, 0.5046790093183517, 0.5298614311218262, 0.4809562429785728, 0.4764318013191223, 0.5503344666957856, 0.5691497558355332, 0.555453137755394, 0.5640907377004624, 0.6289980071783066, 0.4951704719662666, 0.5208996325731278, 0.7094916927814484, 0.4622034591436386, 0.5057546281814576, 0.4454847002029419, 0.5691763722896576, 0.600240415930748, 0.6239862889051437, 0.5368552339076996, 0.4434178361296654, 0.5576059377193451, 0.532409228682518, 0.5101418536901474, 0.4740624386072158, 0.4947026726603508, 0.5290345430374146, 0.5392164516448975, 0.4742907583713531, 0.5375866210460662, 0.4777572721242905, 0.5513191908597946, 0.5186275959014892, 0.5403975975513459, 0.5345248806476594, 0.5521760541200638, 0.4619352948665619, 0.4857984799146652, 0.4809336909651756, 0.5171592706441879, 0.5101527523994446, 0.5552799230813981, 0.4854147434234619]",0.5243250088474967
1722,CNC(=O)C1=CC=CC(Cl)=C1O,12,"[94, 95, 96, 97, 98, 99, 165, 1232, 1616, 3183, 3310, 3757, 3929, 3989, 4067, 4672, 4697, 4762, 4763, 5543, 6172, 6173, 6179, 6915, 6980, 7405, 7633, 7877, 7883, 7884, 7896, 10647, 11272, 11675, 11676, 11678, 11707, 15228, 15608, 18709, 18710, 18711, 18712, 18713, 18714, 18715, 18764, 20182, 20955, 22994]",50,0.2703909830749035,"[0.4438670793175697, 0.4926193362474441, 0.5671235758066178, 0.4215570336580276, 0.5086651355028152, 0.4368089993298054, 0.4635156440734863, 0.5014324597502128, 0.5578197503089904, 0.5185030767321587, 0.4267708736658096, 0.5135546514391899, 0.4379259219765663, 0.4263236853480339, 0.4216304939985275, 0.4458185835182667, 0.5135546573996543, 0.5713222634792328, 0.5319717210531235, 0.650185529589653, 0.6469122284650802, 0.6189035499095916, 0.6303498268127441, 0.5185030749440194, 0.4267708748579025, 0.4216304904222488, 0.4673926150798798, 0.6329710233211517, 0.6601940822601319, 0.6235770726203919, 0.6796251982450485, 0.6843829435110093, 0.7063296854496002, 0.4619007742404937, 0.4263236835598946, 0.4379259231686592, 0.5707746347784997, 0.4762197941541671, 0.557819749712944, 0.4438670769333839, 0.4926193362474441, 0.5671235764026642, 0.4934166306257248, 0.4215570318698883, 0.5086651372909546, 0.436809002906084, 0.463515644967556, 0.7621227192878723, 0.5258054701576476, 0.5802972364425659]",0.5239055312168085
793,CS(=O)C1=CC=C(Cl)C(Cl)=C1,11,"[123, 151, 791, 1620, 1621, 1624, 2245, 2251, 2255, 2688, 2695, 2707, 5447, 5449, 5514, 5515, 5516, 5524, 5531, 5625, 6019, 6045, 6197, 6198, 6216, 6681, 6687, 8991, 8994, 9001, 9004, 9092, 9093, 15558, 17482, 17587, 17598, 17601, 17608, 17782, 18022, 18023, 18499, 19269, 20214, 20217, 22838, 24570]",48,0.2723486666381359,"[0.4611801365017891, 0.4816059100627899, 0.7733694469928741, 0.4265666730701923, 0.4664766229689121, 0.5540057808160782, 0.5971011784672737, 0.5470762193202973, 0.5099747839570046, 0.4649521642923355, 0.5974026435613632, 0.6714383894205094, 0.5540057814121246, 0.5348907402157783, 0.5451942580938339, 0.5865100073814392, 0.5470762181282044, 0.4611801373958588, 0.5179020671546459, 0.5974026411771775, 0.4265666736662388, 0.5099747815728187, 0.5222095677256584, 0.6187342834472657, 0.4981686574220657, 0.4649521678686142, 0.6714383882284164, 0.6192826002836227, 0.6431471943855286, 0.7184956037998199, 0.6626081544160843, 0.7116496062278748, 0.6063479623198509, 0.5971011796593666, 0.501649735569954, 0.538471763432026, 0.5036654198169708, 0.5786766797304154, 0.4052453190088272, 0.4892392203211784, 0.5461476039886475, 0.5586159005761147, 0.5137098322808743, 0.7733694446086884, 0.4900617261976003, 0.4664766228199005, 0.4411631698906422, 0.6804537147283554]",0.5552694744663312
9782,CNC(=O)N1CCN(C2=CC=C(Cl)C(Cl)=C2)CC1,18,"[3501, 3527, 3537, 3551, 3598, 3758, 4034, 4139, 4294, 4744, 5942, 6115, 7427, 8838, 8840, 8950, 8953, 8954, 9132, 9133, 9134, 9139, 9140, 12569, 12572, 12573, 12589, 12596, 12598, 13664, 13681, 13686, 13691, 13701, 13768, 13787, 13796, 14933, 14963, 24049, 24235, 24236, 24251, 25012, 25014, 25015, 25016]",47,0.3907158735394478,"[0.62918397128582, 0.6838510239124298, 0.5877173089981079, 0.5926994562149048, 0.6110323560237885, 0.4991083309054375, 0.4951511499285698, 0.5234934428334236, 0.6479872363805771, 0.6291839742660522, 0.4991083332896233, 0.4951511535048485, 0.5234934452176094, 0.4127865643799305, 0.4409168907254934, 0.4840804182738065, 0.4542500925809145, 0.4453530453145504, 0.5399752123653889, 0.439968897998333, 0.453153628706932, 0.5124966688454151, 0.4016500306874513, 0.5926994532346725, 0.5877173089981079, 0.6110323607921601, 0.5497344481945038, 0.5214729711413384, 0.6838510209321975, 0.402202664911747, 0.4185135424137115, 0.4005400344729423, 0.5929293006658554, 0.7278456056118011, 0.5455812621116638, 0.4996116730570793, 0.6601821595430374, 0.6613577198982239, 0.4866848556697368, 0.4941953918337822, 0.4633938357234001, 0.5108969140052796, 0.6479872399568558, 0.551730927824974, 0.5918079775571823, 0.4748824989795684, 0.5527418914437294]",0.5368379934385735
7262,NC(=O)N1CCN(C2=CC=C(Cl)C(Cl)=C2)CC1,17,"[3501, 3527, 3537, 3551, 3598, 3758, 4034, 4139, 4294, 4744, 5942, 6115, 7427, 8838, 8840, 8950, 8953, 8954, 9132, 9133, 9134, 9139, 9140, 12569, 12572, 12573, 12589, 12596, 12598, 13664, 13681, 13686, 13691, 13701, 13768, 13787, 13796, 14933, 14963, 24049, 24235, 24236, 24251, 25012, 25014, 25015, 25016]",47,0.3013876204006374,"[0.62918397128582, 0.6838510239124298, 0.5877173089981079, 0.5926994562149048, 0.6110323560237885, 0.4991083309054375, 0.4951511499285698, 0.5234934428334236, 0.6479872363805771, 0.6291839742660522, 0.4991083332896233, 0.4951511535048485, 0.5234934452176094, 0.4127865643799305, 0.4409168907254934, 0.4840804182738065, 0.4542500925809145, 0.4453530453145504, 0.5399752123653889, 0.439968897998333, 0.453153628706932, 0.5124966688454151, 0.4016500306874513, 0.5926994532346725, 0.5877173089981079, 0.6110323607921601, 0.5497344481945038, 0.5214729711413384, 0.6838510209321975, 0.402202664911747, 0.4185135424137115, 0.4005400344729423, 0.5929293006658554, 0.7278456056118011, 0.5455812621116638, 0.4996116730570793, 0.6601821595430374, 0.6613577198982239, 0.4866848556697368, 0.4941953918337822, 0.4633938357234001, 0.5108969140052796, 0.6479872399568558, 0.551730927824974, 0.5918079775571823, 0.4748824989795684, 0.5527418914437294]",0.5368379934385735
8349,O=C(NC1=CC=C(Cl)C(Cl)=C1)C1=NNC=C1,16,"[2367, 4575, 4633, 4821, 4825, 4918, 4924, 5231, 5568, 5577, 5590, 5667, 5678, 5682, 5717, 8609, 8611, 10918, 11082, 11990, 11997, 12105, 12349, 13413, 13881, 13883, 13893, 13894, 15223, 17200, 17370, 18077, 24511, 24512, 24515]",35,0.274121940433979,"[0.4286526277661323, 0.4757525086402893, 0.4212302154302597, 0.4108230331540107, 0.47036092877388, 0.4472559978067875, 0.4286526319384575, 0.4428732316195964, 0.4390569320321083, 0.455179068595171, 0.50263085141778, 0.4287669748067856, 0.4590936218202114, 0.4374165065586567, 0.4105418109893798, 0.429892013669014, 0.4754012304544449, 0.4848384524881839, 0.4534390079975128, 0.4123068352043628, 0.6656745582818985, 0.4753578506410122, 0.5106267154216766, 0.4479137018322944, 0.4929613536596298, 0.4202030277252197, 0.4394537729024887, 0.4159112310409545, 0.4018948993086815, 0.4411097222566604, 0.6846137458086013, 0.609358538389206, 0.4086606135964393, 0.4087638734281063, 0.5016882205009461]",0.46395303731305254
1757,O=C1C=CN=CN1CC1=CC=C(Cl)C(Cl)=C1,16,"[2281, 3467, 3685, 3921, 4257, 5165, 5487, 7179, 7332, 7873, 7874, 7879, 7880, 7881, 7885, 7888, 7897, 7902, 11063, 11076, 11176, 13835, 15746, 15876, 15880, 15982, 15984, 19599, 19600, 19602, 19603, 20114, 20557, 24318]",34,0.4103896106779575,"[0.4150459939241409, 0.4819687914848327, 0.4196799710392952, 0.4640132147073745, 0.4286549603939056, 0.4819687914848327, 0.4150459939241409, 0.4196799710392952, 0.4640132147073745, 0.7494347041845322, 0.5084044238924981, 0.4032657411694527, 0.4420784148573875, 0.4483348000049591, 0.5565140932798386, 0.4303387850522995, 0.4913746234774589, 0.4488876238465309, 0.4216440609097481, 0.4363863828778267, 0.4257837387919426, 0.4560589784383774, 0.4326807257533073, 0.4227454647421836, 0.4166894271969795, 0.4088457909226417, 0.4065683963894844, 0.4360629686713219, 0.5212213361263275, 0.4464330169558525, 0.4397034308314323, 0.4286549565196037, 0.6073064202070236, 0.5170137941837311]",0.46154420594082163
10609,NC(=O)NCC1=CC=C(Cl)C(Cl)=C1,13,"[1016, 1242, 1330, 2379, 3008, 3059, 3494, 3522, 3553, 3568, 4595, 4603, 4950, 5939, 8679, 12076, 12192, 12242, 12253, 12588, 12595, 13689, 13690, 13692, 13711, 13766, 13786, 13795, 14084, 15367, 15370, 15372, 20401]",33,0.4102250449359417,"[0.4627661910653114, 0.5513609951734543, 0.4181335090100765, 0.6197403913736343, 0.5724799007177352, 0.7757357901334763, 0.4134897468984127, 0.4178652015328407, 0.4346325725317001, 0.4197617152333259, 0.4134897534549236, 0.4178651985526085, 0.5426298967003822, 0.5345481595396996, 0.4366201514005661, 0.6197403877973556, 0.7757357794046402, 0.5724798989295959, 0.6153998363018036, 0.4197617122530937, 0.4346325719356537, 0.5695597547292709, 0.510519708096981, 0.7040671110153198, 0.4044619739055634, 0.5971736454963684, 0.4249395397305489, 0.6514932978153228, 0.4227162507176399, 0.4627661970257759, 0.5513610005378723, 0.4181335087120533, 0.4503931468725204]",0.516256196805925
9847,CNC1=NC2=CC(Cl)=CC=C2S1,12,"[524, 3196, 3485, 3614, 3618, 3624, 3627, 3649, 3651, 4705, 5843, 5844, 5845, 5846, 5847, 5848, 6922, 7126, 7133, 7152, 7154, 8572, 11672, 16489, 16634, 17385, 17453, 19034, 19563]",29,0.2525312108360231,"[0.4589823886752128, 0.4214110358059406, 0.5164267581701278, 0.6465003502368927, 0.5031646749377251, 0.5573132127523422, 0.5422377640008926, 0.4148211973905563, 0.5702608686685562, 0.5573132067918778, 0.5435388332605362, 0.4443586661666632, 0.6465003460645675, 0.4872269874811172, 0.4581631481647491, 0.4400556510686874, 0.4214110347628593, 0.5031646725535392, 0.5422377634048462, 0.4148211973905563, 0.5702608692646026, 0.5208474254608154, 0.5164267593622207, 0.4594345027208328, 0.4327303254604339, 0.6196149384975433, 0.520190643966198, 0.4589823868870735, 0.5272097915410996]",0.5074347379623816
13335,CNC(=O)NCC1=CC=C(Cl)C(Cl)=C1,14,"[1016, 1242, 3008, 3059, 3494, 3522, 3553, 3568, 4595, 4603, 4950, 5939, 8679, 12192, 12242, 12253, 12588, 12595, 13689, 13690, 13692, 13711, 13766, 13786, 13795, 14084, 15367, 15370, 20401]",29,0.3788974423706531,"[0.4627661910653114, 0.5513609951734543, 0.5724799007177352, 0.7757357901334763, 0.4134897468984127, 0.4178652015328407, 0.4346325725317001, 0.4197617152333259, 0.4134897534549236, 0.4178651985526085, 0.5426298967003822, 0.5345481595396996, 0.4366201514005661, 0.7757357794046402, 0.5724798989295959, 0.6153998363018036, 0.4197617122530937, 0.4346325719356537, 0.5695597547292709, 0.510519708096981, 0.7040671110153198, 0.4044619739055634, 0.5971736454963684, 0.4249395397305489, 0.6514932978153228, 0.4227162507176399, 0.4627661970257759, 0.5513610005378723, 0.4503931468725204]",0.5158864378518071
11512,O=C(NC1=CC=C(Cl)C(Cl)=C1)N1CCNCC1,17,"[130, 256, 2081, 2090, 2212, 2384, 2586, 3294, 3859, 4059, 4568, 4729, 5176, 5719, 5873, 6075, 6633, 7743, 9526, 9527, 11029, 11863, 11866, 14967, 18853, 20198, 23474, 25013]",28,0.2685408020019531,"[0.6824311089515686, 0.4966873130202293, 0.5092940518260002, 0.6068212550878525, 0.5900820225477219, 0.4803303620219231, 0.6562338936328888, 0.4481448826193809, 0.6741007673740387, 0.4714991417527199, 0.6741007739305496, 0.4560960739850997, 0.6824311089515686, 0.4885199204087257, 0.4714991411566734, 0.4481448805332184, 0.6562338948249817, 0.653161181807518, 0.545765332877636, 0.4803303638100624, 0.5900820231437683, 0.6068212562799453, 0.5092940530180932, 0.7055012661218644, 0.4966873177886009, 0.7120302176475525, 0.5277896672487259, 0.4167681938409805]",0.5620314809360674
12219,C=CC1=CC=CC(Cl)=C1O,10,"[2061, 2067, 2069, 2678, 6371, 6372, 6430, 6675, 8820, 8821, 8864, 10768, 16317, 16361, 17194, 17399, 17403, 17406, 17457]",19,0.3149677258729935,"[0.4892721775174141, 0.5092209559679032, 0.4739859145879745, 0.6316878736019135, 0.5092209565639496, 0.4739859169721603, 0.4363764655590057, 0.6316878759860992, 0.4711638659238815, 0.4088908398151398, 0.489272178709507, 0.4382490161061287, 0.4012148861587047, 0.4205120095610619, 0.4061647768318653, 0.4723113751411438, 0.4004248555004597, 0.4060727643966675, 0.6295176875591278]",0.4789069680242161
2380,ClC1=CN=CC(Cl)=C1N1CCNCC1,14,"[651, 769, 770, 771, 772, 773, 774, 19141, 19246, 19247, 19248, 19249, 19250, 19251]",14,0.265868831994012,"[0.477789567001164, 0.5479115984588862, 0.6359646819531918, 0.4390533988922834, 0.5296088543534279, 0.6632276582717895, 0.7379792433977127, 0.4777895726636052, 0.5479115936905146, 0.6359646783769131, 0.4390533984452486, 0.5296088510751724, 0.6632276612520218, 0.7379792422056198]",0.5759335714312537
13757,C[C@H]1NC(=O)[C@@H](C)NC1=O,10,"[942, 982, 1121, 1148, 1367, 1379, 15540, 15541, 15543, 15703, 15708, 21070, 23545]",13,0.3028159414840229,"[0.4040528696775436, 0.503449187297374, 0.4696349717304111, 0.4444208767684177, 0.5169022123888135, 0.4754822099208832, 0.5719349669292569, 0.4754822099208832, 0.4696349782869219, 0.4648662383109331, 0.5497574833035469, 0.5418230736255646, 0.5404871497675776]",0.4944560329175483
13758,CC1NC(=O)[C@@H](C)NC1=O,10,"[942, 982, 1121, 1148, 1367, 1379, 15540, 15541, 15543, 15703, 15708, 21070, 23545]",13,0.2812652576372784,"[0.4040528696775436, 0.503449187297374, 0.4696349717304111, 0.4444208767684177, 0.5169022123888135, 0.4754822099208832, 0.5719349669292569, 0.4754822099208832, 0.4696349782869219, 0.4648662383109331, 0.5497574833035469, 0.5418230736255646, 0.5404871497675776]",0.4944560329175483
13759,CC1NC(=O)C(C)NC1=O,10,"[942, 982, 1121, 1148, 1367, 1379, 15540, 15541, 15543, 15703, 15708, 21070, 23545]",13,0.269125476408808,"[0.4040528696775436, 0.503449187297374, 0.4696349717304111, 0.4444208767684177, 0.5169022123888135, 0.4754822099208832, 0.5719349669292569, 0.4754822099208832, 0.4696349782869219, 0.4648662383109331, 0.5497574833035469, 0.5418230736255646, 0.5404871497675776]",0.4944560329175483
6544,FC1=CC=CC=C1N1CCN(C2=CC=NC=C2)CC1,19,"[19870, 19871, 19890, 19894, 19895, 19898, 19899, 19916, 20030, 20121, 24525, 24712]",12,0.4372001615166664,"[0.4391183352470398, 0.4446858912706375, 0.575253090262413, 0.5432934337854385, 0.4129987412691116, 0.4561566779017448, 0.4907323709130287, 0.4288458804786205, 0.4425791716575623, 0.4639420935511589, 0.5597329032421112, 0.4154180788993835]",0.4727297223731875
9685,OCCN1CCN(C2=CC=C(Cl)C(Cl)=C2)CC1,17,"[13927, 13985, 13986, 18288, 23610, 24298, 24304, 24306, 24312, 24330, 24341]",11,0.3405817988887429,"[0.5040047323703766, 0.760547571182251, 0.7074138385057449, 0.4247944836318493, 0.7002420973777771, 0.66251520216465, 0.7500340837240219, 0.7101408016681671, 0.7302052026987076, 0.6825952899456024, 0.6763283854722977]",0.6644383353401314
8357,CCS(=O)(=O)C1=CC=C(Cl)C(Cl)=C1,13,"[1620, 1621, 5531, 6019, 17587, 17598, 18022, 18023, 20214, 20217]",10,0.2510010492522269,"[0.4265666730701923, 0.4664766229689121, 0.5179020671546459, 0.4265666736662388, 0.538471763432026, 0.5036654198169708, 0.5461476039886475, 0.5586159005761147, 0.4900617261976003, 0.4664766228199005]",0.4940951073691249
8138,CC(CO)N1CCN(C2=CC=C(Cl)C(Cl)=C2)CC1,18,"[13927, 13985, 13986, 23610, 24298, 24304, 24306, 24312, 24330, 24341]",10,0.328769962862134,"[0.5040047323703766, 0.760547571182251, 0.7074138385057449, 0.7002420973777771, 0.66251520216465, 0.7500340837240219, 0.7101408016681671, 0.7302052026987076, 0.6825952899456024, 0.6763283854722977]",0.6884027205109596
2260,O=C(NC1=CC=C(Cl)C(Cl)=C1)C1=CNN=C1,16,"[4429, 4916, 8098, 8101, 11991, 12099, 12417, 21239, 24516, 24517]",10,0.2872919791936874,"[0.4414520874619484, 0.4339352713525295, 0.5511239206790924, 0.6387316673994065, 0.4217852534353733, 0.4414520815014839, 0.4244934731721878, 0.5524299442768097, 0.416181753128767, 0.4592003045976162]",0.4780785757005215
1735,O=C(O)CN1CCN(C2=CC=C(Cl)C(Cl)=C2)CC1,18,"[13927, 13985, 13986, 23610, 24298, 24304, 24306, 24312, 24330, 24341]",10,0.3750350569188594,"[0.5040047323703766, 0.760547571182251, 0.7074138385057449, 0.7002420973777771, 0.66251520216465, 0.7500340837240219, 0.7101408016681671, 0.7302052026987076, 0.6825952899456024, 0.6763283854722977]",0.6884027205109596
7578,CNC1=CC=CC(Cl)=C1N1CCOCC1,15,"[3722, 3723, 3724, 4698, 4699, 11677, 19413, 19494, 25019]",9,0.2536650367081165,"[0.4186316910386085, 0.4712599617242813, 0.5063952088356019, 0.4186316928267479, 0.5063952112197876, 0.4712599587440491, 0.4291214661300182, 0.412582623809576, 0.4212992106378078]",0.4506196694407198
5237,O=C(NCC1=CC=C(Cl)C=C1)C1=CC=CC=C1O,18,"[2988, 3004, 3088, 3089, 4631, 4653, 12227, 12248, 12252]",9,0.3722177068889141,"[0.4392569783329964, 0.4467166504263878, 0.4162759670615196, 0.4156957650184631, 0.5270027387142181, 0.4162759652733803, 0.4467166504263878, 0.4156957644224167, 0.4392569771409034]",0.4403214952018526
2131,O=C(NCC1=CC=CC(Cl)=C1)C1=CC=CC=C1O,18,"[2988, 3004, 3088, 3089, 4631, 4653, 12227, 12248, 12252]",9,0.2739362108707428,"[0.4392569783329964, 0.4467166504263878, 0.4162759670615196, 0.4156957650184631, 0.5270027387142181, 0.4162759652733803, 0.4467166504263878, 0.4156957644224167, 0.4392569771409034]",0.4403214952018526
72,C[C@@H](O)C(=O)NCC1=CC=C(Cl)C(Cl)=C1,15,"[2984, 2995, 3045, 3086, 4725, 12205, 12217, 12267, 12413]",9,0.331928696334362,"[0.5623580086231231, 0.5480399245023727, 0.7173660999536514, 0.4760749715566635, 0.5480399227142334, 0.5623580062389374, 0.4760749715566635, 0.7173661035299301, 0.6193759298324585]",0.5807837709453371
71,CC(O)C(=O)NCC1=CC=C(Cl)C(Cl)=C1,15,"[2984, 2995, 3045, 3086, 4725, 12205, 12217, 12267, 12413]",9,0.3800401949882507,"[0.5623580086231231, 0.5480399245023727, 0.7173660999536514, 0.4760749715566635, 0.5480399227142334, 0.5623580062389374, 0.4760749715566635, 0.7173661035299301, 0.6193759298324585]",0.5807837709453371
10684,ClC1=CC=C2C(N3CCNCC3)=CC=NC2=C1,17,"[294, 2856, 3602, 4618, 5187, 8851, 10431, 12560, 17316]",9,0.2890428850799799,"[0.557713752090931, 0.4243294122815132, 0.4316431121528148, 0.5688646447658539, 0.557713752090931, 0.4628481242060661, 0.4243294087052345, 0.4316431121528148, 0.667022106051445]",0.5029008249441783
3189,CNC1CCN(C2=CC=C(Cl)C=C2)CC1,15,"[835, 962, 1212, 1227, 13997, 15701, 20991, 20993]",8,0.2776768543571233,"[0.5347295095026493, 0.4828031149506568, 0.4990627178549766, 0.5412856760621071, 0.5347295117378235, 0.4828031131625175, 0.4990627163648605, 0.5412856772542]",0.5144702546112239
14043,C=CC1=CC=C(O)C(Cl)=C1,10,"[2400, 2885, 2892, 6516, 6825, 10766, 20095]",7,0.3036792375147342,"[0.4661824744939804, 0.4511286318302154, 0.4411089468002319, 0.4661824738979339, 0.4411089468002319, 0.4545184057950973, 0.4511286300420761]",0.453051215665681
10400,CC(NC(=O)C1=CN(C)C=CC1=O)C1=CC=CC=C1Cl,20,"[797, 897, 1176, 15014, 23268, 23285, 23297]",7,0.2713111350685358,"[0.4264940197020769, 0.4621547953784465, 0.4462650652229786, 0.4621547950804233, 0.4264940200001001, 0.4475278751552105, 0.4462650699913502]",0.445336520075798
10475,CNC1=CC=CC(Cl)=C1F,10,"[1082, 1169, 8058, 14897, 15272, 22027, 22448]",7,0.308216391056776,"[0.431137957200408, 0.5007014323771, 0.421696738153696, 0.548830748796463, 0.4311379527300596, 0.4060045373439789, 0.4953422245383262]",0.4621216558771474
4223,NC(=O)C1=CSC(C2=CC=C(C(F)(F)F)C=C2)=N1,18,"[930, 966, 4521, 15711, 20798, 21013, 21200]",7,0.274651608094573,"[0.4165048190951347, 0.4072804373502731, 0.6352039676904678, 0.407280438542366, 0.4165048140287399, 0.4632238435745239, 0.7089009141921997]",0.4935570334962435
7895,C[C@H]1NC(=O)[C@@H](C2=CC=CC=C2)NC1=O,15,"[942, 982, 1148, 1367, 15540, 15703, 15708]",7,0.2663235736405477,"[0.4040528696775436, 0.503449187297374, 0.4444208767684177, 0.5169022123888135, 0.5719349669292569, 0.4648662383109331, 0.5497574833035469]",0.4936262620965551
7896,C[C@H]1NC(=O)C(C2=CC=CC=C2)NC1=O,15,"[942, 982, 1148, 1367, 15540, 15703, 15708]",7,0.2585016515851021,"[0.4040528696775436, 0.503449187297374, 0.4444208767684177, 0.5169022123888135, 0.5719349669292569, 0.4648662383109331, 0.5497574833035469]",0.4936262620965551
4711,O=C(NCC1=CC=C(Cl)C=C1)C1=CC=C(O)C=C1,18,"[2996, 3078, 3089, 12222, 12244, 12248]",6,0.2653371457010507,"[0.4267838487029076, 0.4173749312758446, 0.4156957650184631, 0.4173749294877052, 0.4267838490009308, 0.4156957644224167]",0.4199515146513781
2133,O=C(NC1=CC=C(F)C(Cl)=C1)C1=NOC=C1,16,"[4392, 4396, 4431, 24393, 24395, 24405]",6,0.2525898542255163,"[0.430605388879776, 0.4451299920678139, 0.4007825249433517, 0.4306053876876831, 0.4007825234532356, 0.4451299911737442]",0.42550596803426743
553,CNC1=CC(C(N)=O)=C(Cl)C=C1Cl,13,"[1909, 1955, 2018, 4932, 6345, 8408]",6,0.3060172018408775,"[0.4133612851798534, 0.406298566609621, 0.4232038185000419, 0.4133612857758998, 0.4232038208842277, 0.4062985651195049]",0.41428789034485813
4158,ClC1=CC=CC2=C(N3CCNCC3)C=CN=C12,17,"[499, 502, 2856, 10431, 19016, 19019]",6,0.3776977155357599,"[0.4352151390910148, 0.4286818078160286, 0.4243294122815132, 0.4243294087052345, 0.4352151402831077, 0.4286818099021912]",0.42940878634651497
12593,ClC1=CC=C(NCC2=NNC=N2)C=C1Cl,15,"[3323, 4580, 4915, 15382, 16902, 18453]",6,0.2858338939398527,"[0.4765367336571217, 0.4765367362648248, 0.4699626386165619, 0.4267574083805084, 0.5263626879453659, 0.6099434113502502]",0.4976832693691055
3545,O=C1C=CC=NN1CC1=CC=C(Cl)C(Cl)=C1,16,"[4415, 9302, 17685, 17852, 17954]",5,0.4101667758822441,"[0.4107031413912773, 0.4107031390070915, 0.4751493960618972, 0.5536551660299301, 0.4374314537644386]",0.457528459250927
4214,O=C(O)C1=CC=CN(CC2=CC=C(Cl)C=C2)C1=O,18,"[5146, 7731, 18114, 18298, 20109]",5,0.2578184549510479,"[0.531922092139721, 0.5967229562997818, 0.4022301572561264, 0.4589233934879303, 0.4252943789958954]",0.48301859563589106
7319,O=C(NCC1=CC=C(Cl)C(Cl)=C1)C1=NNC=C1,17,"[8612, 8613, 8614, 8615, 8616]",5,0.2907886102795601,"[0.5225618582963943, 0.4692592072486877, 0.4761794352531433, 0.444331541955471, 0.4232001155614853]",0.4671064316630364
5783,FC1=CC=C(N2CCN(C3=CC=NC=C3)CC2)C=C1,19,"[19831, 19858, 19888, 19893, 24527]",5,0.2668332143872976,"[0.4350818549096584, 0.4716617375612258, 0.5150078131258488, 0.4437172617018223, 0.4802009119093418]",0.46913391584157943
772,FC(F)(F)C1=CC=C2C(N3CCNCC3)=CC=NC2=C1,20,"[814, 20998, 24525, 24526, 24527]",5,0.5570532983541489,"[0.5696289074420929, 0.5696289110183715, 0.5597329032421112, 0.5012270128726959, 0.4802009119093418]",0.5360837292969227
9043,CCNC(=O)NCC1=CC=C(Cl)C(Cl)=C1,15,"[1016, 1242, 15367, 15370]",4,0.3209228084981441,"[0.4627661910653114, 0.5513609951734543, 0.4627661970257759, 0.5513610005378723]",0.5070635959506035
4080,CNC(=O)N1CCOC(C2=CC=C(Cl)C(Cl)=C2)C1,18,"[1374, 1377, 8930, 15285]",4,0.4249471254646778,"[0.4307612484693527, 0.4882713350653648, 0.4882713320851326, 0.4307612478733063]",0.4595162908732891
1303,CC1=NN(CC2=CC=C(Cl)C(Cl)=C2)C(=O)C=C1,17,"[4415, 9302, 17685, 17852]",4,0.301956559382379,"[0.4107031413912773, 0.4107031390070915, 0.4751493960618972, 0.5536551660299301]",0.4625527106225491
10231,CNC1=NC=C(Cl)S1,8,"[4066, 5962, 20471, 20488]",4,0.2659473353950307,"[0.4164746729284524, 0.4164746735244989, 0.4290072989463806, 0.5278932783007622]",0.44746248092502355
4612,CC1=CN=CC=C1N1CCN(C2=CC=CC=C2)CC1,19,"[18067, 24525, 24526, 24527]",4,0.2874409160763025,"[0.5171751563251018, 0.5597329032421112, 0.5012270128726959, 0.4802009119093418]",0.5145839960873126
10914,C=CC1=CC(O)=CC=C1Cl,10,"[2645, 6564, 6654, 9023]",4,0.3205551099777222,"[0.6173505204916, 0.4626149147748947, 0.6173505222797394, 0.6293734228610992]",0.5816723451018333
9765,CN1C=C(C(=O)NC2=CC(Cl)=CC(Cl)=C2)C=CC1=O,19,"[17470, 18426, 18432, 18483]",4,0.2637391535937786,"[0.5333987316489219, 0.5747542268037796, 0.6603565031290054, 0.6262695130705833]",0.5986947436630725
2372,ClC1=CC=C(N2CCC(N[C@H]3CCOC3)CC2)C=C1,19,"[1212, 1227, 20991, 20993]",4,0.326294360384345,"[0.4990627178549766, 0.5412856760621071, 0.4990627163648605, 0.5412856772542]",0.520174196884036
2373,ClC1=CC=C(N2CCC(NC3CCOC3)CC2)C=C1,19,"[1212, 1227, 20991, 20993]",4,0.3399633946409449,"[0.4990627178549766, 0.5412856760621071, 0.4990627163648605, 0.5412856772542]",0.520174196884036
12641,CN1C=CC(=O)C(C(=O)NC2=C(Cl)C(Cl)=CC=C2)=C1,19,"[10533, 10536, 10629, 10684]",4,0.4003141540288925,"[0.4638438329100608, 0.4620852553844451, 0.4556772553920746, 0.4752454787492752]",0.464212955608964
8496,CNC1=CC(Cl)=CC=C1N1CCOCC1,15,"[3478, 7061, 18559, 19458]",4,0.2502545341476798,"[0.5009622490406036, 0.500962245464325, 0.6347197717428208, 0.4761198377609253]",0.5281910260021687
9919,CN1C=CC=C(C(=O)NC2=CC(Cl)=CC(Cl)=C2)C1=O,19,"[17466, 18121, 18210, 18487]",4,0.254174159169197,"[0.6186742585897446, 0.469573263823986, 0.5625948137044907, 0.4669680148363113]",0.5294525877386331
4069,CN(C)C(=O)NCC1=CC=C(Cl)C(Cl)=C1,15,"[1016, 1242, 15367, 15370]",4,0.2633972310274839,"[0.4627661910653114, 0.5513609951734543, 0.4627661970257759, 0.5513610005378723]",0.5070635959506035
9566,CC1COCC1NC1CCN(C2=CC=C(Cl)C=C2)CC1,20,"[1212, 1227, 20991, 20993]",4,0.3804266499727964,"[0.4990627178549766, 0.5412856760621071, 0.4990627163648605, 0.5412856772542]",0.520174196884036
8025,CN1C=CC(C(=O)NC2=CC=C(Cl)C(Cl)=C2)=N1,17,"[2367, 4821, 4924, 18077]",4,0.3511191016435623,"[0.4286526277661323, 0.4108230331540107, 0.4286526319384575, 0.609358538389206]",0.4693717078119516
3889,O=C(NCC1=CC=C(Cl)C(Cl)=C1)C1=CNN=C1,17,"[4748, 12416, 16690, 18446]",4,0.2860610201954842,"[0.4159560838341713, 0.4101949656009674, 0.4272864553332329, 0.4058110719919204]",0.414812144190073
3733,O=C(O)C1=CC=CN(CC2=CC=C(Cl)C(Cl)=C2)C1=O,19,"[5146, 7731, 18114, 18298]",4,0.5319220960140228,"[0.531922092139721, 0.5967229562997818, 0.4022301572561264, 0.4589233934879303]",0.4974496497958899
10011,OC1=CC=C(C2=CC=C(N3CCOCC3)C=C2)C=C1,19,"[872, 1049, 21140, 22228]",4,0.3278446906805038,"[0.5498142552375793, 0.5701411759853363, 0.5498142558336258, 0.570141173005104]",0.5599777150154114
668,NC(=O)N1CCOC(C2=CC=C(Cl)C(Cl)=C2)C1,17,"[1374, 1377, 8930, 15285]",4,0.3725800387188792,"[0.4307612484693527, 0.4882713350653648, 0.4882713320851326, 0.4307612478733063]",0.4595162908732891
12400,CN1C=CN(CC2=CC=C(Cl)C(Cl)=C2)C1=O,16,"[2442, 4662, 17550, 18364]",4,0.3222581659257412,"[0.4075111731886863, 0.4075111731886863, 0.4759528893232345, 0.4150538617372513]",0.42650727435946456
11859,C=CC1=CC=C(Cl)C(O)=C1,10,"[2645, 6654, 9023]",3,0.2590840195119381,"[0.6173505204916, 0.6173505222797394, 0.6293734228610992]",0.6213581552108128
13008,CNC1=NC=C(Cl)C=C1Cl,10,"[8477, 17093, 17170]",3,0.2762356239557266,"[0.6012535583972931, 0.4409192532300949, 0.6065203076601029]",0.5495643730958303
12486,CC1OC(=O)N(C)C1=O,9,"[568, 5361, 19075]",3,0.3791191836446523,"[0.4074743843078613, 0.443530378267169, 0.4074743841588497]",0.41949304891129335
7198,CN1C=CC(C(=O)NC2=CC=CC(Cl)=C2Cl)=N1,17,"[3192, 4929, 4931]",3,0.2891204062104225,"[0.4335188922286033, 0.6815691345930099, 0.477866330742836]",0.5309847858548165
7039,CN1C=CC(NC(=O)C2=CC=C(Cl)C(Cl)=C2)=N1,17,"[24187, 24194, 24195]",3,0.4186186018586159,"[0.4383329057693481, 0.499070750772953, 0.4510622864961624]",0.4628219810128211
13837,CN1C=CC(=O)C(C(=O)NC2=CC=C(Cl)C=C2Cl)=C1,19,"[8055, 8065, 20540]",3,0.282019158937037,"[0.4912249039113521, 0.4681746612489224, 0.5000200040638447]",0.48647318974137305
8475,ClC1=CC=C(CNC2CCNCC2)C=C1Cl,16,"[1874, 6294, 11435]",3,0.2994497905671596,"[0.7176020807027816, 0.7176020807027816, 0.5797903868556022]",0.6716648494203885
11929,C=CC1=C(Cl)C(O)=CC=C1,10,"[2645, 6654, 9023]",3,0.3814060822129249,"[0.6173505204916, 0.6173505222797394, 0.6293734228610992]",0.6213581552108128
14255,O=C(NC1=CC=C(Cl)C(Cl)=C1)N1CCCNCC1,18,"[1423, 22906, 24228]",3,0.3322142325341701,"[0.4369525267183781, 0.436952523291111, 0.6915749251842499]",0.521826658397913
1274,NC1CCN(C2=CC=NC3=C(C(F)(F)F)C=CC=C23)C1,20,"[1109, 9146, 9240]",3,0.3588413794338703,"[0.463497006893158, 0.5413200590014458, 0.4634970092773438]",0.4894380250573158
1273,N[C@@H]1CCN(C2=CC=NC3=C(C(F)(F)F)C=CC=C23)C1,20,"[1109, 9146, 9240]",3,0.253646462932229,"[0.463497006893158, 0.5413200590014458, 0.4634970092773438]",0.4894380250573158
1275,N[C@H]1CCN(C2=CC=NC3=C(C(F)(F)F)C=CC=C23)C1,20,"[1109, 9146, 9240]",3,0.31777457755059,"[0.463497006893158, 0.5413200590014458, 0.4634970092773438]",0.4894380250573158
761,O=S(=O)(CCO)C1=CC=C(Cl)C(Cl)=C1,14,"[17598, 18022, 18023]",3,0.378308605775237,"[0.5036654198169708, 0.5461476039886475, 0.5586159005761147]",0.5361429747939109
2306,FC(F)(F)C1=CC=C2N=CC=C(N3CCNCC3)C2=C1,20,"[5125, 8476, 18067]",3,0.5526058267056942,"[0.4703669887781143, 0.4215382286906242, 0.5171751563251018]",0.4696934579312801
5090,CN1C=C(C(=O)NC2=CC=C(Cl)C(Cl)=C2)C=CC1=O,19,"[564, 19071, 19996]",3,0.4070932704210281,"[0.4944540487229824, 0.4944540412724018, 0.5374138832092286]",0.5087739910682042
10137,O=C1C(F)=CN=CN1CC1=CC=C(Cl)C(Cl)=C1,17,"[7873, 7874]",2,0.4262882828712463,"[0.7494347041845322, 0.5084044238924981]",0.6289195640385151
10054,OC1=CC=CC(C2=CC=C(N3CCNCC3)C=C2)=C1,19,"[1395, 22919]",2,0.3198678874969482,"[0.4325876425206661, 0.4325876472890377]",0.4325876449048519
1651,CN1C=CC=C(NC(=O)C2=CC=C(Cl)C(Cl)=C2)C1=O,19,"[18226, 18321]",2,0.380488391816616,"[0.5299092322587967, 0.7286781734228134]",0.629293702840805
2197,CN1C=CC=C(C(=O)NC2=CC=CC(Cl)=C2Cl)C1=O,19,"[18484, 18491]",2,0.3248381373286247,"[0.5911010420322418, 0.6168098556995392]",0.6039554488658905
5152,O=C(O)C1=CN=C(N2CCC(C3CC3)C2)C(Cl)=C1,18,"[852, 22417]",2,0.3612938103079796,"[0.4837949341535568, 0.7877792501449585]",0.6357870921492577
9415,CC1=CC=C(O)C(C2=CC=C(N3CCNCC3)C=C2)=C1,20,"[1395, 22919]",2,0.3388256922364235,"[0.4325876425206661, 0.4325876472890377]",0.4325876449048519
2785,O=C(NCC1=CC=C(F)C(Cl)=C1)C1=CN=CS1,17,"[8287, 8824]",2,0.2753931883722543,"[0.4178572349250317, 0.555037853717804]",0.48644754432141785
9192,CN(C(=O)NC1=CC=C(C(F)(F)F)C=C1)C1CCOC1,20,"[1145, 14895]",2,0.3045840829610824,"[0.4570551060140133, 0.457055109590292]",0.45705510780215264
9191,CN(C(=O)NC1=CC=C(C(F)(F)F)C=C1)[C@@H]1CCOC1,20,"[1145, 14895]",2,0.3208255572989583,"[0.4570551060140133, 0.457055109590292]",0.45705510780215264
9171,CN(C(=O)NC1=CC=CC(Cl)=C1F)C1CCOC1,18,"[1082, 15272]",2,0.2885984908789396,"[0.431137957200408, 0.4311379527300596]",0.43113795496523377
9170,CN(C(=O)NC1=CC=CC(Cl)=C1F)[C@@H]1CCOC1,18,"[1082, 15272]",2,0.2946782022342086,"[0.431137957200408, 0.4311379527300596]",0.43113795496523377
8592,OCCN1CCOC(C2=CC=C(Cl)C(Cl)=C2)C1,17,"[880, 8714]",2,0.2884193718992173,"[0.4322282537817955, 0.4322282585501671]",0.4322282561659813
2980,O=C1NC2=CC=CC=C2C(=O)N1CC1=CC=C(Cl)C=C1,20,"[14784, 14785]",2,0.2918831852078438,"[0.4014973521232605, 0.4528626924753189]",0.4271800222992897
9596,O=C(NC1=NCCS1)C1=CC=C(Cl)C(Cl)=C1,16,"[2661, 9789]",2,0.3151126442104578,"[0.4770610810816288, 0.4770610789954662]",0.4770610800385475
929,NC1CCN(C2=CC=NC3=CC(C(F)(F)F)=CC=C23)C1,20,"[1336, 21021]",2,0.4856162884831428,"[0.7299510425329209, 0.7299510383605957]",0.7299510404467583
1003,CCNC1CCN(C2=CC=C(Cl)C=C2)CC1,16,"[962, 15701]",2,0.2589186248555779,"[0.4828031149506568, 0.4828031131625175]",0.48280311405658716
8447,CN1C=CC=C(C(=O)NC2=CC=C(Cl)C(Cl)=C2)C1=O,19,"[19990, 20227]",2,0.3898481746017933,"[0.4595034620165825, 0.4491535675525665]",0.4543285147845745
157,OC1=CC=C(C2=CC=C(N3CCNCC3)C=C2)C=C1,19,"[1395, 22919]",2,0.3585258929431438,"[0.4325876425206661, 0.4325876472890377]",0.4325876449048519
340,"CN(C)[C@@H]1CC[C@H]1NC(=O)C1=CC=C2C=CC=CC2=C1O |&1:3,6|",21,"[1500, 15195]",2,0.27117566537112,"[0.4000525984913111, 0.400052597373724]",0.4000525979325176
468,CNC1=CN(C2=CC=C(C(F)(F)F)C=C2)N=C1,17,"[24088, 24089]",2,0.3382906703650951,"[0.4157927474379539, 0.4100960004329681]",0.412944373935461
603,O=C(CO)N1CCOC(C2=CC=C(Cl)C(Cl)=C2)C1,18,"[880, 8714]",2,0.2917905520647764,"[0.4322282537817955, 0.4322282585501671]",0.4322282561659813
649,O=C1N[C@H](C2=CC=CC=C2)C(=O)NC1C1=CC=CC=C1,20,"[982, 15708]",2,0.2568007254833355,"[0.503449187297374, 0.5497574833035469]",0.5266033353004604
650,O=C1N[C@@H](C2=CC=CC=C2)C(=O)NC1C1=CC=CC=C1,20,"[982, 15708]",2,0.3153041519701947,"[0.503449187297374, 0.5497574833035469]",0.5266033353004604
12663,O=C1N[C@H](C2CCCCC2)C(=O)N[C@H]1C1=CC=CC=C1,20,"[1367, 15540]",2,0.2552155321091413,"[0.5169022123888135, 0.5719349669292569]",0.5444185896590352
651,O=C1N[C@H](C2=CC=CC=C2)C(=O)N[C@H]1C1=CC=CC=C1,20,"[982, 15708]",2,0.2949352110736072,"[0.503449187297374, 0.5497574833035469]",0.5266033353004604
652,O=C1NC(C2=CC=CC=C2)C(=O)NC1C1=CC=CC=C1,20,"[982, 15708]",2,0.3203206278430298,"[0.503449187297374, 0.5497574833035469]",0.5266033353004604
653,O=C1N[C@H](C2=CC=CC=C2)C(=O)N[C@@H]1C1=CC=CC=C1,20,"[982, 15708]",2,0.2723498883936554,"[0.503449187297374, 0.5497574833035469]",0.5266033353004604
12240,ClC1=CC=C(N2CCN(CC3C4CNCC43)CC2)C=C1,20,"[1495, 8936]",2,0.3193838869407773,"[0.5510600369796157, 0.4497914246749133]",0.5004257308272645
886,CC(C)(O)C(=O)NC1=CC=C(Cl)C(Cl)=C1,15,"[2898, 6827]",2,0.2692988899350166,"[0.4285816797614097, 0.4285816797614097]",0.4285816797614097
927,N[C@H]1CCN(C2=CC=NC3=CC(C(F)(F)F)=CC=C23)C1,20,"[1336, 21021]",2,0.4367971733212471,"[0.7299510425329209, 0.7299510383605957]",0.7299510404467583
928,N[C@@H]1CCN(C2=CC=NC3=CC(C(F)(F)F)=CC=C23)C1,20,"[1336, 21021]",2,0.3688140303641558,"[0.7299510425329209, 0.7299510383605957]",0.7299510404467583
11153,FC1=CN=CC=C1N1CCOCC1,13,"[1499, 8937]",2,0.3220180452615022,"[0.7589839613437652, 0.7589839613437652]",0.7589839613437652
2998,O=C(NCC1=CC=C(Cl)C(Cl)=C1)NC1CCOC1,18,"[1242, 15370]",2,0.2785912699252367,"[0.5513609951734543, 0.5513610005378723]",0.5513609978556633
6297,NC(=O)C1=NC=CC(Cl)=C1Cl,11,"[1564, 10374]",2,0.4041532928496599,"[0.4418475634604693, 0.441847562789917]",0.44184756312519313
2999,O=C(NCC1=CC=C(Cl)C(Cl)=C1)N[C@H]1CCOC1,18,"[1242, 15370]",2,0.2547293985262513,"[0.5513609951734543, 0.5513610005378723]",0.5513609978556633
3978,O=C1N[C@@H](C2CC2)C(=O)N[C@H]1CC1=CC=CC=C1,18,"[1121, 15543]",2,0.2541870512394235,"[0.4696349717304111, 0.4696349782869219]",0.46963497500866647
6212,CC1=CC=CC=C1N1CCN(C2=CC=NC=C2)CC1,19,"[19872, 19891]",2,0.2537645783275365,"[0.4168942505121231, 0.4431004065275192]",0.42999732851982114
4111,ClC1=CC=C2C(N3CCOCC3)=CC=NC2=C1,17,"[10388, 18657]",2,0.2983511611819267,"[0.5169512760639191, 0.4782429071515798]",0.49759709160774945
7769,O[C@H]1CCN(C2=CC=NC3=CC(C(F)(F)F)=CC=C23)C1,20,"[1336, 21021]",2,0.3998709335923195,"[0.7299510425329209, 0.7299510383605957]",0.7299510404467583
6222,CC1(C)C2CN(C3=NC=C(C(=O)O)C=C3Cl)CC21,18,"[944, 21196]",2,0.2640192650258541,"[0.4736496402323246, 0.4736496414244175]",0.473649640828371
6294,O=C(O)C1=CC=CN(CC2=CC=C(C(F)(F)F)C=C2)C1=O,21,"[5122, 9351]",2,0.4276517161726951,"[0.4592209035158157, 0.4276517023146152]",0.4434363029152154
7770,O[C@@H]1CCN(C2=CC=NC3=CC(C(F)(F)F)=CC=C23)C1,20,"[1336, 21021]",2,0.3573173665627837,"[0.7299510425329209, 0.7299510383605957]",0.7299510404467583
4792,FC1=CC=C(CNC2=CN=CC=N2)C=C1Cl,16,"[15047, 15048]",2,0.2948521620035171,"[0.4807323035597801, 0.4142792117595673]",0.4475057576596737
4105,OC1(C2=CC=CC=C2)CCN(C2=CC=NC=C2F)CC1,20,"[1182, 9241]",2,0.3054546014219522,"[0.568053582906723, 0.5680535793304443]",0.5680535811185836
6990,ClC1=CC=CC(N2CCN(CC3CCNCC3)CC2)=C1,20,"[1495, 8936]",2,0.2733533605001866,"[0.5510600369796157, 0.4497914246749133]",0.5004257308272645
7929,CC1=CC(C2=CC=C(N3CCNCC3)C=C2)=CC=C1O,20,"[1395, 22919]",2,0.4324867394566536,"[0.4325876425206661, 0.4325876472890377]",0.4325876449048519
8117,ClC1=CC=C(N2CCN(CC3CCNCC3)CC2)C=C1,20,"[1495, 8936]",2,0.3459137925971299,"[0.5510600369796157, 0.4497914246749133]",0.5004257308272645
3069,CNC1CCN(C(=O)NC2=CC=CC(Cl)=C2Cl)C1,18,"[1068, 9149]",2,0.2866168966516852,"[0.4650902342796326, 0.4650902315974236]",0.4650902329385281
5481,O=C(NC1=C(Cl)C(Cl)=CC=C1)N1CCCNCC1,18,"[3, 18636]",2,0.2521313555538654,"[0.4446712476015091, 0.4446712481975555]",0.4446712478995323
5385,CCC1CCN(C2=CC=NC=C2F)CC1,15,"[1353, 9151]",2,0.30479308065027,"[0.5122263778746128, 0.5122263838350772]",0.5122263808548451
6548,C[C@H]1[C@@H]2CN(C3=NC=C(C(=O)O)C=C3Cl)C[C@H]12,17,"[944, 21196]",2,0.260551340947859,"[0.4736496402323246, 0.4736496414244175]",0.473649640828371
6796,OC1=CC=CC=C1C1=CC=C(N2CCNCC2)C=C1,19,"[1395, 22919]",2,0.3523338663578033,"[0.4325876425206661, 0.4325876472890377]",0.4325876449048519
6789,NC1CCN(C2=CC=NC3=CC(Cl)=CC=C23)CC1,18,"[497, 19014]",2,0.3149691604077816,"[0.5200905099511146, 0.5200905081629753]",0.5200905090570449
12446,CC1=C(C(=O)NCC2=CC=C(Cl)C(Cl)=C2)C=NN1C,19,[18446],1,0.318643789589405,[0.4058110719919204],0.4058110719919204
5006,CC1=CN=CC=C1N1CCN(C2=CC=C(F)C=C2)CC1,20,[24527],1,0.371960070580244,[0.4802009119093418],0.4802009119093418
4994,O=C(NC1=NOC=C1)C1=CC=C(C(F)(F)F)C=C1,18,[23368],1,0.2701474108546972,[0.4106098198890686],0.4106098198890686
12151,COC(=O)NCC1=CC=C(Cl)C(Cl)=C1,14,[14052],1,0.3876596491038799,[0.494699387550354],0.494699387550354
11584,O=C(NCC1=CC=C(F)C(Cl)=C1)C1=CC=NS1,17,[13556],1,0.3156869229674339,[0.4423902720212936],0.4423902720212936
664,OCCN1CCN(C2=CC(Cl)=CC=C2Cl)CC1,17,[10021],1,0.2842975570075214,[0.4721723663806915],0.4721723663806915
12492,CN1C=CC(=O)C(C(=O)NC2=CC(Cl)=CC=C2Cl)=C1,19,[8056],1,0.2760309647396207,[0.4869758096337318],0.4869758096337318
12483,OC1=CC=CC(C2=NC=CN2)=C1Cl,13,[22806],1,0.2548724254965782,[0.6096489673852921],0.6096489673852921
6560,CC1=NC(NC(=O)C2=CC=CO2)=CC=C1Cl,16,[23101],1,0.2540715955942869,[0.5579164886474609],0.5579164886474609
5776,CN1N=CC=C1NC(=O)C1=CC=C(Cl)C(Cl)=C1,17,[24170],1,0.3235111362487077,[0.471008303463459],0.471008303463459
5512,O=C1NC(C2=CC=CC=C2)C(=O)NC1CC1CCCCC1,21,[942],1,0.305860028937459,[0.4040528696775436],0.4040528696775436
5511,O=C1N[C@@H](CC2CCCCC2)C(=O)NC1C1=CC=CC=C1,21,[942],1,0.3884128703922033,[0.4040528696775436],0.4040528696775436
13005,CN1C=C(CNC2=CC=C(F)C(Cl)=C2)C=CC1=O,18,[20002],1,0.3753805792331695,[0.5794978594779968],0.5794978594779968
5510,O=C1N[C@H](C2=CC=CC=C2)C(=O)N[C@H]1CC1CCCCC1,21,[942],1,0.3206827124441042,[0.4040528696775436],0.4040528696775436
5509,O=C1N[C@@H](C2=CC=CC=C2)C(=O)NC1CC1CCCCC1,21,[942],1,0.3157664718292653,[0.4040528696775436],0.4040528696775436
5508,O=C1N[C@@H](C2=CC=CC=C2)C(=O)N[C@H]1CC1CCCCC1,21,[942],1,0.4040528659522533,[0.4040528696775436],0.4040528696775436
377,CC(SC1=CC=C(Cl)C(Cl)=C1)C(N)=O,14,[17587],1,0.2968355777114629,[0.538471763432026],0.538471763432026
13879,CN1C=C(C(=O)NCC2=CC=C(Cl)C(Cl)=C2)C=N1,18,[18446],1,0.358286675363779,[0.4058110719919204],0.4058110719919204
13930,CC(=O)CN1CCN(C2=CC=C(Cl)C(Cl)=C2)CC1,18,[15951],1,0.259552910560742,[0.50594775557518],0.50594775557518
5331,CN1C(C2=CC=C(Cl)C(Cl)=C2)=CN=C1N,15,[21331],1,0.2538431729376316,[0.7542593753337861],0.7542593753337861
11443,C=CC1=CC=C(O)C=C1Cl,10,[6564],1,0.3278012795746326,[0.4626149147748947],0.4626149147748947
1180,O=C1N[C@@H](CC2=CC=CC=C2)C(=O)NC1C1=CC=CC=C1,21,[15703],1,0.262225728444755,[0.4648662383109331],0.4648662383109331
11010,CN1C=CC=C(CNC2=CC=C(F)C(Cl)=C2)C1=O,18,[19992],1,0.2753257936239242,[0.5195221284031868],0.5195221284031868
9590,O=C(O)C1=CC=CN(CC2=CC=C(Cl)C=C2Cl)C1=O,19,[20109],1,0.3405695708096027,[0.4252943789958954],0.4252943789958954
8316,O=C(NC1=CC=C(Cl)C(Cl)=C1)N1CCOCC1,17,[5170],1,0.4773685032129288,[0.4773685014247894],0.4773685014247894
8683,CNC(=O)N1CCN(C2=CC(Cl)=CC=C2Cl)CC1,18,[7741],1,0.3502057145535946,[0.4104968211054802],0.4104968211054802
8761,O=C(NC1=CC=C(Cl)C(Cl)=C1)N1CCC[C@@H]1CO,18,[7730],1,0.3561726461350918,[0.4796762102842331],0.4796762102842331
8762,O=C(NC1=CC=C(Cl)C(Cl)=C1)N1CCCC1CO,18,[7730],1,0.4227587144076824,[0.4796762102842331],0.4796762102842331
8763,O=C(NC1=CC=C(Cl)C(Cl)=C1)N1CCC[C@H]1CO,18,[7730],1,0.3732108255475759,[0.4796762102842331],0.4796762102842331
2877,NCC1CCN(C2=CC=NC3=CC(Cl)=CC=C23)C1,18,[22659],1,0.2900408934056759,[0.5275032687187194],0.5275032687187194
9071,CN1C=C(NC(=O)C2=CC=C(Cl)C(Cl)=C2)C=CC1=O,19,[18312],1,0.3625400929898024,[0.7222034859657288],0.7222034859657288
3560,CCC(=O)NCC1=CC=C(O)C(Cl)=C1,14,[20912],1,0.2911823141947389,[0.5013001483678817],0.5013001483678817
4054,CN(CC1=CC=C(Cl)C(Cl)=C1)C(N)=O,14,[8679],1,0.3426849868893623,[0.4366201514005661],0.4366201514005661
5240,CC(=O)NCC1=CC=C(O)C(Cl)=C1,13,[20912],1,0.3358284978568553,[0.5013001483678817],0.5013001483678817
2565,CNC(=O)C1=NN(C2=CC=C(Cl)C(Cl)=C2)C=C1,17,[22902],1,0.3310254582762718,[0.4127604675292968],0.4127604675292968
9623,NC1CC2CC(NCC3=CC(O)=CC=C3Cl)CC2C1,19,[1097],1,0.275471921954304,[0.5244891310572257],0.5244891310572257
10731,CN1C=CC(=O)C(C(=O)NC2=CC=C(Cl)C(Cl)=C2)=C1,19,[8064],1,0.4593105565011501,[0.5649267356097698],0.5649267356097698
2457,CNC(=O)C1=NN(C2=CC=C(Cl)C(Cl)=C2)C(C)=C1,18,[22902],1,0.2793849281966686,[0.4127604675292968],0.4127604675292968
9832,COC(=O)NCCC1=CC=C(Cl)C(Cl)=C1,15,[5092],1,0.2675017914921045,[0.6947152239084243],0.6947152239084243
2062,NC(=O)N1CCN(C2=CC(Cl)=CC=C2Cl)CC1,17,[7741],1,0.2699631403014064,[0.4104968211054802],0.4104968211054802
9865,CNCC1CCN(C2=CC=NC3=CC(Cl)=CC=C23)C1,19,[22659],1,0.2638384926319122,[0.5275032687187194],0.5275032687187194
4123,O=C(NC1=CC=C(Cl)C(Cl)=C1)N1CC[C@H](O)C1,17,[7730],1,0.351166702657938,[0.4796762102842331],0.4796762102842331
1309,O=C(NCC1=CC=C(O)C=C1)C1=CC=CC=C1Cl,18,[9194],1,0.2884661351889372,[0.4266467812657356],0.4266467812657356
4480,CC1CC(O)CN1C(=O)NC1=CC=C(Cl)C(Cl)=C1,18,[7730],1,0.367106477022171,[0.4796762102842331],0.4796762102842331
4640,FC1=CC2=C(N3CCOCC3)C=CN=C2C=C1Cl,18,[18657],1,0.5640744006633759,[0.4782429071515798],0.4782429071515798
6811,CNC(=O)N(C)CC1=CC=C(Cl)C(Cl)=C1,15,[8679],1,0.2519324419647455,[0.4366201514005661],0.4366201514005661
10528,CCSC1=CC=CC=C1O,10,[24116],1,0.2518595825880766,[0.5045271709561348],0.5045271709561348
1179,O=C1N[C@@H](C2=CC=CC=C2)C(=O)N[C@H]1CC1=CC=CC=C1,21,[15703],1,0.2870600105356425,[0.4648662383109331],0.4648662383109331
9212,CC1=CN=CC=C1N1CCN(C2=CC=CC=C2F)CC1,20,[24525],1,0.5014529609680176,[0.5597329032421112],0.5597329032421112
