,Smiles,Structure,ID,Mol Weight,query_ID,ACTIVITY,Predicted_HepG2_Compound_Toxicity,Predicted_Prim_Compound_Toxicity
0,"CO[C@]12CCC[C@]1(CCO2)NC(=O)NC1=CC(F)=C(SC)C(F)=C1 |&1:2,6,c:24,t:16,19|",,PV-003894697610,358.4,450614896,0.333411904,0.223065078,0.26728722
1,CC(C)(C)SC1=C(F)C=C(NC(=O)NC2(C)CCOC2=O)C=C1F,,PV-002135284028,358.4,450614896,0.39637191,0.159739455,0.24189001
2,CCOC(=O)CC1(COC(C)C1)NC(=O)NC1=CC(F)=C(SC)C(F)=C1,,PV-007162233169,388.43,450614896,0.319078997,0.096676346,0.10495957
3,"CN([C@@H]1COC[C@H]1O)C(=O)NC1=CC(F)=C(SC(C)(C)C)C(F)=C1 |&1:2,6,c:23,t:12,15|",,PV-004128670154,360.42,450614896,0.480399963,0.081077672,0.10531891
4,"CO[C@H]1COC[C@H]1N(C)C(=O)NC1=CC(F)=C(SC(C)(C)C)C(F)=C1 |&1:2,6,c:24,t:13,16|",,PV-006538823333,374.45,450614896,0.512540967,0.061459515,0.10225864
5,"CC(C)(C)SC1=C(F)C=C(NC(=O)N[C@@H]2COC(C)(C)[C@H]2O)C=C1F |&1:14,20,c:5,23,t:8|",,PV-006512116701,374.45,450614896,0.459338081,0.136142919,0.1679992
6,CCC12CCC(CO1)(C2)NC(=O)NC1=CC(F)=C(SC)C(F)=C1,,PV-003827259110,342.4,450614896,0.357085002,0.258838389,0.24970396
7,"CSC1=C(F)C=C(NC(=O)N[C@@H]2COC[C@@H]2OC2=CC=CC=C2)C=C1F |&1:11,15,c:2,20,22,25,t:5,18|",,PV-006283221370,380.41,450614896,0.248927375,0.22481031,0.25762832
8,"CCN([C@@H]1COC[C@H]1O)C(=O)NC1=CC(F)=C(SC(C)(C)C)C(F)=C1 |&1:3,7,c:24,t:13,16|",,PV-006238109102,374.45,450614896,0.469924039,0.062128524,0.08932064
9,"CCO[C@]12CCC[C@]1(CCO2)NC(=O)NC1=CC(F)=C(SC)C(F)=C1 |&1:3,7,c:25,t:17,20|",,PV-006201569944,372.43,450614896,0.294637813,0.225582646,0.2699136
10,CC(C)(C)SC1=C(F)C=C(NC(=O)NC2(CCOC2)C(C)(C)O)C=C1F,,PV-006168517267,388.47,450614896,0.397471896,0.189713673,0.22905271
11,"CC(C)(C)SC1=C(F)C=C(NC(=O)N(C2CC2)[C@@H]2COC[C@H]2O)C=C1F |&1:17,21,c:5,25,t:8|",,PV-006124103441,386.46,450614896,0.348261037,0.127814999,0.18292886
12,"CC(C)(C)SC1=C(F)C=C(NC(=O)N[C@@H]2COC[C@@H]2N2C=CC=N2)C=C1F |&1:14,18,c:5,21,23,26,t:8|",,PV-008505271036,396.46,450614896,0.362089735,0.140728552,0.17447248
13,CSC1=C(F)C=C(NC(=O)NC23COC(C2)CCC3)C=C1F,,PV-002960862415,328.38,450614896,0.365823438,0.23494076,0.23256988
14,CSC1=C(F)C=C(NC(=O)NC2(C)CCOC22CC2(F)F)C=C1F,,PV-002537778541,364.36,450614896,0.349430986,0.221284825,0.23283442
15,CCOC(=O)C1(C)COCC1NC(=O)NC1=CC(F)=C(SC)C(F)=C1,,PV-006046499829,374.4,450614896,0.372997301,0.129839795,0.14992756
16,"CC(C)(C)SC1=C(F)C=C(NC(=O)NC23COC(C2)[C@H](O)[C@H](O)C3)C=C1F |&1:19,21,c:5,26,t:8|",,PV-008398784279,402.46,450614896,0.295984176,0.20520407,0.21998857
17,CCOC(=O)CC1(CCOC1)NC(=O)NC1=CC(F)=C(SC)C(F)=C1,,PV-002224442869,374.4,450614896,0.333945462,0.094883727,0.10449763
18,"CC(C)(C)SC1=C(F)C=C(NC(=O)N[C@@H]2COC[C@@H]2CO)C=C1F |&1:14,18,c:5,22,t:8|",,PV-008341417271,360.42,450614896,0.379835059,0.12050708,0.16193429
19,CSC1=C(F)C=C(NC(=O)NC2CCOC22CCS(=O)(=O)CC2)C=C1F,,PV-002585055884,406.46,450614896,0.429162677,0.111409117,0.14385875
20,"CC(C)(C)SC1=C(F)C=C(NC(=O)N[C@@H]2COC[C@@H]2N2C=CN=C2)C=C1F |&1:14,18,c:5,21,23,26,t:8|",,PV-008326580442,396.46,450614896,0.418512175,0.119286577,0.1457316
21,CC1COC(=O)C1NC(=O)NC1=CC(F)=C(SC(C)(C)C)C(F)=C1,,PV-003565630081,358.4,450614896,0.437388215,0.274954963,0.33167783
22,"CC(C)(C)SC1=C(F)C=C(NC(=O)N[C@@H]2COC[C@@H]2N2C=CN=N2)C=C1F |&1:14,18,c:5,21,23,26,t:8|",,PV-008141898981,397.44,450614896,0.479159497,0.075693029,0.11077339
23,"CC(C)(C)SC1=C(F)C=C(NC(=O)N[C@@H]2CO[C@H]3COC[C@@H]23)C=C1F |&1:14,17,21,c:5,24,t:8|",,PV-005534785371,372.43,450614896,0.438425723,0.14063548,0.18191705
24,CC1CC(NC(=O)NC2=CC(F)=C(SC(C)(C)C)C(F)=C2)C(=O)O1,,PV-002370586208,358.4,450614896,0.401716667,0.185746626,0.20204346
25,CSC1=C(F)C=C(NC(=O)NC23CCOC2CCCC3)C=C1F,,PV-002213154630,342.4,450614896,0.348398892,0.30270107,0.3208474
26,COCC12CC(C1)(CO2)NC(=O)NC1=CC(F)=C(SC(C)(C)C)C(F)=C1,,PV-005321890601,386.46,450614896,0.360686319,0.232671667,0.24473559
27,COC(=O)CC1(CCOC1)NC(=O)NC1=CC(F)=C(SC(C)(C)C)C(F)=C1,,PV-002365796524,402.46,450614896,0.356394511,0.129325491,0.15241026
28,"CO[C@@H]1[C@H](COC1(C)C)NC(=O)NC1=CC(F)=C(SC)C(F)=C1 |&1:2,3,c:22,t:14,17|",,PV-003405125385,346.39,450614896,0.439076145,0.157839081,0.18167935
29,CSC1=C(F)C=C(NC(=O)NC23COC(C)(C2)CCC3)C=C1F,,PV-002840663432,342.4,450614896,0.343909004,0.284499483,0.27716095
30,CSC1=C(F)C=C(NC(=O)NC2CCOC22CCCC2)C=C1F,,PV-002258733697,342.4,450614896,0.323145428,0.324781908,0.34910897
31,"CSC1=C(F)C=C(NC(=O)N[C@H]2COC[C@H]2NC(=O)OC(C)(C)C)C=C1F |&1:11,15,c:2,25,t:5|",,PV-007698874154,403.44,450614896,0.362325091,0.088657875,0.10383949
32,"CCO[C@@H]1COC[C@H]1NC(=O)NC1=CC(F)=C(SC(C)(C)C)C(F)=C1 |&1:3,7,c:24,t:13,16|",,PV-004766834673,374.45,450614896,0.439686729,0.116445591,0.1690148
33,"CC(C)(C)SC1=C(F)C=C(NC(=O)N[C@@H]2COC3(CCC3)[C@H]2O)C=C1F |&1:14,21,c:5,25,t:8|",,PV-007581264198,386.46,450614896,0.323237352,0.223492167,0.25778453
34,CSC1=C(F)C=C(NC(=O)NC2COC3(CCCC3)C2)C=C1F,,PV-002350418977,342.4,450614896,0.342318555,0.308276715,0.30124327
35,CC(C)(C)SC1=C(F)C=C(NC(=O)N[C@H]2CCOC2)C=C1F,,PV-002195019716,330.39,450614896,0.361854284,0.10938486,0.15725591
36,CC(C)(C)SC1=C(F)C=C(NC(=O)NC23CCC(CO)(C2)OC3)C=C1F,,PV-004464439397,386.46,450614896,0.291549876,0.219209252,0.23577369
37,CSC1=C(F)C=C(NC(=O)NC2(CCOC2)C(F)(F)F)C=C1F,,PV-002086944698,356.31,450614896,0.381848417,0.215754086,0.24927748
38,CC(C)(C)SC1=C(F)C=C(NC(=O)NC2C(=O)OCC2(C)C)C=C1F,,PV-002500856865,372.43,450614896,0.458501314,0.230514601,0.34933759
39,"CO[C@@H]1[C@H](COC11CCC1)NC(=O)NC1=CC(F)=C(SC)C(F)=C1 |&1:2,3,c:24,t:16,19|",,PV-006732463492,358.4,450614896,0.383403694,0.251938387,0.25372372
40,"CSC1=C(F)C=C(NC(=O)N[C@@H]2CCO[C@H]2C2CC2)C=C1F |&1:11,15,c:2,21,t:5|",,Z2950451767,328.38,450614896,0.325692933,0.186739179,0.22017622
41,"CC(C)(C)SC1=C(F)C=C(NC(=O)N[C@@H]2COC[C@H]2O)C=C1F |&1:14,18,c:5,21,t:8|",,Z2295658329,346.39,450614896,0.443323663,0.112921158,0.13960162
42,CC(C)(C)SC1=C(F)C=C(NC(=O)N[C@H]2COC[C@@H]2O)C=C1F,,Z5624399765,346.39,450614896,0.436228586,0.15580231,0.19239378
43,"CC(C)(C)SC1=C(F)C=C(NC(=O)N[C@@H]2COC[C@@H]2O)C=C1F |&1:14,18,c:5,21,t:8|",,Z2840601339,346.39,450614896,0.436938318,0.172950277,0.20879209
44,CSC1=C(F)C=C(NC(=O)NC2C(=O)OCC2(C)C)C=C1F,,Z2838500945,330.35,450614896,0.398434998,0.227263024,0.35015744
45,CSC1=C(F)C=C(NC(=O)NC2CCOC2C)C=C1F,,Z1657168111,302.34,450614896,0.326939556,0.173937728,0.19337994
46,"CSC1=C(F)C=C(NC(=O)N[C@@H]2CCO[C@@H]2C)C=C1F |&1:11,15,c:2,18,t:5|",,Z3592516081,302.34,450614896,0.305156035,0.143955499,0.16697501
47,CSC1=C(F)C=C(NC(=O)NC23CC(CO)(C2)OC3C)C=C1F,,Z3592515907,344.38,450614896,0.332785241,0.203087574,0.20789776
48,CSC1=C(F)C=C(NC(=O)NC2COC(C2)C2CC2)C=C1F,,Z2709992786,328.38,450614896,0.356583524,0.2238904,0.22841688
49,"CSC1=C(F)C=C(NC(=O)N(C)[C@@H]2COC[C@@H]2OC2=CN(C)N=C2)C=C1F |&1:12,16,c:2,23,26,t:5,19|",,Z2709992751,398.43,450614896,0.436858396,0.12260003,0.13570535
50,CSC1=C(F)C=C(NC(=O)NC23CC2COC3(C)C)C=C1F,,Z2709992408,328.38,450614896,0.337981036,0.221754609,0.27766323
51,CN(C1CC(C)(C)OC1=O)C(=O)NC1=CC(F)=C(SC(C)(C)C)C(F)=C1,,Z2295658612,386.46,450614896,0.455586709,0.132000881,0.15638984
52,"CSC1=C(F)C=C(NC(=O)N[C@@H]2CCO[C@@H]2C2=NC(C)=NO2)C=C1F |&1:11,15,c:2,20,24,t:5,17|",,Z2709992836,370.37,450614896,0.3847552,0.102801249,0.14318869
53,"CSC1=C(F)C=C(NC(=O)N[C@]23C[C@H]2COC32CCC2)C=C1F |&1:11,13,c:2,23,t:5|",,Z2950452171,340.39,450614896,0.34070803,0.239429995,0.26192479
54,"CSC1=C(F)C=C(NC(=O)N[C@@H]2COC[C@@H]2CO)C=C1F |&1:11,15,c:2,19,t:5|",,Z3175338290,318.34,450614896,0.365227736,0.123099227,0.15110321
55,CSC1=C(F)C=C(NC(=O)NC2CCOC2(C)C)C=C1F,,Z2293283734,316.37,450614896,0.322788085,0.148877306,0.19872264
56,CSC1=C(F)C=C(NC(=O)N(C)C2CCOC2)C=C1F,,Z1657180872,302.34,450614896,0.370002133,0.123271012,0.12388854
57,CSC1=C(F)C=C(NC(=O)N(C)[C@@H]2CCOC2)C=C1F,,Z5428837639,302.34,450614896,0.351098258,0.099433358,0.10837708
58,COCCC1(CCOC1)NC(=O)NC1=CC(F)=C(SC)C(F)=C1,,Z1889384243,346.39,450614896,0.40269076,0.179713245,0.22049997
59,CSC1=C(F)C=C(NC(=O)NC2CC(C)OC2=O)C=C1F,,Z2838500881,316.32,450614896,0.332423941,0.1816858,0.18586182
60,CSC1=C(F)C=C(NC(=O)NC23CC(CO)(C2)OC32CCC2)C=C1F,,Z3592515793,370.41,450614896,0.280622547,0.27641127,0.29742941
61,CSC1=C(F)C=C(NC(=O)NC2COC(C)C2)C=C1F,,Z2439255249,302.34,450614896,0.340330857,0.166494338,0.18224184
62,"CSC1=C(F)C=C(NC(=O)N[C@@H]2CCO[C@H]2C2=CNC(=O)C=C2)C=C1F |&1:11,15,c:2,22,25,t:5,17|",,Z2709992645,381.4,450614896,0.442616989,0.175124017,0.20605465
63,"CSC1=C(F)C=C(NC(=O)N[C@@H]2CCO[C@H]2C2=CN(C)N=C2)C=C1F |&1:11,15,c:2,21,24,t:5,17|",,Z2415805323,368.4,450614896,0.397731446,0.137821933,0.16530041
64,"CSC1=C(F)C=C(NC(=O)N(C2CC2)[C@@H]2COC[C@H]2O)C=C1F |&1:14,18,c:2,22,t:5|",,Z4264303119,344.38,450614896,0.3677656,0.126662286,0.16120236
65,CCC1COCC1NC(=O)NC1=CC(F)=C(SC)C(F)=C1,,Z2622658257,316.37,450614896,0.365043535,0.198091935,0.22794706
66,CSC1=C(F)C=C(NC(=O)NC23CC(CO)(C2)OC32COC2)C=C1F,,Z3592515908,372.39,450614896,0.336301641,0.228297468,0.25807103
67,CSC1=C(F)C=C(NC(=O)NC2(CO)CCOC2)C=C1F,,Z1672349141,318.34,450614896,0.404645621,0.168289194,0.18973346
68,"CC[C@@H]1OCC[C@H]1NC(=O)NC1=CC(F)=C(SC)C(F)=C1 |&1:2,6,c:20,t:12,15|",,Z2312654631,316.37,450614896,0.335782463,0.104578567,0.13247012
69,"COC(=O)[C@@H]1OCC[C@@H]1NC(=O)NC1=CC(F)=C(SC(C)(C)C)C(F)=C1 |&1:4,8,c:25,t:14,17|",,Z2624224469,388.43,450614896,0.414414492,0.109701623,0.12942809
70,CCN(C1CCOC1)C(=O)NC1=CC(F)=C(SC)C(F)=C1,,Z2190162462,316.37,450614896,0.378752916,0.100268644,0.10994475
71,CSC1=C(F)C=C(NC(=O)NC23CC(C)(C2)OC32COC2)C=C1F,,Z3592516129,356.39,450614896,0.387107833,0.277019412,0.30879987
72,CSC1=C(F)C=C(NC(=O)NC2COCC2C)C=C1F,,Z2950451923,302.34,450614896,0.352185572,0.201497239,0.21434942
73,CSC1=C(F)C=C(NC(=O)NC2CC(C)(C)OC2(C)C)C=C1F,,Z1657177342,344.42,450614896,0.389957535,0.181907867,0.22945791
74,CSC1=C(F)C=C(NC(=O)NC2(CCOC2)C(C)(C)O)C=C1F,,Z4083481592,346.39,450614896,0.422017252,0.172204454,0.20029239
75,"CSC1=C(F)C=C(NC(=O)N[C@@H]2[C@H](CO)COC2=O)C=C1F |&1:11,12,c:2,20,t:5|",,Z4403173522,332.32,450614896,0.41997977,0.125025437,0.19441952
76,CSC1=C(F)C=C(NC(=O)NC23CCC(CO)(C2)OC3)C=C1F,,Z4949413582,344.38,450614896,0.332845426,0.206815688,0.21028735
77,CSC1=C(F)C=C(NC(=O)NC23CC(C2)OC3)C=C1F,,Z3592515850,300.32,450614896,0.370902208,0.170639909,0.1826446
78,CSC1=C(F)C=C(NC(=O)NC2COC(C)(C)C2)C=C1F,,Z2622658941,316.37,450614896,0.344820608,0.214004714,0.22194199
79,"CO[C@@H]1[C@H](COC11CCOCC1)NC(=O)NC1=CC(F)=C(SC)C(F)=C1 |&1:2,3,c:26,t:18,21|",,Z5278791651,388.43,450614896,0.463796962,0.170376129,0.20227183
80,CSC1=C(F)C=C(NC(=O)N[C@H]2CCOC2=O)C=C1F,,Z2838500880,302.3,450614896,0.290522199,0.142949612,0.1930251
81,CSC1=C(F)C=C(NC(=O)N[C@@H]2CCOC2=O)C=C1F,,Z5876844643,302.3,450614896,0.28773434,0.108886281,0.15763582
82,COC(=O)CC1(CCOC1)NC(=O)NC1=CC(F)=C(SC)C(F)=C1,,Z1700631516,360.38,450614896,0.375004172,0.128980273,0.13906796
83,CSC1=C(F)C=C(NC(=O)NC23CC(CO)(C2)OC3(C)C)C=C1F,,Z3592515998,358.4,450614896,0.304384397,0.176169008,0.20641129
84,CSC1=C(F)C=C(NC(=O)N[C@@H]2COC(=O)C2)C=C1F,,Z2838500848,302.3,450614896,0.306332282,0.126506919,0.17135643
85,CSC1=C(F)C=C(NC(=O)N[C@H]2COC(=O)C2)C=C1F,,Z5106146045,302.3,450614896,0.310791538,0.108447058,0.14341401
86,"CSC1=C(F)C=C(NC(=O)N[C@@H]2COC[C@@H]2O)C=C1F |&1:11,15,c:2,18,t:5|",,Z2838500705,304.31,450614896,0.380502743,0.172159742,0.19292424
87,CSC1=C(F)C=C(NC(=O)N[C@H]2COC[C@@H]2O)C=C1F,,Z5624345855,304.31,450614896,0.381819295,0.151473883,0.17931619
88,CSC1=C(F)C=C(NC(=O)N[C@@H]2COC[C@H]2O)C=C1F,,Z5624345852,304.31,450614896,0.386417426,0.110500307,0.13570237
89,CSC1=C(F)C=C(NC(=O)NC2(C)CCOC2C)C=C1F,,Z1657179728,316.37,450614896,0.342711991,0.159521939,0.1763115
90,CSC1=C(F)C=C(NC(=O)N(C)C2CC(C)(C)OC2=O)C=C1F,,Z2293284096,344.38,450614896,0.41880612,0.130815624,0.14173633
91,"COC(=O)[C@@H]1OCC[C@@H]1NC(=O)NC1=CC(F)=C(SC)C(F)=C1 |&1:4,8,c:22,t:14,17|",,Z2622658550,346.35,450614896,0.385768166,0.110212392,0.12030624
92,CSC1=C(F)C=C(NC(=O)NC2COC3(CC3)C2)C=C1F,,Z3592515729,314.35,450614896,0.338182288,0.224509677,0.22006594
93,CSC1=C(F)C=C(NC(=O)NC2(C)CC(C)(C)OC2=O)C=C1F,,Z3175337938,344.38,450614896,0.357596775,0.152475676,0.19865604
94,"CSC1=C(F)C=C(NC(=O)N(C)[C@@H]2COC[C@H]2O)C=C1F |&1:12,16,c:2,19,t:5|",,Z2868870883,318.34,450614896,0.426923671,0.082565004,0.0982545
95,COC(=O)C12CC(C1)(CO2)NC(=O)NC1=CC(F)=C(SC)C(F)=C1,,Z5069733677,358.36,450614896,0.382937182,0.178400517,0.16594489
96,"CSC1=C(F)C=C(NC(=O)N[C@@H]2CO[C@H]3COC[C@@H]23)C=C1F |&1:11,14,18,c:2,21,t:5|",,Z3694503565,330.35,450614896,0.445186039,0.135560438,0.16534103
97,CSC1=C(F)C=C(NC(=O)NC2(CCOC2)C2=NC=CC=N2)C=C1F,,Z3592517396,366.39,450614896,0.409728219,0.325553142,0.35054748
98,"CSC1=C(F)C=C(NC(=O)N[C@@H]2COC(C)(C)[C@H]2O)C=C1F |&1:11,17,c:2,20,t:5|",,Z4887869629,332.37,450614896,0.400600063,0.133034902,0.15902805
99,CSC1=C(F)C=C(NC(=O)NC23CC(C)(C2)OC3)C=C1F,,Z5069733690,314.35,450614896,0.374016587,0.241268561,0.22563544
100,"CSC1=C(F)C=C(NC(=O)N[C@@H]2COC3(CCOCC3)[C@H]2O)C=C1F |&1:11,20,c:2,24,t:5|",,Z5196120502,374.4,450614896,0.421702287,0.149214002,0.182326
101,CSC1=C(F)C=C(NC(=O)NC2(C)CCOC2)C=C1F,,Z1657174935,302.34,450614896,0.335950593,0.152300496,0.16166576
102,CCOC(=O)C12CC(C1)(CO2)NC(=O)NC1=CC(F)=C(SC)C(F)=C1,,Z5069733691,372.39,450614896,0.348489462,0.126214452,0.1210383
103,CSC1=C(F)C=C(NC(=O)NC2(C)CCOC2C2CC2)C=C1F,,Z1657171120,342.4,450614896,0.328498493,0.208453174,0.21336499
104,CSC1=C(F)C=C(NC(=O)N(CCC2=CC=CC=C2)C2CCOC2)C=C1F,,Z1657171651,392.46,450614896,0.307830165,0.151895487,0.15949207
105,"CCN([C@@H]1COC[C@H]1O)C(=O)NC1=CC(F)=C(SC)C(F)=C1 |&1:3,7,c:21,t:13,16|",,Z3592517201,332.37,450614896,0.438500699,0.06001266,0.08063478
106,"CSC1=C(F)C=C(NC(=O)N[C@]23CCC[C@H]2OCC3)C=C1F |&1:11,15,c:2,21,t:5|",,Z2838500230,328.38,450614896,0.339291744,0.218453966,0.23844967
107,CC(C)(C)SC1=C(F)C=C(NC(=O)N[C@H]2CCOC2=O)C=C1F,,Z2840601392,344.38,450614896,0.365241222,0.146053622,0.2065989
108,CC(C)(C)SC1=C(F)C=C(NC(=O)N[C@@H]2CCOC2=O)C=C1F,,Z5876908274,344.38,450614896,0.363388258,0.113610474,0.16224548
109,"CO[C@@H]1COC[C@@H]1NC(=O)NC1=CC(F)=C(SC(C)(C)C)C(F)=C1 |&1:2,6,c:23,t:12,15|",,Z2313176505,360.42,450614896,0.476607449,0.126079215,0.17354172
110,"CO[C@@H]1COC[C@H]1NC(=O)NC1=CC(F)=C(SC(C)(C)C)C(F)=C1 |&1:2,6,c:23,t:12,15|",,Z2439448286,360.42,450614896,0.470662778,0.107268393,0.16299404
111,CSC1=C(F)C=C(NC(=O)NC2COCC2(C)C)C=C1F,,Z2293283406,316.37,450614896,0.373417079,0.20768137,0.22709242
112,"CSC1=C(F)C=C(NC(=O)N[C@@H]2COC3(CCC3)[C@H]2O)C=C1F |&1:11,18,c:2,22,t:5|",,Z5624345857,344.38,450614896,0.344355256,0.210187517,0.22639844
113,CSC1=C(F)C=C(NC(=O)NC2(C)CCOC2=O)C=C1F,,Z3175337924,316.32,450614896,0.337993009,0.15660606,0.22428346
114,CSC1=C(F)C=C(NC(=O)NC2C(C)COC2=O)C=C1F,,Z4011846656,316.32,450614896,0.368864371,0.280501488,0.32238797
115,"CSC1=C(F)C=C(NC(=O)N[C@@H]2COC[C@@H]2N2C=CN=N2)C=C1F |&1:11,15,c:2,18,20,23,t:5|",,Z3175338144,355.36,450614896,0.535610026,0.068858446,0.10324557
116,CCC1(CCOC1)NC(=O)NC1=CC(F)=C(SC)C(F)=C1,,Z1845757203,316.37,450614896,0.347730932,0.180935024,0.19952328
117,"CSC1=C(F)C=C(NC(=O)N[C@@H]2COC[C@@H]2N2C=CN=C2)C=C1F |&1:11,15,c:2,18,20,23,t:5|",,Z3592515781,354.38,450614896,0.444252288,0.119206205,0.14049347
118,CSC1=C(F)C=C(NC(=O)N[C@H]2CCOC2)C=C1F,,Z3175338271,288.31,450614896,0.296559935,0.102649296,0.14296141
119,CSC1=C(F)C=C(NC(=O)N[C@@H]2CCOC2)C=C1F,,Z2415805297,288.31,450614896,0.2941384,0.121469251,0.14402296
120,CSC1=C(F)C=C(NC(=O)NC23CC(CF)(C2)OC3)C=C1F,,Z4909059735,332.34,450614896,0.392496689,0.238701987,0.22469537
121,"CSC1=C(F)C=C(NC(=O)N[C@@H]2COC[C@@H]2N2C=CC=N2)C=C1F |&1:11,15,c:2,18,20,23,t:5|",,Z3175337985,354.38,450614896,0.420618378,0.138185576,0.16832745
122,CC(C)(C)SC1=C(F)C=C(NC(=O)NC2(CCO)CCOC2)C=C1F,,Z2295659456,374.45,450614896,0.372463724,0.168743423,0.21647626
123,CSC1=C(F)C=C(NC(=O)N(CCF)C2CCOC2)C=C1F,,Z5764502157,334.36,450614896,0.396082097,0.14098166,0.14006037
124,"CCO[C@@H]1COC[C@H]1NC(=O)NC1=CC(F)=C(SC)C(F)=C1 |&1:3,7,c:21,t:13,16|",,Z2293283363,332.37,450614896,0.411955586,0.118043038,0.15461784
125,"CO[C@@H]1COC[C@@H]1NC(=O)NC1=CC(F)=C(SC)C(F)=C1 |&1:2,6,c:20,t:12,15|",,Z2312654606,318.34,450614896,0.415176343,0.126922669,0.15854825
126,"CO[C@@H]1COC[C@H]1NC(=O)NC1=CC(F)=C(SC)C(F)=C1 |&1:2,6,c:20,t:12,15|",,Z2439255290,318.34,450614896,0.414815656,0.106072861,0.14987046
127,"CSC1=C(F)C=C(NC(=O)NC23COC(C2)[C@H](O)[C@H](O)C3)C=C1F |&1:16,18,c:2,23,t:5|",,Z4264302927,360.38,450614896,0.331964815,0.191258345,0.19783792
128,CSC1=C(F)C=C(NC(=O)NC2COCC2C2CC2)C=C1F,,Z2950452893,328.38,450614896,0.360864956,0.236372285,0.25118653
129,CN(C1CCOC1)C(=O)NC1=CC(F)=C(SC(C)(C)C)C(F)=C1,,Z2295663446,344.42,450614896,0.431726654,0.128990628,0.14943827
130,"CC(C)(C)SC1=C(F)C=C(NC(=O)N[C@@H]2[C@H](CO)COC2=O)C=C1F |&1:14,15,c:5,23,t:8|",,Z4403384215,374.4,450614896,0.431197781,0.125320023,0.1959586
131,CSC1=C(F)C=C(NC(=O)NC2(CCO)CCOC2)C=C1F,,Z1889384046,332.37,450614896,0.388347629,0.165117727,0.20093992
132,CSC1=C(F)C=C(NC(=O)NC2COC3(CCC3)C2)C=C1F,,Z2622658509,328.38,450614896,0.33742926,0.267966086,0.26329193
133,CSC1=C(F)C=C(NC(=O)NC2CCOC22CCOCC2)C=C1F,,Z2950452821,358.4,450614896,0.409914899,0.217057867,0.25868763
134,COCC12CC(C1)(CO2)NC(=O)NC1=CC(F)=C(SC)C(F)=C1,,Z5069733692,344.38,450614896,0.405644333,0.21745771,0.21636577
135,"CSC1=C(F)C=C(NC(=O)N[C@@H]2[C@@H]3CCC[C@@H]3OC2=O)C=C1F |&1:11,12,16,c:2,22,t:5|",,Z3592516452,342.36,450614896,0.321218326,0.235033555,0.25967314
136,CC(C)(C)SC1=C(F)C=C(NC(=O)N[C@@H]2COC(=O)C2)C=C1F,,Z2840601411,344.38,450614896,0.369571373,0.129175911,0.17505439
137,CC(C)(C)SC1=C(F)C=C(NC(=O)N[C@H]2COC(=O)C2)C=C1F,,Z5106395084,344.38,450614896,0.371720526,0.108499546,0.15368313
138,CSC1=C(F)C=C(NC(=O)NC23CCC(C2)OC3)C=C1F,,Z3592515920,314.35,450614896,0.368640709,0.205881119,0.2065986
139,CC(C)(C)SC1=C(F)C=C(NC(=O)NC2CCOC2)C=C1F,,Z2295659705,330.39,450614896,0.374532343,0.171232385,0.2013924
140,CC(C)(C)SC1=C(F)C=C(NC(=O)N[C@@H]2CCOC2)C=C1F,,Z2415895252,330.39,450614896,0.360542198,0.128409733,0.15824051
141,CCCC1(CCOC1)NC(=O)NC1=CC(F)=C(SC)C(F)=C1,,Z2109370155,330.39,450614896,0.374297418,0.194389349,0.23085211
142,"CO[C@@H]1COC[C@@H]1N(C)C(=O)NC1=CC(F)=C(SC)C(F)=C1 |&1:2,6,c:21,t:13,16|",,Z4011846504,332.37,450614896,0.448436027,0.095361559,0.10864741
143,CSC1=C(F)C=C(NC(=O)NC2(CCOC2)C(=O)OC(C)(C)C)C=C1F,,Z2622658489,388.43,450614896,0.36112399,0.217303113,0.26033205
144,"CSC1=C(F)C=C(NC(=O)N[C@]23C[C@H]2COC3)C=C1F |&1:11,13,c:2,19,t:5|",,Z2868870903,300.32,450614896,0.334617504,0.128311941,0.15899713
145,CSC1=C(F)C=C(NC(=O)NC2COC3(CCOC3)C2)C=C1F,,Z4465817576,344.38,450614896,0.461410148,0.192627154,0.21023541
146,CC(C)(C)SC1=C(F)C=C(NC(=O)NC2(CO)CCOC2)C=C1F,,Z2295660354,360.42,450614896,0.398111448,0.167588517,0.20262987
147,CSC1=C(F)C=C(NC(=O)N(C)C2(C)CCOC2)C=C1F,,Z4264302919,316.37,450614896,0.391091375,0.125030909,0.12006916
148,OC1=C(F)C=C(C=C1F)C1NC2(CCCCC2)C(=O)N1CC1=CC=CS1,,Z1497328180,378.44,631929797,0.25792777,0.135277249,0.15437808
149,CCN1C(NC2(CCCCC2)C1=O)C1=CC(F)=C(O)C(F)=C1,,Z1348009129,310.345,631929797,0.302330836,0.114228394,0.12909162
150,CCCN1C(NC2(CCCCC2)C1=O)C1=CC(F)=C(O)C(F)=C1,,Z1348009456,324.372,631929797,0.289084402,0.132263697,0.14346446
151,CCCCN1C(NC2(CCCCC2)C1=O)C1=CC(F)=C(O)C(F)=C1,,Z1348009500,338.399,631929797,0.28692112,0.14749158,0.15736328
152,FC1=CC(NC(=O)N2C3CCC2COC3)=CC=C1SC(F)(F)F,,Z2312276628,350.33,775421068,0.242799035,0.20378535,0.21020854
153,CS(=O)(=O)C1=CC=C(NC(=O)N2C3CCC2COC3)C=C1F,,Z2312349461,328.36,775421068,0.12244484,0.024052283,0.04997801
154,CSC1=C(F)C=C(NC(=O)N2C3CCC2COC3)C=C1F,,Z2312654696,314.35,775421068,0.414115347,0.141735991,0.15587005
155,CSC1=C(F)C=C(NC(=O)N2C3CCC2C2CCC3O2)C=C1F,,Z4588746153,340.39,775421068,0.439390077,0.224137717,0.23213499
156,CSC1=CC=C(NC(=O)N2C3CCC2C2CCC3O2)C=C1F,,Z4582720965,322.4,775421068,0.339599298,0.17649553,0.1926822
157,CS(=O)C1=CC=C(NC(=O)N2C3CCC2COC3)C=C1F,,Z2312357706,312.36,775421068,0.298090845,0.043838376,0.06538115
158,CS(=O)(=O)C1=CC=C(NC(=O)N2C3CCC2C2CCC3O2)C=C1F,,Z4582720260,354.4,775421068,0.133171672,0.046434125,0.07163718
159,CC(C)(C)SC1=C(F)C=C(NC(=O)N2C3CCC2COC3)C=C1F,,Z2313176477,356.43,775421068,0.448142608,0.148542756,0.1784624
160,CC(C)(C)SC1=CC=C(NC(=O)N2C3CCC2COC3)C=C1F,,Z2313176042,338.44,775421068,0.337963665,0.112444793,0.13902268
161,CC1N(CN(C)C1=O)C(=O)NC1=CC=C(SC2CCCC2)C(F)=C1,,PV-003003823962,351.44,823733398,0.206764492,0.102449472,0.1168011
162,CC1N(CN(CCN(C)C)C1=O)C(=O)NC1=CC=C(SC2CCCC2)C(F)=C1,,PV-008485505111,408.54,823733398,0.171530856,0.121123302,0.14872874
163,CC1N(CN(CCN(C)C)C1=O)C(=O)NC1=CC=C(SC(C)(C)C)C(F)=C1,,PV-002119420125,396.53,823733398,0.321293537,0.079556088,0.10121226
164,CC1N(CN(CCN(C)C)C1=O)C(=O)NC1=CC=C(SC(F)(F)F)C(F)=C1,,PV-007769448013,408.42,823733398,0.309809788,0.141445442,0.17214702
165,CC1N(CN(C)C1=O)C(=O)NC1=CC=C(SC(F)(F)F)C(F)=C1,,Z2439030588,351.32,823733398,0.214492513,0.119106126,0.13058496
166,CC1N(CN(C)C1=O)C(=O)NC1=CC(F)=C(SC(C)(C)C)C(F)=C1,,Z2439448260,357.42,823733398,0.457647472,0.089382746,0.10787131
167,CC1N(CN(CCN(C)C)C1=O)C(=O)NC1=CC=C(C(F)=C1)S(C)(=O)=O,,Z2439064107,386.44,823733398,0.105513037,0.021600624,0.04459936
168,CC1N(CN(CCN(C)C)C1=O)C(=O)NC1=CC=C(C(F)=C1)S(C)=O,,Z2439068861,370.44,823733398,0.228229894,0.03222143,0.05364091
169,CC1N(CN(C)C1=O)C(=O)NC1=CC=C(C(F)=C1)S(C)(=O)=O,,Z2439064056,329.35,823733398,0.114644964,0.018667772,0.04129738
170,CSC1=C(F)C=C(NC(=O)N2CN(CCN(C)C)C(=O)C2C)C=C1F,,Z2439255303,372.43,823733398,0.365174677,0.101922686,0.12652188
171,CC1N(CN(C)C1=O)C(=O)NC1=CC=C(C(F)=C1)S(C)=O,,Z2439068795,313.35,823733398,0.275650094,0.028946196,0.04912019
172,CSC1=C(F)C=C(NC(=O)N2CN(C)C(=O)C2C)C=C1F,,Z2439255253,315.34,823733398,0.399309452,0.085460436,0.09471197
173,CSC1=CC=C(NC(=O)N2CN(CCN(C)C)C(=O)C2C)C=C1F,,Z2439067669,354.44,823733398,0.263436365,0.077650137,0.0971472
174,CC1N(CN(C)C1=O)C(=O)NC1=CC=C(SC(C)(C)C)C(F)=C1,,Z2439448100,339.43,823733398,0.342764136,0.06673685,0.08170258
175,COCC12CC(C1)(N(C2)C(=O)C1=CC=C(F)C(SC)=C1)C(O)=O,,PV-006592109852,339.38,877609641,0.396460228,0.075561389,0.07554073
176,CSC1=CC(=CC=C1F)C(=O)N1CC2(CC1(C2)C(O)=O)C1=CC=CC=C1,,PV-007103936490,371.43,877609641,0.31867014,0.082769657,0.09722858
177,COC(=O)C12CC(C1)(CN2C(=O)C1=CC=C(F)C(SC)=C1)C1=CC=CC=C1,,PV-006951436353,385.45,877609641,0.08294123,0.104210953,0.12704921
178,CCC12CC(C1)(N(C2)C(=O)C1=CC=C(F)C(SC)=C1)C(O)=O,,PV-004517162331,323.38,877609641,0.377238069,0.076919734,0.07554596
179,COC(=O)C12CC(C1)C(C)N2C(=O)C1=CC=C(F)C(SC)=C1,,Z5457760113,323.38,877609641,0.140322788,0.080762699,0.09630899
180,CCOC(=O)C12CC(C)(C1)CN2C(=O)C1=CC=C(F)C(SC)=C1,,Z6095379585,337.41,877609641,0.128523348,0.090330982,0.08779856
181,COCC12CC(C1)(N(C2)C(=O)C1=CC=C(F)C(SC)=C1)C(=O)OC,,Z5013310323,353.41,877609641,0.177530598,0.098881797,0.09677708
182,COC(=O)C12CC(C)(C1)CN2C(=O)C1=CC=C(F)C(SC)=C1,,Z5013377625,323.38,877609641,0.145219137,0.121202357,0.11556839
183,CSC1=CC(=CC=C1F)C(=O)N1CC2(C)CC1(C2)C(O)=O,,Z4578055279,309.36,877609641,0.359786312,0.08464204,0.08408429
184,"C[C@@H]1[C@H]2C[C@@]1(N(C2)C(=O)C1=CC=C(F)C(=C1)S(C)(=O)=O)C(O)=O |&1:1,2,4,c:16,t:11,13|",,Z4576311987,341.35,877609641,0.100866963,0.021080734,0.04347071
185,CC12CC(C1)(N(C2)C(=O)C1=CC=C(F)C(=C1)S(C)(=O)=O)C(O)=O,,Z4578054412,341.35,877609641,0.122651364,0.039227417,0.05411075
186,CCC12CC(C1)(N(C2)C(=O)C1=CC=C(F)C(SC)=C1)C(=O)OC,,Z5013363883,337.41,877609641,0.151886295,0.110899952,0.10057627
187,CCOC(=O)C12CC(C1)CN2C(=O)C1=CC=C(F)C(SC)=C1,,Z2648001175,323.38,877609641,0.12297156,0.057793015,0.0719612
188,CSC1=CC(=CC=C1F)C(=O)N1C(C)C2CC1(C2)C(O)=O,,Z5523506442,309.36,877609641,0.360018862,0.050308468,0.06684469
189,"CSC1=CC(=CC=C1F)C(=O)N1C[C@@H]2C[C@]1([C@@H]2C)C(O)=O |&1:13,15,16,c:4,6,t:2|",,Z4576310414,309.36,877609641,0.349935457,0.040498194,0.06242244
190,CS(=O)(=O)C1=CC(=CC=C1F)C(=O)N1CC2CC1(C2)C(O)=O,,Z4522726000,327.33,877609641,0.109524221,0.025016974,0.04695109
191,COC1=C(F)C=C(NC(=O)N2C3CCC2CNC3)C(OC)=C1F,,Z2611623550,327.332,886500634,0.277471204,0.13118878,0.13226528
192,COC1=C(F)C=C(NC(=O)N2[C@H]3CC[C@@H]2C(=O)NC3)C(OC)=C1F,,Z5008699193,341.315,886500634,0.275536031,0.032585971,0.0582588
193,CC(C)(C)SC1=C(F)C=C(NC(=O)N2[C@H]3CC[C@@H]2C(=O)NC3)C=C1F,,PV-006167255886,369.43,886508537,0.499863838,0.043539218,0.07494322
194,FC1=CC(NC(=O)N2[C@H]3CC[C@@H]2C(=O)NC3)=CC=C1SC(F)(F)F,,PV-004921116826,363.33,886508537,0.285535868,0.065407586,0.09159304
195,CC(C)(C)SC1=CC=C(NC(=O)N2[C@H]3CC[C@@H]2C(=O)NC3)C=C1F,,PV-004728565838,351.44,886508537,0.401133902,0.031932353,0.05764045
196,FC1=CC(NC(=O)N2[C@H]3CC[C@@H]2C(=O)NC3)=CC=C1SC1CCCC1,,PV-004661386028,363.45,886508537,0.235669348,0.051111178,0.0787092
197,CSC1=C(F)C=C(NC(=O)N2[C@H]3CC[C@@H]2C(=O)NC3)C=C1F,,Z5008661415,327.35,886508537,0.490604568,0.036269503,0.06620895
198,CS(=O)(=O)C1=CC=C(NC(=O)N2C3CCC2CNC3)C=C1F,,Z2611592964,327.37,886508537,0.127078958,0.032053774,0.05498134
199,CSC1=CC=C(NC(=O)N2[C@H]3CC[C@@H]2C(=O)NC3)C=C1F,,Z5008642606,309.36,886508537,0.39102486,0.026531038,0.0528409
200,CSC1=C(F)C=C(NC(=O)N2C3CCC2CNC3)C=C1F,,Z2611607479,313.37,886508537,0.450256094,0.147535901,0.18460726
201,FC1=CC(NC(=O)N2C3CCC2CNC3)=CC=C1SC(F)(F)F,,Z2611590866,349.35,886508537,0.240457873,0.202827653,0.24618693
202,CS(=O)C1=CC=C(NC(=O)N2[C@H]3CC[C@@H]2C(=O)NC3)C=C1F,,Z5008642770,325.36,886508537,0.355179155,0.016432421,0.04032434
203,CS(=O)(=O)C1=CC=C(NC(=O)N2[C@H]3CC[C@@H]2C(=O)NC3)C=C1F,,Z5008642204,341.36,886508537,0.139521635,0.012411001,0.0368132
204,COC1=C(F)C=C(F)C=C1NC(=O)N1[C@H]2CC[C@@H]1C(=O)NC2,,Z5008646508,311.289,886511425,0.345786735,0.021281099,0.04690733
205,COC1=C(F)C=C(F)C=C1NC(=O)N1C2CCC1CN(C2)C(=O)OC(C)(C)C,,Z2621838541,397.423,886511425,0.184580038,0.0491268,0.05794776
206,COC1=CC(F)=C(F)C=C1NC(=O)N1[C@H]2CC[C@@H]1C(=O)NC2,,Z5008694106,311.289,886526308,0.347760106,0.026666039,0.05340081
207,COC1=CC(F)=C(F)C=C1NC(=O)N1C2CCC1CN(C2)C(=O)OC(C)(C)C,,Z2624049890,397.423,886526308,0.173491308,0.061939272,0.06840309
208,CS(=O)(=O)C1=C(F)C=CC=C1NC(=O)N1[C@H]2CC[C@@H]1C(=O)NC2,,Z5008702755,341.36,886530986,0.157756899,0.011302118,0.03593712
209,CSC1=C(F)C=CC=C1NC(=O)N1[C@H]2CC[C@@H]1C(=O)NC2,,Z5008713328,309.36,886530986,0.370989879,0.019300364,0.04304212
210,CSC1=C(F)C=CC=C1NC(=O)N1CN(CCN(C)C)C(=O)C1C,,Z2625189849,354.44,893304786,0.250674664,0.054870317,0.07021697
211,CC1N(CN(C)C1=O)C(=O)NC1=CC=CC(F)=C1S(C)(=O)=O,,Z2841220775,329.35,893304786,0.144191877,0.019233983,0.04126817
212,CC1N(CN(CCN(C)C)C1=O)C(=O)NC1=CC=CC(F)=C1S(C)(=O)=O,,Z2841220759,386.44,893304786,0.128125915,0.021627241,0.04457468
213,CC(C)(C(=O)NC1COC2=C1C(F)=CC(F)=C2)S(C)(=N)=O,,PV-008265443750,318.34,899668352,0.144733748,0.157661346,0.14976634
214,CC(C)(C(=O)NC1COC2=CC(F)=CC(F)=C12)S(=O)(=O)C1CC1,,Z2044241911,345.36,899668352,0.231394153,0.11376529,0.12094048
215,CC(C)(C(=O)NC1COC2=CC(F)=CC(F)=C12)S(=O)(=O)C1=CC=C(Cl)C=C1,,Z2121670164,415.84,899668352,0.121242676,0.30408809,0.32712974
216,CC(C)(C(=O)NC1COC2=CC(F)=CC(F)=C12)S(C)(=O)=O,,Z1654107057,319.32,899668352,0.21076018,0.139520192,0.12752291
217,CSC1=C(F)C=C(NC(=O)N2C[C@@H]3C[C@H]2CN3CC(F)F)C=C1F,,PV-004064661774,363.37,972542141,0.429943277,0.075617047,0.10068159
218,CSC1=C(F)C=C(NC(=O)N2C[C@@H]3C[C@H]2CN3C(=O)C(F)(F)F)C=C1F,,PV-005672513274,395.35,972542141,0.395959257,0.054580323,0.07139788
219,CSC1=C(F)C=C(NC(=O)N2C[C@@H]3C[C@H]2CN3C(C)C)C=C1F,,PV-002857667578,341.42,972542141,0.379184751,0.080583543,0.10622982
220,CC(=O)N1C[C@@H]2C[C@H]1CN2C(=O)NC1=CC(F)=C(SC(C)(C)C)C(F)=C1,,PV-004942430265,383.46,972542141,0.405797116,0.028735273,0.05263496
221,CSC1=C(F)C=C(NC(=O)N2C[C@@H]3C[C@H]2CN3C(=O)OC(C)(C)C)C=C1F,,PV-002357762291,399.46,972542141,0.363720202,0.04322044,0.05867596
222,CC(C)(C)SC1=C(F)C=C(NC(=O)N2C[C@@H]3C[C@H]2CN3C(N)=O)C=C1F,,Z4403384206,384.45,972542141,0.4142056,0.031208171,0.05584195
223,CCN1C[C@H]2C[C@@H]1CN2C(=O)NC1=CC(F)=C(SC)C(F)=C1,,Z3175338283,327.39,972542141,0.378649972,0.067977237,0.09446717
224,CSC1=C(F)C=C(NC(=O)N2C[C@@H]3C[C@H]2CN3C(C)=O)C=C1F,,Z3841425563,341.38,972542141,0.408752406,0.024771711,0.04743119
225,CSC1=C(F)C=C(NC(=O)N2C[C@@H]3C[C@H]2CN3C(N)=O)C=C1F,,Z4403173499,342.36,972542141,0.3683719,0.025285862,0.04815053
226,CSC1=C(F)C=C(NC(=O)N2C[C@@H]3C[C@H]2CN3C2CC2)C=C1F,,Z4194681806,339.4,972542141,0.343477025,0.088225635,0.11534627
227,CC(C)(C)SC1=C(F)C=C(NC(=O)NC2(CCO)COC2)C=C1F,,PV-002136259290,360.42,1000495821,0.385729394,0.183326576,0.24131005
228,CC(C)(C)SC1=C(F)C=C(NC(=O)NC2(C)COC2)C=C1F,,PV-002135774653,330.39,1000495821,0.378147981,0.164182502,0.19827398
229,COC(=O)C1=CC=C(C=C1)C1(COC1)NC(=O)NC1=CC(F)=C(SC)C(F)=C1,,PV-008428913429,408.42,1000495821,0.256020389,0.178829499,0.1992403
230,CN(C(=O)NC1=CC(F)=C(SC(C)(C)C)C(F)=C1)C1(CO)COC1,,PV-007046578296,360.42,1000495821,0.448569506,0.154267723,0.18899832
231,CN(C)C(=O)CC1(COC1)NC(=O)NC1=CC(F)=C(SC(C)(C)C)C(F)=C1,,PV-008100930269,401.47,1000495821,0.411324689,0.09551308,0.11472532
232,CSC1=C(F)C=C(NC(=O)NC2(COC2)C2=CC=C(F)C=C2)C=C1F,,PV-002468410054,368.37,1000495821,0.376258346,0.382858063,0.39117495
233,CSC1=C(F)C=C(NC(=O)NC2(CC3=CC=CC=C3)COC2)C=C1F,,PV-003991279860,364.41,1000495821,0.271514992,0.265634791,0.27072463
234,CSC1=C(F)C=C(NC(=O)N(CC2=CC=CC=C2)C2(CO)COC2)C=C1F,,PV-006869518516,394.44,1000495821,0.26438824,0.254571847,0.24959045
235,CC(C)(C)SC1=C(F)C=C(NC(=O)NC2(CF)COC2)C=C1F,,PV-002801325530,348.38,1000495821,0.397460326,0.208449583,0.24452803
236,COC(=O)CC1(COC1)NC(=O)NC1=CC(F)=C(SC(C)(C)C)C(F)=C1,,PV-004512836370,388.43,1000495821,0.394357724,0.15531678,0.21285547
237,CC(C)(C)SC1=C(F)C=C(NC(=O)NC2(COC2)C2=NC=CO2)C=C1F,,Z5160912819,383.41,1000495821,0.416811896,0.302657392,0.32398563
238,CCC1(COC1)NC(=O)NC1=CC(F)=C(SC)C(F)=C1,,Z3694503489,302.34,1000495821,0.331078845,0.181398066,0.20156577
239,CSC1=C(F)C=C(NC(=O)N(C)C2(CO)COC2)C=C1F,,Z5196120559,318.34,1000495821,0.450488552,0.156633572,0.16141664
240,CSC1=C(F)C=C(NC(=O)NC2(CO)COC2)C=C1F,,Z4264302814,304.31,1000495821,0.396555889,0.166729095,0.1939366
241,CC(C)(C)SC1=C(F)C=C(NC(=O)NC2(CO)COC2)C=C1F,,Z4265260759,346.39,1000495821,0.406947408,0.159381038,0.21456802
242,CSC1=C(F)C=C(NC(=O)NC2(COC2)C2=NC=CO2)C=C1F,,Z5160821510,341.33,1000495821,0.448330008,0.289335426,0.30956513
243,CSC1=C(F)C=C(NC(=O)NC2(COC2)C(F)F)C=C1F,,Z4465817498,324.29,1000495821,0.35766946,0.213467656,0.24536747
244,COC(=O)CC1(COC1)NC(=O)NC1=CC(F)=C(SC)C(F)=C1,,Z4111575676,346.35,1000495821,0.359233887,0.153927612,0.18312537
245,CSC1=C(F)C=C(NC(=O)NC2(CF)COC2)C=C1F,,Z4403173483,306.3,1000495821,0.355904552,0.193981059,0.21273324
246,CSC1=C(F)C=C(NC(=O)NC2(CCO)COC2)C=C1F,,Z2995393206,318.34,1000495821,0.3862772,0.177506206,0.22587829
247,CSC1=C(F)C=C(NC(=O)NC2(CC(=O)N(C)C)COC2)C=C1F,,Z3694503488,359.39,1000495821,0.440780248,0.094438818,0.09816213
248,"CSC1=CC=C(NC(=O)N[C@@H]2C[C@H]3CC[C@@H]2N3)C=C1F |&1:10,12,15,c:19,t:2,4|",,Z2997686357,295.38,1082437513,0.295645415,0.104351702,0.1170088
249,"FC1=CC(NC(=O)N[C@@H]2C[C@@H]3CC[C@H]2N3)=CC=C1SC(F)(F)F |&1:8,10,13,c:16,18,t:1|",,Z2997674500,349.35,1082437513,0.246704006,0.155261508,0.16313082
250,"FC1=CC(NC(=O)N[C@@H]2C[C@H]3CC[C@@H]2N3)=CC=C1SC(F)(F)F |&1:8,10,13,c:16,18,t:1|",,Z2997674498,349.35,1082437513,0.244139918,0.178977261,0.1841885
251,"CS(=O)(=O)C1=CC=C(NC(=O)N[C@@H]2C[C@@H]3CC[C@H]2N3)C=C1F |&1:12,14,17,c:21,t:4,6|",,Z2997685626,327.37,1082437513,0.115122094,0.027615461,0.04835088
252,"CS(=O)(=O)C1=CC=C(NC(=O)N[C@@H]2C[C@H]3CC[C@@H]2N3)C=C1F |&1:12,14,17,c:21,t:4,6|",,Z2997685629,327.37,1082437513,0.111042966,0.030289197,0.05067111
253,"CSC1=C(F)C=C(NC(=O)N[C@@H]2C[C@@H]3CC[C@H]2N3)C=C1F |&1:11,13,16,c:2,20,t:5|",,Z2997745146,313.37,1082437513,0.406977531,0.111185276,0.12825346
254,"CSC1=C(F)C=C(NC(=O)N[C@@H]2C[C@H]3CC[C@@H]2N3)C=C1F |&1:11,13,16,c:2,20,t:5|",,Z2997745149,313.37,1082437513,0.4012168,0.135817103,0.15714379
255,"FC1=CC(NC(=O)N[C@@H]2C[C@@H]3O[C@H]2[C@H]2C[C@@H]32)=CC=C1SC(F)(F)F |&1:8,10,12,13,15,c:18,20,t:1|",,PV-004134447183,362.34,1160399807,0.215003415,0.216628403,0.19381356
256,"CSC1=CC=C(NC(=O)N[C@H]2[C@H]3CC[C@H](O3)[C@@H]2C(F)(F)F)C=C1F |&1:10,11,14,16,c:23,t:2,4|",,PV-004080463278,364.36,1160399807,0.345871813,0.241899596,0.21696082
257,"FC1=CC(NC(=O)N[C@@H]2C[C@@H]3CC[C@H]2O3)=CC=C1SC(F)(F)F |&1:8,10,13,c:16,18,t:1|",,PV-003470670307,350.33,1160399807,0.253985257,0.207242249,0.19930539
258,"CSC1=C(F)C=C(NC(=O)N[C@H]2[C@H]3CC[C@H](O3)[C@@H]2C(F)(F)F)C=C1F |&1:11,12,15,17,c:2,24,t:5|",,PV-005031423151,382.35,1160399807,0.370116798,0.269167304,0.24127648
259,"CS(=O)(=O)C1=CC=C(NC(=O)N[C@@H]2C[C@@H]3O[C@H]2[C@H]2C[C@@H]32)C=C1F |&1:12,14,16,17,19,c:23,t:4,6|",,Z2949058982,340.37,1160399807,0.105941172,0.047742805,0.0611407
260,"CS(=O)(=O)C1=CC=C(NC(=O)N[C@@H]2C[C@@H]3CC[C@H]2O3)C=C1F |&1:12,14,17,c:21,t:4,6|",,Z3174802364,328.36,1160399807,0.104075533,0.040539981,0.05794149
261,"CSC1=C(F)C=C(NC(=O)N[C@@H]2C[C@@H]3O[C@H]2[C@H]2C[C@@H]32)C=C1F |&1:11,13,15,16,18,c:2,22,t:5|",,Z2950452595,326.36,1160399807,0.382906473,0.162868144,0.16024875
262,"CSC1=C(F)C=C(NC(=O)N[C@@H]2C[C@@H]3CC[C@H]2O3)C=C1F |&1:11,13,16,c:2,20,t:5|",,Z3175338329,314.35,1160399807,0.407400434,0.169697252,0.16914776
263,"CS(=O)C1=CC=C(NC(=O)N[C@@H]2C[C@@H]3O[C@H]2[C@H]2C[C@@H]32)C=C1F |&1:11,13,15,16,18,c:22,t:3,5|",,Z2949095520,324.37,1160399807,0.214195532,0.075356924,0.07998736
264,"CS(=O)C1=CC=C(NC(=O)N[C@H]2[C@H]3CC[C@H](O3)[C@@H]2C(F)(F)F)C=C1F |&1:11,12,15,17,c:24,t:3,5|",,Z3840595254,380.36,1160399807,0.343214929,0.167361161,0.15661814
265,"CS(=O)C1=CC=C(NC(=O)N[C@@H]2C[C@@H]3CC[C@H]2O3)C=C1F |&1:11,13,16,c:20,t:3,5|",,Z3174813718,312.36,1160399807,0.279780802,0.072219064,0.08040303
266,"CS(=O)(=O)C1=CC=C(NC(=O)N[C@H]2[C@H]3CC[C@H](O3)[C@@H]2C(F)(F)F)C=C1F |&1:12,13,16,18,c:25,t:4,6|",,Z3840562992,396.36,1160399807,0.284026736,0.110923089,0.11688394
267,"CSC1=CC=C(NC(=O)N[C@@H]2C[C@@H]3O[C@H]2[C@H]2C[C@@H]32)C=C1F |&1:10,12,14,15,17,c:21,t:2,4|",,Z2949084227,308.37,1160399807,0.236205651,0.132929928,0.13170411
268,COC1=C(F)C=C(NC(=O)N2CCN3CCC2C3)C(OC)=C1F,,Z3175811909,327.332,1160525106,0.278866516,0.11708938,0.11793792
269,OC(=O)C1=CC(=CN(C2CC2)C1=O)C1=CC(CN2C=CC=N2)=CC=C1F,,PV-002823873171,353.353,1199075771,0.226231985,0.068309755,0.08490642
270,OC(=O)C1=CC(=CN(C2CC2)C1=O)C1=CC(=CC=C1F)C1(CC1)C#N,,Z3775981838,338.338,1199075771,0.152241857,0.056984225,0.07802197
271,OC(=O)C1=CC(=CN(C2CC2)C1=O)C1=CC(CN2CCCC2)=CC=C1F,,Z3337906235,356.397,1199075771,0.315732833,0.068444838,0.08513961
272,OC(=O)C1=CC(=CN(C2CC2)C1=O)C1=CC(=CC=C1F)C(F)(F)F,,Z3256648100,341.262,1199075771,0.126108555,0.086706767,0.10844665
273,CC1=CC(=C(F)C=C1F)C1=CN(C2CC2)C(=O)C(=C1)C(O)=O,,Z3256637994,305.281,1199075771,0.368176087,0.056498066,0.07296805
274,CN(C)CC1=CC=C(F)C(=C1)C1=CN(C2CC2)C(=O)C(=C1)C(O)=O,,Z3337908051,330.359,1199075771,0.294470029,0.059835613,0.07564584
275,FC1=CC2=C(OC3(CC2NC(=O)N3CC2=CC=CS2)[C@@H]2CCCO2)C(F)=C1,,PV-006228213394,392.42,1350694573,0.197637664,0.11131524,0.13953217
276,FC1=CC2=C(OC3(CC2NC(=O)N3CC2=CC=CS2)[C@H]2CCCO2)C(F)=C1,,PV-006228213393,392.42,1350694573,0.197873667,0.115344984,0.13732665
277,CC(C)CN1C(=O)NC2CC1(OC1=C2C=C(F)C=C1F)[C@H]1CCCO1,,PV-002974803995,352.382,1350694573,0.225305321,0.140026271,0.14283856
278,CC(C)CN1C(=O)NC2CC1(OC1=C2C=C(F)C=C1F)[C@@H]1CCCO1,,PV-002974803994,352.382,1350694573,0.224665546,0.130486651,0.14589701
279,CC(C)(C)CN1C(=O)NC2CC1(OC1=C2C=C(F)C=C1F)[C@H]1CCCO1,,PV-006152192017,366.409,1350694573,0.232535914,0.18636543,0.1671562
280,CC(C)(C)CN1C(=O)NC2CC1(OC1=C2C=C(F)C=C1F)[C@@H]1CCCO1,,PV-006152192016,366.409,1350694573,0.232389789,0.167203375,0.17012215
281,FC1=CC2=C(OC3(CC2NC(=O)N3C2CCCC2)[C@@H]2CCCO2)C(F)=C1,,PV-004056979186,364.393,1350694573,0.212277303,0.247638573,0.23736454
282,FC1=CC2=C(OC3(CC2NC(=O)N3C2=CC=CC=C2)[C@H]2CCCO2)C(F)=C1,,PV-005672013950,372.372,1350694573,0.122505715,0.277388117,0.25287247
283,FC1=CC2=C(OC3(CC2NC(=O)N3C2=CC=CC=C2)[C@@H]2CCCO2)C(F)=C1,,PV-005672013949,372.372,1350694573,0.120939848,0.270702793,0.26678986
284,FC1=CC2=C(OC3(CC2NC(=O)N3CC2=CC=CC=C2)[C@@H]2CCCO2)C(F)=C1,,PV-005512312062,386.399,1350694573,0.12590439,0.158982161,0.17680165
285,FC1=CC2=C(OC3(CC2NC(=O)N3CC2=CC=CC=C2)[C@H]2CCCO2)C(F)=C1,,PV-005512312061,386.399,1350694573,0.126296964,0.163391779,0.17560855
286,CCCCN1C(=O)NC2CC1(OC1=C2C=C(F)C=C1F)[C@H]1CCCO1,,PV-002868279092,352.382,1350694573,0.2129951,0.133139387,0.14002578
287,CCCCN1C(=O)NC2CC1(OC1=C2C=C(F)C=C1F)[C@@H]1CCCO1,,PV-002868279091,352.382,1350694573,0.213776388,0.129673834,0.14541606
288,FC1=CC2=C(OC3(CC2NC(=O)N3CCC2CC2)[C@@H]2CCCO2)C(F)=C1,,PV-006921362478,364.393,1350694573,0.188211318,0.107501605,0.12630049
289,FC1=CC2=C(OC3(CC2NC(=O)N3CCC2CC2)[C@H]2CCCO2)C(F)=C1,,PV-006921362477,364.393,1350694573,0.187726293,0.109769782,0.12360449
290,FC1=CC2=C(OC3(CC2NC(=O)N3CCC2=CC=CS2)[C@H]2CCCO2)C(F)=C1,,PV-007673425568,406.45,1350694573,0.188321679,0.104411629,0.13248105
291,FC1=CC2=C(OC3(CC2NC(=O)N3CCC2=CC=CS2)[C@@H]2CCCO2)C(F)=C1,,PV-007673425567,406.45,1350694573,0.189290968,0.102294545,0.13358547
292,CC(C)CCN1C(=O)NC2CC1(OC1=C2C=C(F)C=C1F)[C@@H]1CCCO1,,PV-004293240670,366.409,1350694573,0.183205793,0.111651827,0.12862673
293,CC(C)CCN1C(=O)NC2CC1(OC1=C2C=C(F)C=C1F)[C@H]1CCCO1,,PV-004293240669,366.409,1350694573,0.182857201,0.114509429,0.12652428
294,FC1=CC2=C(OC3(CC2NC(=O)N3CCC2=CC=CC=N2)[C@@H]2CCCO2)C(F)=C1,,PV-007233359040,401.414,1350694573,0.163738396,0.081297108,0.1144368
295,FC1=CC2=C(OC3(CC2NC(=O)N3CCC2=CC=CC=N2)[C@H]2CCCO2)C(F)=C1,,PV-007233359039,401.414,1350694573,0.163473716,0.084358599,0.11420311
296,CCN1C(=O)NC2CC1(OC1=C(F)C=C(F)C=C21)[C@@H]1CCCO1,,Z3547994759,324.328,1350694573,0.257264324,0.075848554,0.10313805
297,CCN1C(=O)NC2CC1(OC1=C(F)C=C(F)C=C21)[C@H]1CCCO1,,Z3547993056,324.328,1350694573,0.257971424,0.080112899,0.10189864
298,FC1=CC(F)=C2OC3(CC(NC(=O)N3C3CCC3)C2=C1)[C@@H]1CCCO1,,Z3548000664,350.366,1350694573,0.221521068,0.211922352,0.2062915
299,FC1=CC(F)=C2OC3(CC(NC(=O)N3CC3=CC=CN=C3)C2=C1)[C@H]1CCCO1,,Z3547990519,387.387,1350694573,0.183571443,0.11633924,0.13466396
300,FC1=CC(F)=C2OC3(CC(NC(=O)N3CC3=CC=CN=C3)C2=C1)[C@@H]1CCCO1,,Z3547997627,387.387,1350694573,0.183449125,0.110152092,0.13562406
301,CSCCN1C(=O)NC2CC1(OC1=C(F)C=C(F)C=C21)[C@H]1CCCO1,,Z3547987655,370.41,1350694573,0.242751567,0.085456214,0.103664
302,CSCCN1C(=O)NC2CC1(OC1=C(F)C=C(F)C=C21)[C@@H]1CCCO1,,Z3548000873,370.41,1350694573,0.243498904,0.080689663,0.104134
303,FC1=CC(F)=C2OC3(CC(NC(=O)N3CC3CC3)C2=C1)[C@@H]1CCCO1,,Z3547997773,350.366,1350694573,0.230960087,0.146552079,0.16113183
304,CN1C(=O)NC2CC1(OC1=C(F)C=C(F)C=C21)[C@H]1CCCO1,,Z3547993900,310.301,1350694573,0.319714623,0.101394222,0.11215531
305,CN1C(=O)NC2CC1(OC1=C(F)C=C(F)C=C21)[C@@H]1CCCO1,,Z3547994152,310.301,1350694573,0.317420213,0.098123246,0.11707211
306,FC1=CC(F)=C2OC3(CC(NC(=O)N3CC3=NC=CS3)C2=C1)[C@H]1CCCO1,,Z3547988631,393.41,1350694573,0.228370887,0.196863913,0.16998499
307,FC1=CC(F)=C2OC3(CC(NC(=O)N3CC3=CC=CO3)C2=C1)[C@@H]1CCCO1,,Z3547995568,376.36,1350694573,0.143156664,0.090299021,0.12147119
308,FC1=CC(F)=C2OC3(CC(NC(=O)N3CC3=CC=CO3)C2=C1)[C@H]1CCCO1,,Z3547992644,376.36,1350694573,0.143853537,0.094295888,0.1209216
309,FC1=CC(F)=C2OC3(CC(NC(=O)N3CC(F)(F)F)C2=C1)[C@H]1CCCO1,,Z3547990702,378.299,1350694573,0.239824849,0.126539477,0.13938621
310,FC1=CC(F)=C2OC3(CC(NC(=O)N3CC(F)(F)F)C2=C1)[C@@H]1CCCO1,,Z3547997289,378.299,1350694573,0.240005381,0.12239772,0.13859908
311,COCCN1C(=O)NC2CC1(OC1=C(F)C=C(F)C=C21)[C@H]1CCCO1,,Z3547992063,354.354,1350694573,0.213061661,0.108720695,0.12068595
312,COCCN1C(=O)NC2CC1(OC1=C(F)C=C(F)C=C21)[C@@H]1CCCO1,,Z3547996145,354.354,1350694573,0.213714179,0.098370523,0.12008918
313,FC1=CC(F)=C2OC3(CC(NC(=O)N3C3CC3)C2=C1)[C@H]1CCCO1,,Z3547991261,336.339,1350694573,0.248697169,0.178468699,0.16872679
314,FC1=CC(F)=C2OC3(CC(NC(=O)N3C3CC3)C2=C1)[C@@H]1CCCO1,,Z3547996942,336.339,1350694573,0.2483412,0.168280172,0.17158595
315,COC1=C(F)C=CC(NC(=O)C23CC(C2)CN3C2CC2)=C1F,,Z3655602882,308.329,1435769908,0.229734776,0.202941579,0.19795857
316,FC1=CC(F)=C2C=CC(=NC2=C1)N1[C@H]2CC[C@@H]1C(=O)NC2,,Z5023177359,289.286,1520521788,0.283990039,0.052452458,0.08572285
317,COC(=O)C1=CC=NC(N2CCC(C2)C23CC(C2)C3)=C1F,,Z5217604936,290.338,1581088971,0.073288188,0.071599716,0.08479754
318,COCC12CC(NC(=O)N1C1=CC=C(C)C=C1C)C1=C(O2)C(F)=CC(F)=C1,,PV-006598009924,374.388,1694347869,0.226142567,0.20472776,0.20385353
319,COCC12CC(NC(=O)N1C1=CC=C(C)C(F)=C1)C1=C(O2)C(F)=CC(F)=C1,,PV-006397316875,378.351,1694347869,0.295562395,0.229436098,0.24457911
320,CSCCN1C(=O)NC2CC1(COC(C)(C)C)OC1=C2C=C(F)C=C1F,,PV-007104269755,386.46,1694347869,0.246037575,0.099798193,0.11123249
321,COCC12CC(NC(=O)N1C1=CC=C3OCCOC3=C1)C1=C(O2)C(F)=CC(F)=C1,,PV-008488760876,404.37,1694347869,0.153293009,0.184115723,0.21019308
322,COCC12CC(NC(=O)N1CC1CCCCC1)C1=C(O2)C(F)=CC(F)=C1,,PV-005862237943,366.409,1694347869,0.233910805,0.254229086,0.25957651
323,COCC12CC(NC(=O)N1C1=CC=C(C)C=C1)C1=C(O2)C(F)=CC(F)=C1,,PV-004062581346,360.361,1694347869,0.203010328,0.20000718,0.20551877
324,COCC12CC(NC(=O)N1CCCC1=CC=CC=C1)C1=C(O2)C(F)=CC(F)=C1,,PV-005687099805,388.415,1694347869,0.153624048,0.174839438,0.18248785
325,COCC12CC(NC(=O)N1CC1=CC=C(F)C=C1F)C1=C(O2)C(F)=CC(F)=C1,,PV-008210594653,396.342,1694347869,0.279013333,0.181971089,0.19361077
326,COCC12CC(NC(=O)N1C1=CC(C)=CC=C1C)C1=C(O2)C(F)=CC(F)=C1,,PV-005627985400,374.388,1694347869,0.214678196,0.207723309,0.2191659
327,COCC12CC(NC(=O)N1CC1=CC(OC)=CC=C1)C1=C(O2)C(F)=CC(F)=C1,,PV-005534017952,390.387,1694347869,0.153232875,0.145238083,0.17011696
328,COCC12CC(NC(=O)N1C1=C(C)C(C)=CC=C1)C1=C(O2)C(F)=CC(F)=C1,,PV-005479784820,374.388,1694347869,0.208278558,0.188714976,0.1995559
329,COCC12CC(NC(=O)N1CCC1=CC=CS1)C1=C(O2)C(F)=CC(F)=C1,,PV-005478334058,380.41,1694347869,0.232448647,0.098048388,0.12314017
330,CC(C)(C)OCC12CC(NC(=O)N1CC1=NC=CS1)C1=C(O2)C(F)=CC(F)=C1,,PV-007974629953,409.45,1694347869,0.247178524,0.194898657,0.18715961
331,COCC12CC(NC(=O)N1CC1=CC=CC=C1OC)C1=C(O2)C(F)=CC(F)=C1,,PV-005238566851,390.387,1694347869,0.135485288,0.129423625,0.15464811
332,COCC12CC(NC(=O)N1CC1=CC=CC=C1)C1=C(O2)C(F)=CC(F)=C1,,PV-004008433858,360.361,1694347869,0.164998312,0.143326895,0.167803
333,COCC12CC(NC(=O)N1CC1=CC=CC=C1F)C1=C(O2)C(F)=CC(F)=C1,,PV-005220863616,378.351,1694347869,0.200035895,0.133172262,0.15782137
334,COCC12CC(NC(=O)N1C1=CC=CC=C1F)C1=C(O2)C(F)=CC(F)=C1,,PV-003991504926,364.324,1694347869,0.269403461,0.212063212,0.22496748
335,CC(C)(C)OCC12CC(NC(=O)N1CC1CC1)C1=C(O2)C(F)=CC(F)=C1,,PV-006867334030,366.409,1694347869,0.23925766,0.152372937,0.1649627
336,COCCN1C(=O)NC2CC1(COC(C)(C)C)OC1=C2C=C(F)C=C1F,,PV-006867292124,370.397,1694347869,0.226833228,0.132005046,0.14917052
337,COCC12CC(NC(=O)N1CCC(C)C)C1=C(O2)C(F)=CC(F)=C1,,PV-003315456781,340.371,1694347869,0.217675411,0.099990099,0.11202688
338,COCC12CC(NC(=O)N1CC1=CC(F)=CC=C1)C1=C(O2)C(F)=CC(F)=C1,,PV-004858727955,378.351,1694347869,0.232679765,0.17172582,0.19066428
339,CC(C)(C)OCC12CC(NC(=O)N1C1CCC1)C1=C(O2)C(F)=CC(F)=C1,,PV-006807943491,366.409,1694347869,0.2295377,0.212509871,0.19265483
340,CC(C)(C)OCC12CC(NC(=O)N1CC1=CC=CN=C1)C1=C(O2)C(F)=CC(F)=C1,,PV-007520200719,403.43,1694347869,0.202014105,0.141932138,0.15109524
341,CC(C)(C)OCC12CC(NC(=O)N1C1CC1)C1=C(O2)C(F)=CC(F)=C1,,PV-006774465730,352.382,1694347869,0.250168322,0.176456713,0.16558392
342,COCC12CC(NC(=O)N1CC1=CC=C(OC)C=C1)C1=C(O2)C(F)=CC(F)=C1,,PV-004394695129,390.387,1694347869,0.146151214,0.16784578,0.19120596
343,CC(C)(C)OCC12CC(NC(=O)N1CC(F)(F)F)C1=C(O2)C(F)=CC(F)=C1,,PV-006733588635,394.342,1694347869,0.237044883,0.144930507,0.15097425
344,COCC12CC(NC(=O)N1C1=CC=CC=C1)C1=CC(F)=CC(F)=C1O2,,Z4212818761,346.334,1694347869,0.153805305,0.177684646,0.19320571
345,CC(C)(C)OCC12CC(NC(=O)N1)C1=CC(F)=CC(F)=C1O2,,Z5187955441,312.317,1694347869,0.302097733,0.150379905,0.16772722
346,COCC12CC(NC(=O)N1C1CCCC1)C1=CC(F)=CC(F)=C1O2,,Z4212817705,338.355,1694347869,0.25631335,0.186203465,0.17653438
347,COCC12CC(NC(=O)N1CC1=NC=CS1)C1=CC(F)=CC(F)=C1O2,,Z4212809454,367.37,1694347869,0.291361633,0.148532406,0.15827802
348,COCC12CC(NC(=O)N1CCC1=CC=CC=N1)C1=CC(F)=CC(F)=C1O2,,Z4212811451,375.376,1694347869,0.214617212,0.076904585,0.10285367
349,COCC12CC(NC(=O)N1CC1=CC=CS1)C1=CC(F)=CC(F)=C1O2,,Z4212819202,366.38,1694347869,0.264910451,0.103504343,0.13032081
350,COCC12CC(NC(=O)N1CCC1CC1)C1=CC(F)=CC(F)=C1O2,,Z5187952852,338.355,1694347869,0.220882373,0.09148301,0.10489406
351,CN1C(=O)NC2CC1(COC(C)(C)C)OC1=C(F)C=C(F)C=C21,,Z5187954780,326.344,1694347869,0.306214354,0.119389098,0.13308396
352,COCC12CC(NC(=O)N1C1CCC1)C1=CC(F)=CC(F)=C1O2,,Z4212807799,324.328,1694347869,0.263090105,0.157545915,0.15443972
353,CCCCN1C(=O)NC2CC1(COC)OC1=C(F)C=C(F)C=C21,,Z4212817794,326.344,1694347869,0.238587102,0.107852287,0.12514253
354,CCN1C(=O)NC2CC1(COC)OC1=C(F)C=C(F)C=C21,,Z4212818332,298.29,1694347869,0.286137698,0.065403816,0.08667878
355,COCC12CC(NC(=O)N1CC(F)(F)F)C1=CC(F)=CC(F)=C1O2,,Z4212813594,352.261,1694347869,0.294450402,0.10599927,0.12519013
356,COCCN1C(=O)NC2CC1(COC)OC1=C(F)C=C(F)C=C21,,Z4212816652,328.316,1694347869,0.271930001,0.089339938,0.11622025
357,COCC12CC(NC(=O)N1CC1=CC=CN=C1)C1=CC(F)=CC(F)=C1O2,,Z4212813421,361.349,1694347869,0.249209947,0.09644299,0.12036151
358,COCC12CC(NC(=O)N1CCSC)C1=CC(F)=CC(F)=C1O2,,Z4212807242,344.38,1694347869,0.282733762,0.06921229,0.08673871
359,COCC12CC(NC(=O)N1CC(C)C)C1=CC(F)=CC(F)=C1O2,,Z4212816761,326.344,1694347869,0.27649719,0.103682746,0.12702863
360,COCC12CC(NC(=O)N1C1CC1)C1=CC(F)=CC(F)=C1O2,,Z4212814929,310.301,1694347869,0.279158619,0.128782401,0.13190293
361,COCC12CC(NC(=O)N1CC1CC1)C1=CC(F)=CC(F)=C1O2,,Z4212812923,324.328,1694347869,0.269207717,0.101669753,0.12970607
362,COCC12CC(NC(=O)N1CC(F)(F)F)C1=CC(Cl)=CC(F)=C1O2,,PV-006594422831,368.71,1694347932,0.31735585,0.135051734,0.14239869
363,COCC12CC(NC(=O)N1CC1=CC=C(OC)C=C1)C1=CC(Cl)=CC(F)=C1O2,,PV-008682283193,406.84,1694347932,0.201652188,0.216650762,0.2240357
364,COCC12CC(NC(=O)N1CCC1=CC=CS1)C1=CC(Cl)=CC(F)=C1O2,,PV-008648935108,396.86,1694347932,0.285764185,0.115203877,0.13533318
365,COCC12CC(NC(=O)N1C1=CC=CC=C1)C1=CC(Cl)=CC(F)=C1O2,,PV-004101799586,362.79,1694347932,0.200847811,0.213115712,0.21588601
366,COCC12CC(NC(=O)N1CCSC)C1=CC(Cl)=CC(F)=C1O2,,PV-004100179340,360.83,1694347932,0.261966944,0.088491327,0.0981516
367,COCC12CC(NC(=O)N1CC1=CC(OC)=CC=C1)C1=CC(Cl)=CC(F)=C1O2,,PV-008474631742,406.84,1694347932,0.20280186,0.190797864,0.20184957
368,COCC12CC(NC(=O)N1CC1=CC=CO1)C1=CC(Cl)=CC(F)=C1O2,,PV-005933887213,366.77,1694347932,0.255968241,0.116212593,0.13564211
369,CCCCN1C(=O)NC2CC1(COC)OC1=C(F)C=C(Cl)C=C21,,PV-002939423979,342.8,1694347932,0.270029168,0.138515513,0.14488882
370,COCC12CC(NC(=O)N1CC(C)(C)C)C1=CC(Cl)=CC(F)=C1O2,,PV-002919642815,356.82,1694347932,0.318863209,0.173487982,0.17404519
371,CCN1C(=O)NC2CC1(COC(C)(C)C)OC1=C(F)C=C(Cl)C=C21,,PV-006981344132,356.82,1694347932,0.311354873,0.126899779,0.13477536
372,COCC12CC(NC(=O)N1CC(C)C)C1=CC(Cl)=CC(F)=C1O2,,PV-002872740655,342.8,1694347932,0.31060916,0.135405469,0.14806269
373,COCC12CC(NC(=O)N1CC1=CC=CC=C1)C1=CC(Cl)=CC(F)=C1O2,,PV-005390618330,376.81,1694347932,0.209930808,0.173208109,0.18769616
374,COCC12CC(NC(=O)N1CCC(C)C)C1=CC(Cl)=CC(F)=C1O2,,PV-003397826579,356.82,1694347932,0.253970036,0.130036346,0.13293013
375,COCC12CC(NC(=O)N1C1CCCC1)C1=CC(Cl)=CC(F)=C1O2,,PV-002842028892,354.81,1694347932,0.281578951,0.205609239,0.19622828
376,COCCN1C(=O)NC2CC1(COC(C)(C)C)OC1=C(F)C=C(Cl)C=C21,,PV-006897349005,386.85,1694347932,0.279514176,0.169674649,0.17749962
377,COCC12CC(NC(=O)N1CC1=CC=CS1)C1=CC(Cl)=CC(F)=C1O2,,PV-004990664284,382.83,1694347932,0.30033307,0.119928838,0.14063427
378,COCC12CC(NC(=O)N1CCC1CC1)C1=CC(Cl)=CC(F)=C1O2,,PV-006813155252,354.81,1694347932,0.230846505,0.117759252,0.12456114
379,COCC12CC(NC(=O)N1CC1=CC=CC=C1OC)C1=CC(Cl)=CC(F)=C1O2,,PV-007509369159,406.84,1694347932,0.185365832,0.166408176,0.18086089
380,CC(C)(C)OCC12CC(NC(=O)N1)C1=CC(Cl)=CC(F)=C1O2,,Z5187955469,328.77,1694347932,0.333083356,0.178785514,0.18305865
381,CN1C(=O)NC2CC1(COC(C)(C)C)OC1=C(F)C=C(Cl)C=C21,,Z5187954806,342.8,1694347932,0.335601057,0.148167667,0.1510508
382,COCC12CC(NC(=O)N1C)C1=CC(Cl)=CC(F)=C1O2,,Z4212819362,300.71,1694347932,0.327846604,0.108176391,0.12209809
383,COCC12CC(NC(=O)N1CC1=CC=CN=C1)C1=CC(Cl)=CC(F)=C1O2,,Z4212813133,377.8,1694347932,0.312097388,0.138083587,0.15127937
384,COCCN1C(=O)NC2CC1(COC)OC1=C(F)C=C(Cl)C=C21,,Z4212816174,344.77,1694347932,0.317999349,0.119849456,0.13976602
385,COCC12CC(NC(=O)N1CC1=NC=CS1)C1=CC(Cl)=CC(F)=C1O2,,Z4212809621,383.82,1694347932,0.342535291,0.178293394,0.17278191
386,COCC12CC(NC(=O)N1C1CC1)C1=CC(Cl)=CC(F)=C1O2,,Z4212815090,326.75,1694347932,0.286673368,0.152151428,0.15082056
387,COCC12CC(NC(=O)N1CCC1=CC=CC=N1)C1=CC(Cl)=CC(F)=C1O2,,Z4212811083,391.83,1694347932,0.282874402,0.110434935,0.12892907
388,COCC12CC(NC(=O)N1C1CCC1)C1=CC(Cl)=CC(F)=C1O2,,Z4212807901,340.78,1694347932,0.28004361,0.180164289,0.174709
389,COCC12CC(NC(=O)N1CC1CC1)C1=CC(Cl)=CC(F)=C1O2,,Z4212812996,340.78,1694347932,0.262630254,0.131363476,0.14947192
390,CCN1C(=O)NC2CC1(COC)OC1=C(F)C=C(Cl)C=C21,,Z4212818420,314.74,1694347932,0.310170254,0.092461496,0.10647806
391,CCOC(=O)[C@@H]1[C@H]2CC(C[C@@H]12)NC1COC2=CC(F)=CC(F)=C12,,Z4210728022,323.34,1694756186,0.131414871,0.189503624,0.13594341
392,CC(C)(C)SC1=C(F)C=C(NC(=O)N(CCCO)C2COC2)C=C1F,,PV-005517263989,374.45,1726839859,0.401334903,0.164586261,0.19662025
393,CSC1=C(F)C=C(NC(=O)N(CC2CC2)C2COC2)C=C1F,,PV-002825475496,328.38,1726839859,0.355621883,0.207237724,0.21532455
394,CC(C)(C)SC1=C(F)C=C(NC(=O)NC2COC2)C=C1F,,PV-002818123414,316.37,1726839859,0.354037424,0.172944342,0.22948502
395,CN(C1COC1)C(=O)NC1=CC(F)=C(SC(C)(C)C)C(F)=C1,,PV-002759274008,330.39,1726839859,0.418136369,0.151275863,0.17916688
396,CCN(C1COC1)C(=O)NC1=CC(F)=C(SC)C(F)=C1,,Z2293283756,302.34,1726839859,0.36273661,0.126857249,0.12460094
397,CSC1=C(F)C=C(NC(=O)N(CCCO)C2COC2)C=C1F,,Z4264303251,332.37,1726839859,0.409226384,0.167324253,0.1737423
398,CSC1=C(F)C=C(NC(=O)N(CC2CCOCC2)C2COC2)C=C1F,,Z3592515769,372.43,1726839859,0.456283421,0.180555575,0.21743788
399,CC12CC(C1)(N(C2)C(=O)C1=C(F)C=CC=C1SC1CCCC1)C(O)=O,,PV-008881819992,363.45,1765466898,0.295517781,0.132042017,0.10670319
400,OC(=O)C12CC(C1)CN2C(=O)C1=C(F)C=CC=C1SC1CCCC1,,PV-008613398802,349.42,1765466898,0.319581783,0.081161078,0.0886552
401,CSC1=CC=CC(F)=C1C(=O)N1CC2(CC1(C2)C(O)=O)C1=CC=CC=C1,,PV-008597268638,371.43,1765466898,0.323403214,0.076463887,0.0882776
402,COCC12CC(C1)(N(C2)C(=O)C1=C(F)C=CC=C1SC1CCCC1)C(=O)OC,,PV-007910230973,407.5,1765466898,0.068785004,0.142165051,0.11836321
403,CCC12CC(C1)(N(C2)C(=O)C1=C(F)C=CC=C1SC)C(O)=O,,PV-007823086490,323.38,1765466898,0.379130425,0.072173104,0.06975348
404,COC(=O)C12CC(C1)(CN2C(=O)C1=C(F)C=CC=C1SC)C1=CC=CC=C1,,PV-007244246171,385.45,1765466898,0.088110343,0.095186985,0.11191214
405,COCC12CC(C1)(N(C2)C(=O)C1=C(F)C=CC=C1SC1CCCC1)C(O)=O,,PV-007223455396,393.47,1765466898,0.299587355,0.113880085,0.10076389
406,COCC12CC(C1)(N(C2)C(=O)C1=C(F)C=CC=C1SC)C(O)=O,,PV-007212336710,339.38,1765466898,0.408807907,0.067495503,0.06891057
407,CCC12CC(C1)(N(C2)C(=O)C1=C(F)C=CC=C1SC)C(=O)OC,,Z6116692335,337.41,1765466898,0.153019139,0.108480006,0.08872856
408,COC(=O)C12CC(C)(C1)CN2C(=O)C1=C(F)C=CC=C1SC,,Z6092885159,323.38,1765466898,0.144486672,0.108482479,0.09693941
409,CCOC(=O)C12CC(C)(C1)CN2C(=O)C1=C(F)C=CC=C1SC,,Z6095380874,337.41,1765466898,0.129963684,0.080008567,0.07561787
410,CCOC(=O)C12CC(C1)CN2C(=O)C1=C(F)C=CC=C1SC,,Z6043207795,323.38,1765466898,0.134846472,0.052234186,0.06311923
411,CSC1=CC=CC(F)=C1C(=O)N1CC2(C)CC1(C2)C(O)=O,,Z4578057152,309.36,1765466898,0.362489228,0.082761457,0.0751564
412,COCC12CC(C1)(N(C2)C(=O)C1=C(F)C=CC=C1SC)C(=O)OC,,Z6116607647,353.41,1765466898,0.184957718,0.093115895,0.08389819
413,FC1(F)COCC1NC(=O)NC1=CC=C(Cl)C(Cl)=C1,,PV-003831477522,311.11,1789454096,0.303613328,0.334639435,0.33125943
414,COC1=CC(Cl)=C(Cl)C=C1NC(=O)NC1COCC1(F)F,,PV-002806174499,341.14,1789454096,0.367341766,0.235749017,0.25611332
415,"COC1=CC(Cl)=C(Cl)C=C1NC(=O)N[C@@H]1COC[C@H]1F |&1:14,18,c:8,t:2,5|",,Z4403275537,323.15,1789454096,0.344545988,0.142118873,0.17855803
416,"F[C@@H]1COC[C@H]1NC(=O)NC1=CC=C(SC(F)(F)F)C(F)=C1 |&1:1,5,c:21,t:11,13|",,PV-003849381707,342.28,1797265154,0.165528032,0.149385603,0.18017351
417,"F[C@@H]1COC[C@H]1NC(=O)NC1=CC=C(SC2CCCC2)C(F)=C1 |&1:1,5,c:23,t:11,13|",,PV-003796586862,342.4,1797265154,0.259810063,0.154072363,0.18576448
418,"CC(C)(C)SC1=C(F)C=C(NC(=O)N[C@@H]2COC[C@H]2F)C=C1F |&1:14,18,c:5,21,t:8|",,PV-003719950353,348.38,1797265154,0.413942861,0.10263445,0.13692485
419,CSC1=C(F)C=C(NC(=O)NC2COCC2(F)F)C=C1F,,PV-002970547721,324.29,1797265154,0.349346433,0.201924926,0.20914919
420,CC(C)(C)SC1=CC=C(NC(=O)NC2COCC2(F)F)C=C1F,,PV-002874678563,348.38,1797265154,0.342780527,0.171510992,0.18852917
421,"CC(C)(C)SC1=CC=C(NC(=O)N[C@@H]2COC[C@H]2F)C=C1F |&1:13,17,c:20,t:5,7|",,PV-003464232220,330.39,1797265154,0.373991999,0.079902853,0.10990236
422,CSC1=CC=C(NC(=O)NC2COCC2(F)F)C=C1F,,Z4344346111,306.3,1797265154,0.303736159,0.167737038,0.17018958
423,CS(=O)(=O)C1=CC=C(NC(=O)NC2COCC2(F)F)C=C1F,,Z4344343405,338.3,1797265154,0.194512095,0.040455618,0.06069205
424,"CS(=O)(=O)C1=CC=C(NC(=O)N[C@@H]2COC[C@H]2F)C=C1F |&1:12,16,c:19,t:4,6|",,Z4403012517,320.31,1797265154,0.166821975,0.023703186,0.04670313
425,"CS(=O)C1=CC=C(NC(=O)N[C@@H]2COC[C@H]2F)C=C1F |&1:11,15,c:18,t:3,5|",,Z4403015402,304.31,1797265154,0.253107776,0.03544189,0.05953401
426,"CSC1=C(F)C=C(NC(=O)N[C@@H]2COC[C@H]2F)C=C1F |&1:11,15,c:2,18,t:5|",,Z4403173275,306.3,1797265154,0.337613652,0.096167788,0.12623843
427,CS(=O)C1=CC=C(NC(=O)NC2COCC2(F)F)C=C1F,,Z4344347026,322.3,1797265154,0.284167396,0.073070099,0.08702289
428,"CS(=O)(=O)C1=C(F)C=CC=C1NC(=O)N[C@@H]1COC[C@H]1F |&1:15,19,c:4,7,9|",,Z4403409688,320.31,1797586815,0.193604141,0.023657579,0.04652186
429,CS(=O)(=O)C1=C(F)C=CC=C1NC(=O)NC1COCC1(F)F,,Z4344701443,338.3,1797586815,0.219506718,0.04012105,0.06067986
430,CSC1=C(F)C=CC=C1NC(=O)NC1COCC1(F)F,,Z4344725269,306.3,1797586815,0.326526692,0.091846953,0.09962829
431,OC1=CC(Cl)=C(Cl)C(=C1)C(=O)NC1COCC1(F)F,,Z4352823111,312.09,1848484341,0.357916692,0.252755082,0.25421593
432,COCC12CC(C1)(N(C2)C(=O)C1=CC=CC(F)=C1SC1=CC=CC=C1)C(O)=O,,PV-008630395390,401.45,1875662366,0.179095645,0.149205188,0.13165135
433,CSC1=C(F)C=CC=C1C(=O)N1C(C)C2CC1(C2)C(O)=O,,PV-008445532679,309.36,1875662366,0.377252407,0.04367431,0.05925984
434,CSC1=C(F)C=CC=C1C(=O)N1CC2(CC1(C2)C(O)=O)C1=CC=CC=C1,,PV-008330200240,371.43,1875662366,0.310930721,0.07475159,0.08892183
435,COC(=O)C12CC(C1)(CN2C(=O)C1=CC=CC(F)=C1SC)C1=CC=CC=C1,,PV-007001558424,385.45,1875662366,0.083104954,0.092366691,0.1104837
436,CCC12CC(C1)(N(C2)C(=O)C1=CC=CC(F)=C1SC)C(O)=O,,PV-008175468935,323.38,1875662366,0.394700191,0.066847017,0.0692805
437,COCC12CC(C1)(N(C2)C(=O)C1=CC=CC(F)=C1SC)C(O)=O,,PV-007876542463,339.38,1875662366,0.405980107,0.065377599,0.070462
438,OC(=O)C12CC(C1)CN2C(=O)C1=CC=CC(F)=C1SC1=CC=CC=C1,,PV-007836020684,357.4,1875662366,0.185331097,0.116496428,0.11754732
439,CCOC(=O)C12CC(C)(C1)CN2C(=O)C1=CC=CC(F)=C1SC,,Z6095380838,337.41,1875662366,0.131838015,0.076981773,0.07745098
440,CCOC(=O)C12CC(C1)CN2C(=O)C1=CC=CC(F)=C1SC,,Z2647999701,323.38,1875662366,0.132011188,0.050505634,0.06483128
441,CCC12CC(C1)(N(C2)C(=O)C1=CC=CC(F)=C1SC)C(=O)OC,,Z5013364402,337.41,1875662366,0.161109293,0.094505935,0.09105893
442,COC(=O)C12CC(C)(C1)CN2C(=O)C1=CC=CC(F)=C1SC,,Z5013378297,323.38,1875662366,0.152008755,0.102879211,0.0986269
443,CSC1=C(F)C=CC=C1C(=O)N1CC2(C)CC1(C2)C(O)=O,,Z4578054680,309.36,1875662366,0.376547489,0.074525519,0.07485107
444,COCC12CC(C1)(N(C2)C(=O)C1=CC=CC(F)=C1SC)C(=O)OC,,Z5013310965,353.41,1875662366,0.176265647,0.084072385,0.08594819
445,COC(=O)C12CC(C1)C(C)N2C(=O)C1=CC=CC(F)=C1SC,,Z5473877321,323.38,1875662366,0.142748897,0.068854735,0.08281743
446,"CSC1=C(F)C=CC=C1C(=O)N1C[C@@H]2C[C@]1([C@@H]2C)C(O)=O |&1:13,15,16,c:2,5,7|",,Z4576311511,309.36,1875662366,0.367487424,0.033562872,0.05600726
447,OC(=O)C12CC(C1)N(C2)C(=O)C1=CC=CC(F)=C1SC1=CC=CC=C1,,PV-003311152726,357.4,1889018018,0.165130759,0.07312144,0.08157504
448,CSC1=C(F)C=CC=C1C(=O)N1CC2(CC1(CO)C2)C(O)=O,,PV-007560983390,325.35,1889018018,0.286342011,0.026202217,0.04527696
449,CCOC(=O)C12CC(C1)N(C2)C(=O)C1=CC=CC(F)=C1SC,,Z3912044411,323.38,1889018018,0.104092507,0.032315108,0.05093104
450,COCC12CC(C1)(CN2C(=O)C1=CC=CC(F)=C1SC)C(=O)OC,,Z5132355928,353.41,1889018018,0.130089898,0.060486877,0.07637058
451,COC(=O)C12CC(CO)(C1)N(C2)C(=O)C1=CC=CC(F)=C1SC,,Z6129490960,339.38,1889018018,0.092224612,0.046254284,0.06164486
452,CC(C)OC(=O)C1=CC=CN=C1N1CC2(C1)CC1(CC(F)(F)C1)C2,,Z4456194134,336.383,1942959523,0.13604011,0.13909214,0.13216026
453,CSC1=C(F)C=NC=C1NC(=O)NC1CC2(C1)C(F)(F)C21CC1,,Z5161157428,343.37,2127856827,0.306978785,0.13245556,0.10454738
454,"COC(=O)[C@@H]1C(F)(F)[C@@]11C[C@@H](C1)NC(=O)NC1=CN=CC(F)=C1SC |&1:4,8,10,c:20,23,t:18|",,Z5161159019,375.37,2127856827,0.371786942,0.078752784,0.08129339
455,"COC(=O)[C@@H]1C(F)(F)[C@]11C[C@@H](C1)NC(=O)NC1=CN=CC(F)=C1SC |&1:4,8,10,c:20,23,t:18|",,Z5161158957,375.37,2127856827,0.375079238,0.073329393,0.07333247
456,CSC1=C(F)C=NC=C1NC(=O)NC1CC2(CC2(F)F)C1,,Z5161150164,317.33,2127856827,0.296747369,0.111711127,0.0979424
457,COC(=O)C1=CC(F)=CC2=C1CCC2NC1COC(C)(C)C1,,Z5164064821,307.365,2137433272,0.091582852,0.133741183,0.15686113
458,CC1=CC=C2N=CC=C(N3CC4(C)CC3(C4)C(O)=O)C2=C1F,,Z5188362099,300.333,2141763025,0.374594762,0.217608003,0.19491468
459,CC1C2CC(C2)(N1C1=CC=NC2=CC=C(C)C(F)=C12)C(O)=O,,Z5464007425,300.333,2141763025,0.349150778,0.127442466,0.14433616
460,COC(=O)C1=C(OC=C1)C(=O)N1CCC2=C1C=C(F)C=C2F,,PV-007072500245,307.253,2153344341,0.084680477,0.094357515,0.09865827
461,OC(=O)C1=C(OC=C1)C(=O)N1CCC2=C1C=C(F)C=C2F,,PV-003226546003,293.226,2153344341,0.297873118,0.043746635,0.05967826
462,CCOC(=O)C1=C(CN2CCC3=C2C=C(F)C=C3F)OC=C1,,Z648704704,307.297,2153344341,0.083309929,0.074743599,0.09363928
463,COC(=O)C1=C(CN2CCC3=C2C=C(F)C=C3F)OC=C1,,Z648707498,293.27,2153344341,0.08914135,0.098009114,0.12148963
464,COC(=O)C1=C(CN2CCC3=C2C=C(F)C=C3F)C=CO1,,Z648707002,293.27,2153344342,0.090111279,0.112103414,0.13386306
465,CCC1=C(C=C(O1)C(=O)N1CCC2=C1C=C(F)C=C2F)C(O)=O,,PV-008700601129,321.28,2153344347,0.306526727,0.029962527,0.04976147
466,OC(=O)C1=COC(=C1)C(=O)N1CCC2=C1C=C(F)C=C2F,,PV-003475322801,293.226,2153344347,0.29233575,0.026983102,0.05045711
467,CCC1=C(C=C(CN2CCC3=C2C=C(F)C=C3F)O1)C(=O)OC,,PV-002197696147,321.324,2153344347,0.072446368,0.109509668,0.12750887
468,CCOC(=O)C1=COC(CN2CCC3=C2C=C(F)C=C3F)=C1,,PV-002196921695,307.297,2153344347,0.075167033,0.085830133,0.10303198
469,COC(=O)C1=COC(=C1)C(=O)N1CCC2=C1C=C(F)C=C2F,,Z1675397976,307.253,2153344347,0.091515332,0.085927543,0.10080177
470,CCC1=C(C=C(O1)C(=O)N1CCC2=C1C=C(F)C=C2F)C(=O)OC,,Z2017007257,335.307,2153344347,0.073484265,0.085432503,0.0969374
471,COC(=O)C1=COC(CN2CCC3=C2C=C(F)C=C3F)=C1,,Z1024601968,293.27,2153344347,0.0806365,0.119297908,0.13789503
472,COC(=O)C1=C(C)OC(CN2CCC3=C2C=C(F)C=C3F)=C1,,Z648704598,307.297,2153344347,0.074459671,0.100453267,0.11894618
473,COC(=O)C1=CC=NC(N2CC3CC4CC(C3)CC2C4)=C1F,,Z5216314398,304.365,2156335755,0.087651221,0.102230969,0.11467693
474,COC(=O)C1=CC=NC(N2CC3=CC=C(Br)C=C3C3(CC3)C2)=C1F,,PV-007046834990,391.24,2156337202,0.109561179,0.149306196,0.15310722
475,COC(=O)C1=CC=NC(N2CC3=CC(Br)=CC=C3C3(CC3)C2)=C1F,,PV-006951783664,391.24,2156337202,0.117334748,0.15898384,0.16443991
476,COC(=O)C1=CC=NC(N2CC3=CC=CC=C3C3(CC3)C2)=C1F,,Z5216880278,312.344,2156337202,0.066648427,0.125321919,0.13744277
477,COC(=O)C1=CC=NC(N2CC3=CC=C(O)C=C3C3(CC3)C2)=C1F,,Z5217103883,328.343,2156337202,0.096454387,0.113017179,0.12707669
478,COC(=O)C1=CC=NC(N2CC3=CC=C(OC)C=C3C3(CC3)C2)=C1F,,Z5217100398,342.37,2156337202,0.058545179,0.133827871,0.14602701
479,COC(=O)C1=CC=NC(N2CC3CC2C2=CC=CC=C32)=C1F,,Z5217462732,298.317,2156343327,0.065822456,0.107580162,0.12291397
480,COC(=O)C1=C(F)C=CC(CN2C3CCC2CS(=O)(=O)C3)=C1F,,Z5593572301,345.36,2407528620,0.09906182,0.057606561,0.0754071
481,COC(=O)C1=C(F)C=CC(CN2C3CCC2CSC3)=C1F,,Z5593568146,313.36,2407528620,0.10704695,0.103485236,0.12822059
482,"COC(=O)[C@]12CO[C@H](C1)[C@@H](C2)NC(=O)C1=CC=C(Cl)C(F)=C1O |&1:4,7,9,c:22,t:16,18|",,Z5008919697,343.74,2414578076,0.223570796,0.077914498,0.09004538
483,CC(C)(C)OC(=O)C12CC(C1)(C2)C(=O)N1CCOC2=C1C=C(F)C(F)=C2,,PV-002234220873,365.377,2458814106,0.105859592,0.137083603,0.12417932
484,COC(=O)C12CC(CN3CCOC4=CC(F)=C(F)C=C34)(C1)C2,,Z5229321205,309.313,2458814106,0.148027518,0.198891828,0.19729768
485,OC(=O)C12CC(C1)(C2)C(=O)N1CCOC2=CC(F)=C(F)C=C12,,Z4071436404,309.269,2458814106,0.320191769,0.059851804,0.07302175
486,OC(=O)C12CC(C1)(C2)C(=O)N1CCOC2=C(F)C(F)=CC=C12,,Z4071349420,309.269,2458814736,0.250547231,0.058473109,0.07106984
487,CC12CCC(CC1)(CO2)NC(=O)C1=C(F)C=C(Cl)C=C1O,,PV-008625600982,313.75,2534098224,0.31002522,0.132778811,0.15338229
488,CCC12CCC(CC1)(CO2)NC(=O)C1=C(F)C=C(Cl)C=C1O,,PV-007968113214,327.78,2534098224,0.328859369,0.131059102,0.15333029
489,COCC12CCC(CC1)(CO2)NC(=O)C1=C(F)C=C(Cl)C=C1O,,PV-007311107723,343.78,2534098224,0.324450018,0.104844314,0.1267914
490,COC(=O)C12CCC(CC1)(CO2)NC(=O)C1=C(O)C=C(Cl)C=C1F,,Z6125899560,357.76,2534098224,0.265303253,0.08068652,0.09186233
491,"CC(C)(C)SC1=C(F)C=C(NC(=O)[C@@H]2C[C@H]3CC[C@@H]2N3)C=C1F |&1:13,15,18,c:5,22,t:8|",,PV-008336344786,340.43,2634607977,0.361281939,0.093867739,0.12137495
492,"CC(C)(C)SC1=C(F)C=C(NC(=O)[C@H]2C[C@H]3CC[C@@H]2N3)C=C1F |&1:13,15,18,c:5,22,t:8|",,PV-008336344785,340.43,2634607977,0.358208217,0.12735272,0.17913918
493,CN(C1CN(CC1F)C(=O)CCC1CCC1)C(=O)C1=COC2=C(F)C=C(F)C=C12,,PV-008892786875,408.421,2643375829,0.096916821,0.052100067,0.06455695
494,CN(C1CN(CC1F)C(=O)C1=CN(C)C=C1)C(=O)C1=COC2=C(F)C=C(F)C=C12,,PV-008885158104,405.377,2643375829,0.145528984,0.04591475,0.05939708
495,COCCC(=O)N1CC(F)C(C1)N(C)C(=O)C1=COC2=C(F)C=C(F)C=C12,,PV-007161345636,384.355,2643375829,0.147802981,0.050154761,0.06772126
496,CN(C1CN(CC1F)C(=O)C1=C(C)NN=C1)C(=O)C1=COC2=C(F)C=C(F)C=C12,,PV-008847281708,406.365,2643375829,0.130451035,0.056310454,0.06659239
497,CCN(C)CC(=O)N1CC(F)C(C1)N(C)C(=O)C1=COC2=C(F)C=C(F)C=C12,,PV-008846497560,397.398,2643375829,0.162341389,0.040680637,0.05814268
498,CN(C)C1(CC1)C(=O)N1CC(F)C(C1)N(C)C(=O)C1=COC2=C(F)C=C(F)C=C12,,PV-008840824942,409.409,2643375829,0.181844866,0.070489442,0.08133488
499,CN(C1CN(CC1F)C(=O)CN1C=CC=N1)C(=O)C1=COC2=C(F)C=C(F)C=C12,,PV-008829922039,406.365,2643375829,0.115415455,0.040995424,0.05444699
500,CN(C1CN(CC1F)C(=O)C1(C)CC1)C(=O)C1=COC2=C(F)C=C(F)C=C12,,PV-007148781760,380.367,2643375829,0.116703816,0.050462254,0.06075336
501,CN(C1CN(CC1F)C(=O)C1=C(C)NC=N1)C(=O)C1=COC2=C(F)C=C(F)C=C12,,PV-008794000003,406.365,2643375829,0.153821413,0.039123381,0.05453573
502,CN(C1CN(CC1F)C(=O)C1=NSC=C1)C(=O)C1=COC2=C(F)C=C(F)C=C12,,PV-008738126422,409.38,2643375829,0.160921508,0.045604908,0.05843032
503,CCC1(CC1)C(=O)N1CC(F)C(C1)N(C)C(=O)C1=COC2=C(F)C=C(F)C=C12,,PV-007127777156,394.394,2643375829,0.114815101,0.048899909,0.05863568
504,CN(C1CN(CC1F)C(=O)C1=NOC=C1)C(=O)C1=COC2=C(F)C=C(F)C=C12,,PV-007127165557,393.322,2643375829,0.179208789,0.039099999,0.05447324
505,CN(C1CN(CC1F)C(=O)CN1CCCC1)C(=O)C1=COC2=C(F)C=C(F)C=C12,,PV-008703015177,409.409,2643375829,0.164310591,0.048505698,0.06124473
506,CN(C1CN(CC1F)C(=O)C1=COC=N1)C(=O)C1=COC2=C(F)C=C(F)C=C12,,PV-007118207519,393.322,2643375829,0.1559676,0.044552051,0.05949051
507,CN(C1CN(CC1F)C(=O)C1CC1)C(=O)C1=COC2=C(F)C=C(F)C=C12,,PV-007117219640,366.34,2643375829,0.14344059,0.036885975,0.04931127
508,CN(C1CN(CC1F)C(=O)CN1C=NN=C1)C(=O)C1=COC2=C(F)C=C(F)C=C12,,PV-008691524265,407.353,2643375829,0.209958225,0.020368504,0.03884744
509,CN(C1CN(CC1F)C(=O)CC1=NNC=N1)C(=O)C1=COC2=C(F)C=C(F)C=C12,,PV-008671609285,407.353,2643375829,0.130238754,0.070545591,0.0731004
510,CC(C)CCC(=O)N1CC(F)C(C1)N(C)C(=O)C1=COC2=C(F)C=C(F)C=C12,,PV-008666144746,396.41,2643375829,0.095413399,0.03891792,0.05277658
511,COC(C)(C)C(=O)N1CC(F)C(C1)N(C)C(=O)C1=COC2=C(F)C=C(F)C=C12,,PV-008666133903,398.382,2643375829,0.185482256,0.038798968,0.05375367
512,CN(C1CN(CC1F)C(=O)CC(C)(C)C)C(=O)C1=COC2=C(F)C=C(F)C=C12,,PV-008657742858,396.41,2643375829,0.151830649,0.061016012,0.07368382
513,CCC1(CCC1)C(=O)N1CC(F)C(C1)N(C)C(=O)C1=COC2=C(F)C=C(F)C=C12,,PV-008657288151,408.421,2643375829,0.105387388,0.0605761,0.06816674
514,CN(C1CN(CC1F)C(=O)C1=NN(C)C=N1)C(=O)C1=COC2=C(F)C=C(F)C=C12,,PV-008651397477,407.353,2643375829,0.245078402,0.042626195,0.05624678
515,CCCCC(=O)N1CC(F)C(C1)N(C)C(=O)C1=COC2=C(F)C=C(F)C=C12,,PV-007105314160,382.383,2643375829,0.11474331,0.033551762,0.04907833
516,COC1(CC1)C(=O)N1CC(F)C(C1)N(C)C(=O)C1=COC2=C(F)C=C(F)C=C12,,PV-008639380181,396.366,2643375829,0.117827576,0.04389746,0.05544256
517,CN(C1CN(CC1F)C(=O)C1CC(C)(C)C1)C(=O)C1=COC2=C(F)C=C(F)C=C12,,PV-008615025280,408.421,2643375829,0.110671305,0.070579112,0.08183829
518,CN(C1CN(CC1F)C(=O)C1=CC=CC=N1)C(=O)C1=COC2=C(F)C=C(F)C=C12,,PV-008607179228,403.361,2643375829,0.12751556,0.043949745,0.05921356
519,CCC(F)(F)C(=O)N1CC(F)C(C1)N(C)C(=O)C1=COC2=C(F)C=C(F)C=C12,,PV-008599241093,404.337,2643375829,0.202350299,0.051696486,0.0663754
520,CN(C1CN(CC1F)C(=O)C1=CC(C)=NO1)C(=O)C1=COC2=C(F)C=C(F)C=C12,,PV-008584916061,407.349,2643375829,0.188694892,0.035549977,0.05246117
521,CN(C1CN(CC1F)C(=O)C1=NNC(C)=N1)C(=O)C1=COC2=C(F)C=C(F)C=C12,,PV-008584662337,407.353,2643375829,0.234515344,0.045427752,0.05849216
522,CN(C1CN(CC1F)C(=O)C(C)(F)F)C(=O)C1=COC2=C(F)C=C(F)C=C12,,PV-007088531101,390.31,2643375829,0.234819444,0.053026879,0.06607808
523,CN(C1CN(CC1F)C(=O)C1=C(C)ON=C1)C(=O)C1=COC2=C(F)C=C(F)C=C12,,PV-008562525559,407.349,2643375829,0.160832357,0.045552384,0.05648078
524,CN(C1CN(CC1F)C(=O)CCC(N)=O)C(=O)C1=COC2=C(F)C=C(F)C=C12,,PV-008551220170,397.354,2643375829,0.153547676,0.056345083,0.07539113
525,CN(C1CN(CC1F)C(=O)C1=NC=CN1C)C(=O)C1=COC2=C(F)C=C(F)C=C12,,PV-008451630350,406.365,2643375829,0.169633491,0.036897591,0.05213646
526,CN(C1CN(CC1F)C(=O)CN1N=CC=N1)C(=O)C1=COC2=C(F)C=C(F)C=C12,,PV-008422624729,407.353,2643375829,0.141700453,0.062689899,0.06666593
527,CN(C1CN(CC1F)C(=O)C1=C(C)OC=N1)C(=O)C1=COC2=C(F)C=C(F)C=C12,,PV-008416558478,407.349,2643375829,0.146044871,0.045152894,0.0582866
528,CN(C1CN(CC1F)C(=O)C1=CC=CS1)C(=O)C1=COC2=C(F)C=C(F)C=C12,,PV-008403689025,408.4,2643375829,0.140479114,0.046867113,0.0628441
529,CN(C1CN(CC1F)C(=O)CC1CC1)C(=O)C1=COC2=C(F)C=C(F)C=C12,,PV-007033001087,380.367,2643375829,0.129557697,0.039110682,0.0527521
530,CN(C1CN(CC1F)C(=O)CNC(C)=O)C(=O)C1=COC2=C(F)C=C(F)C=C12,,PV-008362527966,397.354,2643375829,0.161931061,0.023098111,0.04506011
531,CN(C1CN(CC1F)C(=O)C1(C)CCCC1)C(=O)C1=COC2=C(F)C=C(F)C=C12,,PV-008355772164,408.421,2643375829,0.101120375,0.073539646,0.07996459
532,CSCCC(=O)N1CC(F)C(C1)N(C)C(=O)C1=COC2=C(F)C=C(F)C=C12,,PV-008334484220,400.42,2643375829,0.146259023,0.042958903,0.05822853
533,CN(C1CN(CC1F)C(=O)C1(CC1)C1CC1)C(=O)C1=COC2=C(F)C=C(F)C=C12,,PV-008331280310,406.405,2643375829,0.114821673,0.064643253,0.07092489
534,CN(C1CN(CC1F)C(=O)C(F)F)C(=O)C1=COC2=C(F)C=C(F)C=C12,,PV-007018372818,376.283,2643375829,0.256227249,0.046991392,0.06269873
535,CN(C1CN(CC1F)C(=O)C1(F)CC1)C(=O)C1=COC2=C(F)C=C(F)C=C12,,PV-007018278207,384.331,2643375829,0.165334418,0.048068988,0.06006875
536,CN(C1CN(CC1F)C(=O)C1=CN=CS1)C(=O)C1=COC2=C(F)C=C(F)C=C12,,PV-008308576627,409.38,2643375829,0.188797842,0.064280257,0.08207544
537,CN(C1CN(CC1F)C(=O)C1=CN=C(C)O1)C(=O)C1=COC2=C(F)C=C(F)C=C12,,PV-008303294426,407.349,2643375829,0.146179374,0.066441117,0.0892842
538,CC(C)C(=O)N1CC(F)C(C1)N(C)C(=O)C1=COC2=C(F)C=C(F)C=C12,,PV-007013687724,368.356,2643375829,0.167083693,0.043313472,0.05768101
539,CN(C1CN(CC1F)C(=O)C1=CC=NC=C1)C(=O)C1=COC2=C(F)C=C(F)C=C12,,PV-008299039444,403.361,2643375829,0.13259401,0.051130255,0.06083299
540,CN(C1CN(CC1F)C(=O)C(C)(C)CO)C(=O)C1=COC2=C(F)C=C(F)C=C12,,PV-008280731786,398.382,2643375829,0.104517021,0.040292975,0.05710463
541,CN(C1CN(CC1F)C(=O)C1=NN(C)C=C1)C(=O)C1=COC2=C(F)C=C(F)C=C12,,PV-008279927662,406.365,2643375829,0.140042621,0.04289017,0.0571928
542,CN(C1CN(CC1F)C(=O)OC(C)(C)C)C(=O)C1=COC2=C(F)C=C(F)C=C12,,PV-008278914969,398.382,2643375829,0.166291903,0.052197398,0.06028156
543,CN(C1CN(CC1F)C(=O)C1=CN=CN=C1)C(=O)C1=COC2=C(F)C=C(F)C=C12,,PV-008277255485,404.349,2643375829,0.150320167,0.081606949,0.08961164
544,CN(C1CN(CC1F)C(=O)CN1C=NC=N1)C(=O)C1=COC2=C(F)C=C(F)C=C12,,PV-008233847972,407.353,2643375829,0.146781973,0.031671688,0.04724031
545,CN(C1CN(CC1F)C(=O)C1=CC=CN=C1)C(=O)C1=COC2=C(F)C=C(F)C=C12,,PV-008226756730,403.361,2643375829,0.12292271,0.058712855,0.07008651
546,CN(C1CN(CC1F)C(=O)C(C)(C)CF)C(=O)C1=COC2=C(F)C=C(F)C=C12,,PV-008212649945,400.374,2643375829,0.181026439,0.052762452,0.06803048
547,COCC(=O)N1CC(F)C(C1)N(C)C(=O)C1=COC2=C(F)C=C(F)C=C12,,PV-006989635684,370.328,2643375829,0.192878205,0.022859661,0.04006975
548,CN(C1CN(CC1F)C(=O)C1=NC=CC=N1)C(=O)C1=COC2=C(F)C=C(F)C=C12,,PV-008160243313,404.349,2643375829,0.160077243,0.052310232,0.06776836
549,CN(C1CN(CC1F)C(=O)CO)C(=O)C1=COC2=C(F)C=C(F)C=C12,,PV-006974374015,356.301,2643375829,0.138683439,0.028118575,0.04615865
550,CN(C1CN(CC1F)C(=O)CC1=NOC=C1)C(=O)C1=COC2=C(F)C=C(F)C=C12,,PV-008130602536,407.349,2643375829,0.140712912,0.040074839,0.05147268
551,CN(C1CN(CC1F)C(=O)C1CCCCC1)C(=O)C1=COC2=C(F)C=C(F)C=C12,,PV-008106082459,408.421,2643375829,0.111238455,0.071224716,0.07929689
552,CN(C1CN(CC1F)C(=O)C1=CON=C1C)C(=O)C1=COC2=C(F)C=C(F)C=C12,,PV-008099724553,407.349,2643375829,0.158165026,0.042372389,0.05500442
553,CN(C1CN(CC1F)C(=O)C1CCCC1)C(=O)C1=COC2=C(F)C=C(F)C=C12,,PV-006958348544,394.394,2643375829,0.121546967,0.059886565,0.07045837
554,CCC(CC)C(=O)N1CC(F)C(C1)N(C)C(=O)C1=COC2=C(F)C=C(F)C=C12,,PV-008090652673,396.41,2643375829,0.122395758,0.041866393,0.05799097
555,CN(C1CN(CC1F)C(=O)C1=C(C)N=CO1)C(=O)C1=COC2=C(F)C=C(F)C=C12,,PV-008088940595,407.349,2643375829,0.149225676,0.044440428,0.05910624
556,CN(C1CN(CC1F)C(=O)C(C)(C)F)C(=O)C1=COC2=C(F)C=C(F)C=C12,,PV-008087693759,386.347,2643375829,0.217018023,0.052794233,0.06675553
557,CN(C1CN(CC1F)C(=O)C1=CC=NS1)C(=O)C1=COC2=C(F)C=C(F)C=C12,,PV-008071727673,409.38,2643375829,0.174110949,0.047109704,0.05966243
558,CN(C1CN(CC1F)C(=O)C1=NNC=C1)C(=O)C1=COC2=C(F)C=C(F)C=C12,,PV-006947863266,392.338,2643375829,0.144784245,0.042745969,0.05793847
559,CN(C1CN(CC1F)C(=O)C1=CC=NN1C)C(=O)C1=COC2=C(F)C=C(F)C=C12,,PV-008043808844,406.365,2643375829,0.135059798,0.043225454,0.0564718
560,CCOCC(=O)N1CC(F)C(C1)N(C)C(=O)C1=COC2=C(F)C=C(F)C=C12,,PV-006936414717,384.355,2643375829,0.155813788,0.027161155,0.04308175
561,CN(C1CN(CC1F)C(=O)C1=CC=CC=C1)C(=O)C1=COC2=C(F)C=C(F)C=C12,,PV-007959287882,402.373,2643375829,0.085244873,0.056747877,0.06905029
562,CN(C1CN(CC1F)C(=O)C1=CC=NN=C1)C(=O)C1=COC2=C(F)C=C(F)C=C12,,PV-007943031014,404.349,2643375829,0.139677902,0.050550553,0.0603803
563,CN(C1CN(CC1F)C(=O)C1CSC1)C(=O)C1=COC2=C(F)C=C(F)C=C12,,PV-007924813078,398.4,2643375829,0.221827305,0.061854076,0.06235024
564,CN(C1CN(CC1F)C(=O)C(C)(C)O)C(=O)C1=COC2=C(F)C=C(F)C=C12,,PV-006912613725,384.355,2643375829,0.159287909,0.050568865,0.06581617
565,CN(C1CN(CC1F)C(=O)C1=CN(C)N=N1)C(=O)C1=COC2=C(F)C=C(F)C=C12,,PV-007905998684,407.353,2643375829,0.22919781,0.032187852,0.04959441
566,CN(C1CN(CC1F)C(=O)C1=CC(C)=NN1)C(=O)C1=COC2=C(F)C=C(F)C=C12,,PV-007874330148,406.365,2643375829,0.138111129,0.051322969,0.06445124
567,CN(C1CN(CC1F)C(=O)C1=COC(C)=N1)C(=O)C1=COC2=C(F)C=C(F)C=C12,,PV-007866274183,407.349,2643375829,0.138052842,0.049086928,0.06282584
568,CN(C1CN(CC1F)C(=O)C1(C)COC1)C(=O)C1=COC2=C(F)C=C(F)C=C12,,PV-007829866171,396.366,2643375829,0.181960575,0.057094307,0.06938051
569,CN(C1CN(CC1F)C(=O)CCF)C(=O)C1=COC2=C(F)C=C(F)C=C12,,PV-006887336139,372.32,2643375829,0.164937659,0.034673554,0.0518244
570,CN(C1CN(CC1F)C(=O)CC1CC(=O)C1)C(=O)C1=COC2=C(F)C=C(F)C=C12,,PV-007811979051,408.377,2643375829,0.124874351,0.044382374,0.0568047
571,CN(C1CN(CC1F)C(=O)C1=CSC=N1)C(=O)C1=COC2=C(F)C=C(F)C=C12,,PV-007745747364,409.38,2643375829,0.219892208,0.049175812,0.06436405
572,CN(C1CN(CC1F)C(=O)[C@@H]1C[C@H](O)C1)C(=O)C1=COC2=C(F)C=C(F)C=C12,,PV-007702135115,396.366,2643375829,0.092363374,0.037621335,0.05349288
573,CN(C1CN(CC1F)C(=O)CC(C)(C)O)C(=O)C1=COC2=C(F)C=C(F)C=C12,,PV-007700225847,398.382,2643375829,0.143084882,0.039353619,0.05291121
574,CN(C1CN(CC1F)C(=O)C1=C(C)C=NO1)C(=O)C1=COC2=C(F)C=C(F)C=C12,,PV-007662478704,407.349,2643375829,0.182977692,0.037424898,0.05203987
575,CN(C1CN(CC1F)C(=O)CC1CCCC1)C(=O)C1=COC2=C(F)C=C(F)C=C12,,PV-007658250039,408.421,2643375829,0.102878573,0.062477244,0.07064327
576,CN(C1CN(CC1F)C(=O)CN1C=CN=N1)C(=O)C1=COC2=C(F)C=C(F)C=C12,,PV-007641373664,407.353,2643375829,0.199978269,0.031151106,0.04512205
577,CN(C1CN(CC1F)C(=O)CNC(N)=O)C(=O)C1=COC2=C(F)C=C(F)C=C12,,PV-007640793180,398.342,2643375829,0.250882788,0.029116664,0.04717914
578,CN(C1CN(CC1F)C(=O)CCC1CC1)C(=O)C1=COC2=C(F)C=C(F)C=C12,,PV-006834312532,394.394,2643375829,0.108382977,0.041492457,0.05401795
579,CN(C1CN(CC1F)C(=O)C1=CNN=N1)C(=O)C1=COC2=C(F)C=C(F)C=C12,,PV-006830956653,393.326,2643375829,0.217809497,0.035320738,0.05161527
580,CN(C1CN(CC1F)C(=O)C1=CN=CO1)C(=O)C1=COC2=C(F)C=C(F)C=C12,,PV-006828218297,393.322,2643375829,0.158619215,0.050679072,0.06543333
581,CC(C)CC(=O)N1CC(F)C(C1)N(C)C(=O)C1=COC2=C(F)C=C(F)C=C12,,PV-006826505672,382.383,2643375829,0.139948918,0.04346667,0.05572493
582,CN(C1CN(CC1F)C(=O)C1=CN=CC=N1)C(=O)C1=COC2=C(F)C=C(F)C=C12,,PV-007560384162,404.349,2643375829,0.160243606,0.051700201,0.06475969
583,CN(C1CN(CC1F)C(=O)CC1CCC1)C(=O)C1=COC2=C(F)C=C(F)C=C12,,PV-006814849541,394.394,2643375829,0.114085538,0.051413718,0.06212798
584,CN(C1CN(CC1F)C(=O)C1=NOC=C1C)C(=O)C1=COC2=C(F)C=C(F)C=C12,,PV-007545105150,407.349,2643375829,0.171168609,0.039480829,0.05400913
585,CN(C1CN(CC1F)C(=O)C1=CNC(C)=N1)C(=O)C1=COC2=C(F)C=C(F)C=C12,,PV-007544184192,406.365,2643375829,0.14488966,0.040508251,0.05493798
586,CN(C1CN(CC1F)C(=O)CC1=CN=CN1)C(=O)C1=COC2=C(F)C=C(F)C=C12,,PV-007537787627,406.365,2643375829,0.129161776,0.033414712,0.04950997
587,CN(C1CN(CC1F)C(=O)C1=CC=CN1C)C(=O)C1=COC2=C(F)C=C(F)C=C12,,PV-007529525375,405.377,2643375829,0.136306296,0.04224824,0.05586958
588,CN(C1CN(CC1F)C(=O)CC1=CC=NN1)C(=O)C1=COC2=C(F)C=C(F)C=C12,,PV-007519048184,406.365,2643375829,0.112791815,0.039813187,0.05436796
589,CCC(C)(C)C(=O)N1CC(F)C(C1)N(C)C(=O)C1=COC2=C(F)C=C(F)C=C12,,PV-007509647752,396.41,2643375829,0.112777158,0.046497695,0.06176471
590,CN(C1CN(CC1F)C(=O)C1=CSC=C1)C(=O)C1=COC2=C(F)C=C(F)C=C12,,PV-007504940716,408.4,2643375829,0.112467364,0.055221019,0.06924271
591,CN(C1CN(CC1F)C(=O)C1=CN=CN1C)C(=O)C1=COC2=C(F)C=C(F)C=C12,,PV-007491517588,406.365,2643375829,0.163871096,0.043152265,0.05549346
592,CCC(=O)N1CC(F)C(C1)N(C)C(=O)C1=COC2=C(F)C=C(F)C=C12,,PV-006797990281,354.329,2643375829,0.166819555,0.03041787,0.04755016
593,CSCC(=O)N1CC(F)C(C1)N(C)C(=O)C1=COC2=C(F)C=C(F)C=C12,,PV-006796199674,386.39,2643375829,0.237415818,0.027229516,0.04312967
594,CN(C1CN(CC1F)C(=O)C1=NNC=C1C)C(=O)C1=COC2=C(F)C=C(F)C=C12,,PV-007435278807,406.365,2643375829,0.137753934,0.043539183,0.05772433
595,CN(C1CN(CC1F)C(=O)C1=NOC(C)=C1)C(=O)C1=COC2=C(F)C=C(F)C=C12,,PV-007413876480,407.349,2643375829,0.183861403,0.035823058,0.05214065
596,CCSCC(=O)N1CC(F)C(C1)N(C)C(=O)C1=COC2=C(F)C=C(F)C=C12,,PV-007412375721,400.42,2643375829,0.171983605,0.031269914,0.04687983
597,CN(C1CN(CC1F)C(=O)C(C)(C)C)C(=O)C1=COC2=C(F)C=C(F)C=C12,,PV-006776732929,382.383,2643375829,0.157880301,0.060609461,0.07465197
598,CN(C1CN(CC1F)C(=O)CCC1(C)CC1)C(=O)C1=COC2=C(F)C=C(F)C=C12,,PV-007398986156,408.421,2643375829,0.097471344,0.049757783,0.05846786
599,CN(C1CN(CC1F)C(=O)C1=CN=NN1C)C(=O)C1=COC2=C(F)C=C(F)C=C12,,PV-007393890009,407.353,2643375829,0.22266546,0.036966865,0.05165479
600,CN(C1CN(CC1F)C(=O)C1=CN=C(N)O1)C(=O)C1=COC2=C(F)C=C(F)C=C12,,PV-007393317915,408.337,2643375829,0.189323663,0.090695965,0.09896161
601,CN(C1CN(CC1F)C(=O)C1=CN(C)N=C1)C(=O)C1=COC2=C(F)C=C(F)C=C12,,PV-007384600986,406.365,2643375829,0.140274812,0.062684378,0.07221884
602,CC(C)OCC(=O)N1CC(F)C(C1)N(C)C(=O)C1=COC2=C(F)C=C(F)C=C12,,PV-007373719116,398.382,2643375829,0.137982937,0.029206409,0.04470854
603,CN(C1CN(CC1F)C(=O)C1=CN=CN1)C(=O)C1=COC2=C(F)C=C(F)C=C12,,PV-006766849542,392.338,2643375829,0.154568779,0.046872731,0.06006386
604,CN(C1CN(CC1F)C(=O)C1CCC1)C(=O)C1=COC2=C(F)C=C(F)C=C12,,PV-006764230565,380.367,2643375829,0.130451846,0.049546529,0.0612997
605,CN(C1CN(CC1F)C(=O)CN1C=CC=C1)C(=O)C1=COC2=C(F)C=C(F)C=C12,,PV-007342806424,405.377,2643375829,0.111868474,0.043347134,0.05880682
606,CCCC(=O)N1CC(F)C(C1)N(C)C(=O)C1=COC2=C(F)C=C(F)C=C12,,PV-006757581500,368.356,2643375829,0.126359475,0.031059073,0.04715661
607,CN(C1CN(CC1F)C(=O)CC1=CNN=C1)C(=O)C1=COC2=C(F)C=C(F)C=C12,,PV-007331220935,406.365,2643375829,0.116212608,0.03716625,0.05237218
608,CN(C1CN(CC1F)C(=O)C1=CSN=C1)C(=O)C1=COC2=C(F)C=C(F)C=C12,,PV-007315098277,409.38,2643375829,0.186324326,0.06298032,0.06836368
609,CN(C1CN(CC1F)C(=O)C1=CNN=C1)C(=O)C1=COC2=C(F)C=C(F)C=C12,,PV-006750354908,392.338,2643375829,0.141225781,0.059658237,0.06987852
610,CN(C1CN(CC1F)C(=O)C1=NNN=C1C)C(=O)C1=COC2=C(F)C=C(F)C=C12,,PV-007301919610,407.353,2643375829,0.166802596,0.04355205,0.05612631
611,CN(C1CN(CC1F)C(=O)C1(O)CCC1)C(=O)C1=COC2=C(F)C=C(F)C=C12,,PV-007284359875,396.366,2643375829,0.103676925,0.053948406,0.06489354
612,CN(C1CN(CC1F)C(C)=O)C(=O)C1=COC2=C(F)C=C(F)C=C12,,PV-006735039131,340.302,2643375829,0.201120839,0.030340793,0.04750675
613,CN(C1CN(CC1F)C(=O)C1=CN(C)C=N1)C(=O)C1=COC2=C(F)C=C(F)C=C12,,PV-007227026725,406.365,2643375829,0.180008732,0.034145834,0.0505995
614,CN(C1CN(CC1F)C(=O)C1(C)CCC1)C(=O)C1=COC2=C(F)C=C(F)C=C12,,PV-006723178208,394.394,2643375829,0.109515347,0.06157513,0.06928204
615,CN(C1CN(CC1F)C(=O)C1=CC=CN=N1)C(=O)C1=COC2=C(F)C=C(F)C=C12,,PV-007193199829,404.349,2643375829,0.137499569,0.041649947,0.05607757
616,"OC(=O)[C@@H]1[C@H]2C[C@@H]1N(C2)C(=O)C1=CC=CC(F)=C1SC1=CC=CC=C1 |&1:3,4,6,c:15,18,24,26,t:13,22|",,PV-008769357966,357.4,2693858495,0.167211509,0.045591684,0.05670178
617,"COC(=O)[C@@H]1[C@H]2C[C@@H]1N(C2)C(=O)C1=CC=CC(F)=C1SC |&1:4,5,7,c:16,19,t:14|",,Z5051825664,309.36,2693858495,0.103814714,0.019631275,0.03933394
618,CCOC(=O)C1=C(CN2CCC3=C2C(F)=CC(F)=C3)OC=C1,,PV-003904734280,307.297,2811211180,0.099941644,0.078661089,0.09150974
619,OC(=O)C1=C(OC=C1)C(=O)N1CCC2=C1C(F)=CC(F)=C2,,PV-003417130692,293.226,2811211180,0.329441779,0.041062601,0.052669
620,COC(=O)C1=C(OC=C1)C(=O)N1CCC2=C1C(F)=CC(F)=C2,,PV-006769837210,307.253,2811211180,0.094699487,0.081172759,0.085627
621,COC(=O)C1=C(CN2CCC3=CC(F)=CC(F)=C23)OC=C1,,Z1461023407,293.27,2811211180,0.106616899,0.101870295,0.11679371
622,COC(=O)C1=C(CN2CCC3=CC(F)=CC(F)=C23)C=CO1,,Z1461023363,293.27,2811211192,0.113522175,0.115753137,0.12977193
623,COC1=CC(=NC(=C1)C(=O)N1CCC2=C1C(F)=CC(F)=C2)C(O)=O,,PV-003745110184,334.279,2811211199,0.451810603,0.04173153,0.05576744
624,COC(=O)C1=CC(OC)=CC(=N1)C(=O)N1CCC2=C1C(F)=CC(F)=C2,,PV-002518013043,348.306,2811211199,0.13164008,0.091535426,0.09955981
625,COC(=O)C1=CC=CC(=N1)C(=O)N1CCC2=CC(F)=CC(F)=C12,,Z1460976348,318.28,2811211199,0.124520037,0.065806889,0.0812867
626,COC(=O)C1=CC=CC(CN2CCC3=CC(F)=CC(F)=C23)=N1,,Z1894792587,304.297,2811211199,0.123410919,0.109672239,0.12765979
627,COC(=O)C1=CC(OC)=CC(CN2CCC3=CC(F)=CC(F)=C23)=N1,,Z5017482498,334.323,2811211199,0.153960165,0.136777636,0.14513912
628,COC(=O)C1=CC=NC(=C1)C(=O)N1CCC2=C1C(F)=CC(F)=C2,,PV-002236159659,318.28,2811211209,0.112771683,0.061297802,0.07742774
629,OC(=O)C1=CC=NC(=C1)C(=O)N1CCC2=C1C(F)=CC(F)=C2,,PV-003601604318,304.253,2811211209,0.344799255,0.023004847,0.04632111
630,COC(=O)C1=CC=NC(CN2CCC3=CC(F)=CC(F)=C23)=C1,,Z3310314808,304.297,2811211209,0.113401389,0.094500683,0.10687141
631,COC(=O)C1=COC(=C1)C(=O)N1CCC2=CC(F)=CC(F)=C12,,Z1675879004,307.253,2811211246,0.105966401,0.074768235,0.08858929
632,CCC1=C(C=C(O1)C(=O)N1CCC2=CC(F)=CC(F)=C12)C(O)=O,,Z2025674875,321.28,2811211246,0.350276378,0.026912194,0.04620376
633,COC(=O)C1=C(C)OC(CN2CCC3=CC(F)=CC(F)=C23)=C1,,Z1461027924,307.297,2811211246,0.092097325,0.106050728,0.11427457
634,CCC1=C(C=C(O1)C(=O)N1CCC2=CC(F)=CC(F)=C12)C(=O)OC,,Z2017217004,335.307,2811211246,0.08697132,0.074793557,0.08539058
635,COC(=O)C1=COC(CN2CCC3=CC(F)=CC(F)=C23)=C1,,Z1461026268,293.27,2811211246,0.099933345,0.12630754,0.13490678
636,COC(=O)C1=CC(C)=C(CN2CCC3=C2C(F)=CC(F)=C3)C=N1,,PV-003213298412,318.324,2811211254,0.126938821,0.126697724,0.14723902
637,COC(=O)C1=CC=C(C=N1)C(=O)N1CCC2=CC(F)=CC(F)=C12,,Z1460972500,318.28,2811211254,0.11542864,0.139739074,0.13681685
638,OC(=O)C1=CC=C(C=N1)C(=O)N1CCC2=CC(F)=CC(F)=C12,,Z1463225416,304.253,2811211254,0.320636298,0.049727453,0.06237981
639,CC(C)(C)OC(=O)C1=CC=C(C=N1)C(=O)N1CCC2=CC(F)=CC(F)=C12,,Z2474243954,360.361,2811211254,0.104938707,0.15519723,0.14076247
640,COC(=O)C1=NC=C(CN2CCC3=CC(F)=CC(F)=C23)C=C1F,,Z3310314639,322.287,2811211254,0.192044161,0.156808544,0.17420475
641,OC(=O)C1=CC(=CN(C2CC2)C1=O)C1=CC=C(F)C(C(F)F)=C1F,,Z5431493139,341.262,2811211297,0.348204705,0.070910246,0.08840051
642,CC1=C(OC(=C1)C(O)=O)C(=O)N1CCC2=C1C(F)=CC(F)=C2,,PV-003647411060,307.253,2811211315,0.373182174,0.025522362,0.04346728
643,CC1=C(OC(=C1)C(=O)N1CCC2=C1C(F)=CC(F)=C2)C(O)=O,,PV-003162023906,307.253,2811211315,0.378675333,0.026277493,0.04477725
644,CCOC(=O)C1=CC=C(CN2CCC3=C2C(F)=CC(F)=C3)O1,,PV-002143128262,307.297,2811211315,0.097682653,0.089517604,0.09922475
645,COC(=O)C1=C(C)C=C(O1)C(=O)N1CCC2=CC(F)=CC(F)=C12,,Z2708225411,321.28,2811211315,0.113186974,0.074609426,0.08341822
646,COC(=O)C1=CC=C(O1)C(=O)N1CCC2=CC(F)=CC(F)=C12,,Z1460970955,307.253,2811211315,0.108453566,0.078592191,0.08735504
647,COC(=O)C1=CC(C)=C(O1)C(=O)N1CCC2=CC(F)=CC(F)=C12,,Z2870619625,321.28,2811211315,0.109124572,0.071834794,0.08167664
648,COC(=O)C1=C(C)C=C(CN2CCC3=CC(F)=CC(F)=C23)O1,,Z1461027417,307.297,2811211315,0.103357181,0.126950737,0.13737543
649,OC(=O)C1=CC=C(O1)C(=O)N1CCC2=CC(F)=CC(F)=C12,,Z1609495519,293.226,2811211315,0.324508793,0.02715441,0.04638238
650,COC(=O)C1=CC=C(CN2CCC3=CC(F)=CC(F)=C23)O1,,Z1461023161,293.27,2811211315,0.105428273,0.140950537,0.15049307
651,CC1=NC=C(C=C1C(=O)N1CCC2=C1C(F)=CC(F)=C2)C(O)=O,,PV-003846053595,318.28,2811211320,0.331794898,0.049111316,0.05559972
652,OC(=O)C1=CN=CC(=C1)C(=O)N1CCC2=C1C(F)=CC(F)=C2,,PV-003453773976,304.253,2811211320,0.297115756,0.05324219,0.06562259
653,CC(C)(C)OC(=O)C1=CN=CC(=C1)C(=O)N1CCC2=C1C(F)=CC(F)=C2,,PV-003964403099,360.361,2811211320,0.092658089,0.16110482,0.14670934
654,COC(=O)C1=CN=CC(CN2CCC3=CC(F)=CC(F)=C23)=C1,,Z2948012523,304.297,2811211320,0.108941066,0.226364539,0.20813739
655,CCOC(=O)C1=CN=C(C)C(=C1)C(=O)N1CCC2=CC(F)=CC(F)=C12,,Z1560082801,346.334,2811211320,0.087531244,0.108202095,0.09552493
656,COC(=O)C1=CN=CC(=C1)C(=O)N1CCC2=CC(F)=CC(F)=C12,,Z1586416457,318.28,2811211320,0.100111912,0.161626601,0.1469171
657,COC(=O)C1=CN=C(C)C=C1N1CCC2=C(F)C=C(F)C=C2C1,,PV-002897651932,318.324,2811211336,0.090749847,0.270829515,0.26208545
658,OC(=O)C1=CN=C2C=CC=CC2=C1N1CCC2=C(F)C=C(F)C=C2C1,,PV-006853685885,340.33,2811211336,0.339854855,0.164543433,0.16604173
659,CCOC(=O)C1=CN=C2N(CC)N=CC2=C1N1CCC2=C(F)C=C(F)C=C2C1,,PV-006787884733,386.403,2811211336,0.092057444,0.236508086,0.23757409
660,CCOC(=O)C1=CN=C2N(C)N=CC2=C1N1CCC2=C(F)C=C(F)C=C2C1,,Z1697071891,372.376,2811211336,0.095279161,0.250906184,0.24568178
661,CCOC(=O)C1=CN=C2N(C)N=C(C)C2=C1N1CCC2=C(F)C=C(F)C=C2C1,,Z1665843599,386.403,2811211336,0.093703404,0.224936496,0.21245569
662,CCOC(=O)C1=CN=C2N=C(C)C=CC2=C1N1CCC2=C(F)C=C(F)C=C2C1,,Z1439639250,383.399,2811211336,0.088210454,0.274867005,0.2752462
663,CCOC(=O)C1=CN=CC=C1N1CCC2=C(F)C=C(F)C=C2C1,,Z1957923782,318.324,2811211336,0.09083938,0.128865161,0.13527782
664,COC(=O)C1=CN=C(C)C=C1N1CCC2=CC(F)=CC(F)=C2C1,,PV-006418298495,318.324,2811211340,0.095622979,0.281548809,0.26300003
665,CCOC(=O)C1=CN=C2N(C)N=CC2=C1N1CCC2=CC(F)=CC(F)=C2C1,,PV-006296142550,372.376,2811211340,0.099956526,0.262855616,0.24775198
666,CCOC(=O)C1=CN=C2N=C(C)C=CC2=C1N1CCC2=CC(F)=CC(F)=C2C1,,PV-006278473109,383.399,2811211340,0.093241563,0.288396513,0.27792547
667,CCOC(=O)C1=CN=C2N(CC)N=CC2=C1N1CCC2=CC(F)=CC(F)=C2C1,,PV-006941355667,386.403,2811211340,0.096825712,0.247654024,0.24031559
668,CCOC(=O)C1=CN=CC=C1N1CCC2=CC(F)=CC(F)=C2C1,,PV-003416873706,318.324,2811211340,0.095321188,0.134335682,0.13205232
669,OC(=O)C1=CN=C2C=CC=CC2=C1N1CCC2=CC(F)=CC(F)=C2C1,,PV-006902120752,340.33,2811211340,0.334076524,0.168395745,0.16827416
670,CCOC(=O)C1=CN=C2N(C)N=C(C)C2=C1N1CCC2=CC(F)=CC(F)=C2C1,,PV-004881558336,386.403,2811211340,0.098085261,0.234861229,0.21312026
671,COC(=O)C1=CC(F)=C(C(F)=C1)C1=CC=NC2=C1CCO2,,PV-008210680007,291.254,2811211358,0.11340762,0.244623819,0.26975567
672,CC1=CC(F)=C(C=C1F)C1=CN(C2CC2)C(=O)C(=C1)C(O)=O,,Z4450181670,305.281,2811211391,0.36286492,0.05724237,0.07488884
673,COC(=O)C1=CN=C(C)C=C1N1CCC2=CC=C(F)C(F)=C2C1,,PV-006639249413,318.324,2811211506,0.089007203,0.288693687,0.29125148
674,OC(=O)C1=CN=C2C=CC=CC2=C1N1CCC2=CC=C(F)C(F)=C2C1,,PV-006984990478,340.33,2811211506,0.291895605,0.171219492,0.18213095
675,CCOC(=O)C1=CN=C2N(CC)N=CC2=C1N1CCC2=CC=C(F)C(F)=C2C1,,PV-006952669630,386.403,2811211506,0.0889732,0.26480701,0.27067191
676,CCOC(=O)C1=CN=C2N(C)N=CC2=C1N1CCC2=CC=C(F)C(F)=C2C1,,Z1697072212,372.376,2811211506,0.091913383,0.278104376,0.27787415
677,CCOC(=O)C1=CN=C2N=C(C)C=CC2=C1N1CCC2=CC=C(F)C(F)=C2C1,,Z1446852489,383.399,2811211506,0.083897261,0.298678195,0.3047856
678,CCOC(=O)C1=CN=C2N(C)N=C(C)C2=C1N1CCC2=CC=C(F)C(F)=C2C1,,Z1665844946,386.403,2811211506,0.089594616,0.251016925,0.24004288
679,CCOC(=O)C1=CN=CC=C1N1CCC2=CC=C(F)C(F)=C2C1,,Z1957926765,318.324,2811211506,0.091373755,0.14554266,0.15824884
680,COC(=O)C1=C(OC=C1)C(=O)N1CCC2=C1C=C(F)C(F)=C2,,PV-007100455258,307.253,2811211534,0.094218611,0.108619766,0.114605
681,OC(=O)C1=C(OC=C1)C(=O)N1CCC2=C1C=C(F)C(F)=C2,,PV-008057223591,293.226,2811211534,0.289145997,0.052495145,0.06783922
682,CCOC(=O)C1=C(CN2CCC3=CC(F)=C(F)C=C23)OC=C1,,Z431787564,307.297,2811211534,0.082099873,0.089839247,0.10828977
683,COC(=O)C1=C(CN2CCC3=CC(F)=C(F)C=C23)OC=C1,,Z648238122,293.27,2811211534,0.092109529,0.120855845,0.14602838
684,COC1=CC(=NC(=C1)C(=O)N1CCC2=C1C=C(F)C=C2F)C(O)=O,,PV-003884216029,334.279,2811211559,0.39327664,0.045623693,0.06107396
685,CC(C)(C)OC(=O)C1=CC=CC(CN2CCC3=C2C=C(F)C=C3F)=N1,,PV-006182974910,346.378,2811211559,0.108546096,0.128633501,0.14449144
686,OC(=O)C1=CC=CC(=N1)C(=O)N1CCC2=C1C=C(F)C=C2F,,PV-003351688638,304.253,2811211559,0.301215428,0.0281639,0.05201538
687,COC(=O)C1=CC(OC)=CC(=N1)C(=O)N1CCC2=C1C=C(F)C=C2F,,PV-002343999167,348.306,2811211559,0.112978721,0.100557177,0.11176359
688,COC(=O)C1=CC=CC(=N1)C(=O)N1CCC2=C1C=C(F)C=C2F,,Z1174082352,318.28,2811211559,0.111604909,0.075771096,0.09292783
689,CCOC(=O)C1=CC=CC(CN2CCC3=C2C=C(F)C=C3F)=N1,,Z2716403073,318.324,2811211559,0.098061761,0.073706032,0.09687696
690,COC(=O)C1=CC(OC)=CC(CN2CCC3=C2C=C(F)C=C3F)=N1,,Z5017474649,334.323,2811211559,0.122304234,0.12980634,0.15319706
691,COC(=O)C1=CC=CC(CN2CCC3=C2C=C(F)C=C3F)=N1,,Z1894742799,304.297,2811211559,0.101203434,0.103254692,0.13238589
692,COC(=O)C1=CC=NC(=C1)C(=O)N1CCC2=C1C=C(F)C=C2F,,PV-002387340967,318.28,2811211563,0.100606247,0.070607317,0.08456671
693,OC(=O)C1=CC=NC(=C1)C(=O)N1CCC2=C1C=C(F)C=C2F,,PV-003736485980,304.253,2811211563,0.314543986,0.02522864,0.04823223
694,COC(=O)C1=CC=NC(CN2CCC3=C2C=C(F)C=C3F)=C1,,Z3309858142,304.297,2811211563,0.093457646,0.088705066,0.10860311
695,COC(=O)C1=CC=C(CN2CCC3=C2C=C(F)C=C3F)C=N1,,PV-002103883980,304.297,2811211571,0.100960957,0.12855962,0.16558305
696,COC(=O)C1=CC(C)=C(CN2CCC3=C2C=C(F)C=C3F)C=N1,,PV-002818661949,318.324,2811211571,0.108086871,0.123008174,0.15462305
697,CC(C)(C)OC(=O)C1=CC=C(C=N1)C(=O)N1CCC2=C1C=C(F)C=C2F,,Z2473375345,360.361,2811211571,0.095216163,0.167106658,0.15869858
698,COC(=O)C1=NC=C(CN2CCC3=C2C=C(F)C=C3F)C=C1F,,Z3309858040,322.287,2811211571,0.170248771,0.142867784,0.17713421
699,OC(=O)C1=CC=C(C=N1)C(=O)N1CCC2=C1C=C(F)C=C2F,,Z453805210,304.253,2811211571,0.290461796,0.054218594,0.06866558
700,COC(=O)C1=CC=C(C=N1)C(=O)N1CCC2=C1C=C(F)C=C2F,,Z1174079829,318.28,2811211571,0.103279507,0.15231937,0.15385226
701,COC(=O)C1=C(CN2CCC3=CC(F)=C(F)C=C23)C=CO1,,Z648237792,293.27,2811211597,0.097685891,0.136100255,0.16114706
702,OC(=O)C1=CC=CC(=N1)C(=O)N1CCC2=C1C=C(F)C(F)=C2,,PV-008710156198,304.253,2811211639,0.291620528,0.033947475,0.05757314
703,COC1=CC(=NC(=C1)C(=O)N1CCC2=C1C=C(F)C(F)=C2)C(O)=O,,PV-008508130735,334.279,2811211639,0.359350557,0.055448938,0.07036501
704,COC(=O)C1=CC(OC)=CC(=N1)C(=O)N1CCC2=C1C=C(F)C(F)=C2,,PV-002417040858,348.306,2811211639,0.111083589,0.119423275,0.13357438
705,COC(=O)C1=CC(OC)=CC(CN2CCC3=CC(F)=C(F)C=C23)=N1,,Z5017474642,334.323,2811211639,0.11918537,0.16351571,0.19263321
706,COC(=O)C1=CC=CC(=N1)C(=O)N1CCC2=CC(F)=C(F)C=C12,,Z451431358,318.28,2811211639,0.115606189,0.088903014,0.10838522
707,COC(=O)C1=CC=CC(CN2CCC3=CC(F)=C(F)C=C23)=N1,,Z1894742615,304.297,2811211639,0.10411116,0.128449846,0.16056043
708,CCC1=C(C=C(O1)C(=O)N1CCC2=C1C=C(F)C(F)=C2)C(O)=O,,PV-008376877911,321.28,2811211647,0.284087441,0.036613232,0.05744937
709,OC(=O)C1=COC(=C1)C(=O)N1CCC2=C1C=C(F)C(F)=C2,,PV-007322777760,293.226,2811211647,0.266626832,0.033427088,0.0580197
710,COC(=O)C1=C(C)OC(CN2CCC3=CC(F)=C(F)C=C23)=C1,,Z648236234,307.297,2811211647,0.076905424,0.120509531,0.13825641
711,COC(=O)C1=COC(=C1)C(=O)N1CCC2=CC(F)=C(F)C=C12,,Z1675389021,307.253,2811211647,0.088896696,0.103544659,0.12258879
712,CCC1=C(C=C(O1)C(=O)N1CCC2=CC(F)=C(F)C=C12)C(=O)OC,,Z2017000453,335.307,2811211647,0.074772069,0.101721597,0.11788179
713,COC(=O)C1=COC(CN2CCC3=CC(F)=C(F)C=C23)=C1,,Z1024601166,293.27,2811211647,0.085030547,0.144351489,0.16550325
714,CCOC(=O)C1=CN=C2N(CC)N=CC2=C1N1CCC2=C(F)C(F)=CC=C2C1,,PV-007077175663,386.403,2811211770,0.082508114,0.260057704,0.26855018
715,OC(=O)C1=CN=C2C=CC=CC2=C1N1CCC2=C(F)C(F)=CC=C2C1,,PV-006997281959,340.33,2811211770,0.276222927,0.171223918,0.18290191
716,COC(=O)C1=CN=C(C)C=C1N1CCC2=C(F)C(F)=CC=C2C1,,PV-004568702759,318.324,2811211770,0.080791411,0.287875203,0.28849754
717,CCOC(=O)C1=CN=C2N(C)N=CC2=C1N1CCC2=C(F)C(F)=CC=C2C1,,Z1697076714,372.376,2811211770,0.084510547,0.273625709,0.27560739
718,CCOC(=O)C1=CN=CC=C1N1CCC2=C(F)C(F)=CC=C2C1,,Z1957972872,318.324,2811211770,0.083647847,0.143693504,0.15884793
719,CCOC(=O)C1=CN=C2N(C)N=C(C)C2=C1N1CCC2=C(F)C(F)=CC=C2C1,,Z1665867536,386.403,2811211770,0.08308549,0.247235628,0.23976728
720,CCOC(=O)C1=CN=C2N=C(C)C=CC2=C1N1CCC2=C(F)C(F)=CC=C2C1,,Z1558996160,383.399,2811211770,0.07723072,0.293189915,0.30204825
721,COC(=O)C1=CC(C)=C(CN2CCC3=CC(F)=C(F)C=C23)C=N1,,Z3527088070,318.324,2811211772,0.10978163,0.150532308,0.18918835
722,COC(=O)C1=NC=C(CN2CCC3=CC(F)=C(F)C=C23)C=C1F,,Z3309856466,322.287,2811211772,0.166671715,0.171407466,0.20239273
723,OC(=O)C1=CC=C(C=N1)C(=O)N1CCC2=CC(F)=C(F)C=C12,,Z424114382,304.253,2811211772,0.270007521,0.063310648,0.07798997
724,CC(C)(C)OC(=O)C1=CC=C(C=N1)C(=O)N1CCC2=CC(F)=C(F)C=C12,,Z2473354097,360.361,2811211772,0.100434003,0.190420167,0.18072957
725,COC(=O)C1=CC=C(C=N1)C(=O)N1CCC2=CC(F)=C(F)C=C12,,Z421694100,318.28,2811211772,0.107734422,0.172459429,0.1810092
726,OCC1=CC(F)=C(F)C=C1C1=CN(C2CC2)C(=O)C(=C1)C(O)=O,,Z3256665804,321.28,2811211788,0.228896127,0.052586496,0.07027281
727,CSC1=C(F)C=C(NC(=O)NC2CC3CCC2O3)C=C1,,Z1415411597,296.36,1160399807,0.32099137,0.191129002,0.19133408
