SMILES,Broad_plate,Well_number,Compound_ID,Plate_num,R1_50uM,R2_50uM,Mean_50uM,class,predicted_with_gnn,experimental_hit,predicted_with_gnn_plus_processing
CC1(C)S[C@H]2[C@@H](NC(=O)[C@@H](N)c3ccccc3)C(=O)N2[C@@H]1C(=O)O,BR00119012,H20,BRD-K01825640,4,1.062964385,1.309334933,1.186149659,0.4754031131664912,1.0,False,1.0
Fc1nc(c(c(c1F)NC(=O)CCC(=O)N1CCOCC1)F)N1CCOCC1,BR00119012,B05,BRD-K55612471,4,1.010126974,1.020376642,1.015251808,0.2710514997442563,1.0,False,0.0
NC(=O)c1c(c(c(c(c1F)F)N)F)F,BR00119011,H18,BRD-K91801362,3,1.13288913,0.98395888,1.058424005,0.2405858218821658,1.0,False,0.0
Fc1ccc(cc1F)C1=NNC2=NCCN2C1,BR00119012,B06,BRD-K82602345,4,0.991478476,0.880936104,0.93620729,0.2065763325585673,1.0,False,1.0
CCOc1ccc2c(c1)C1=C(SSC1=S)C(C)(C)N2C,BR00119011,O16,BRD-K77911970,3,1.38676297,1.435616499,1.411189734,0.1548817042882243,0.0,False,0.0
CCSC1=C(C#N)C(=O)N[C@@H](CO)S1,BR00119009,C20,BRD-A09476425,1,0.90813268,1.171845439,1.039989059,0.1474850080141001,0.0,False,0.0
Cc1ccc(cc1C)N1NC(=O)/C(=N/O)C1=O,BR00119009,D13,BRD-K62426841,1,0.852439301,0.917364117,0.884901709,0.1389052754578491,0.0,False,0.0
CC(=O)N[C@H]1C(=O)NC(=S)N(C1=O)c1ccccc1,BR00119011,P10,BRD-A26604509,3,0.974185299,0.920348879,0.947267089,0.1370783500062922,0.0,False,0.0
CN1[C@H]2N=CN(CCCO)[C@@H]2C(=O)N(C)C1=O,BR00119011,H16,BRD-A29768317,3,1.059681432,0.970917499,1.015299465,0.1318813931546174,0.0,False,0.0
Cc1nc(cs1)CSCc1ccc(cc1Cl)Cl,BR00119012,G08,BRD-K46658710,4,1.380227934,1.217468226,1.29884808,0.1316164664924144,0.0,False,0.0
Cc1nnnn1CC(=O)Nc1ccc(cc1)F,BR00119009,A16,BRD-K95243085,1,1.126837274,1.167484367,1.147160821,0.1286327560121814,0.0,False,0.0
CCOc1ccc(cc1)NC1=NC(=O)/C(=C/c2cc(c(c(c2)OC)OCc2ccccc2)Br)S1,BR00119010,O24,BRD-K78017478,2,1.299336745,1.298829804,1.299083274,0.1247867214803894,0.0,False,0.0
CC[C@H]1CN(C)N1C(=O)[C@@H]1CCCO1,BR00119010,E21,BRD-K56409717,2,1.245553754,0.895474126,1.07051394,0.1225013503804803,0.0,False,0.0
CC(C)NC(=O)Cn1ccc(n1)[N+](=O)[O-],BR00119012,A24,BRD-K65204698,4,1.014669557,1.13239778,1.073533668,0.121301185991615,0.0,False,0.0
[O-][N+](=O)c1ccn(n1)CC(=O)Nc1cccnc1,BR00119011,O20,BRD-K37545946,3,0.932875241,0.997266411,0.965070826,0.1186429987351099,0.0,False,0.0
Fc1ccc(cc1)/C=C\1/SC2=NCCN2C1=O,BR00119012,D07,BRD-K46891755,4,0.867872406,0.81789492,0.842883663,0.116415850034294,0.0,False,0.0
Fc1ccccc1C(=O)N1CCNCC1,BR00119009,L21,BRD-K91289705,1,0.994088671,0.928651595,0.961370133,0.1129621980828233,0.0,False,0.0
Clc1ccc(cc1)NC(=O)c1sc2ccccc2c1Cl,BR00119012,A04,BRD-K81007147,4,1.003671725,1.048967811,1.026319768,0.1085838666806618,0.0,False,0.0
OCCNc1ccc2nonc2c1[N+](=O)[O-],BR00119012,E18,BRD-K90378519,4,0.980958811,0.981473904,0.981216357,0.107518044176201,0.0,False,0.0
CN(C)C(=O)CSc1nnc(s1)N,BR00119009,C04,BRD-K94150440,1,1.006804055,1.103094436,1.054949246,0.1044848697880903,0.0,False,0.0
Cc1ccc(cn1)CCSc1ccc(c(c1)Cl)Cl,BR00119012,E15,BRD-K92973148,4,1.109824714,1.001628334,1.055726524,0.1025905246535937,0.0,False,0.0
O=C(NCc1csnn1)c1csnn1,BR00119011,J09,BRD-K18547292,3,0.870648697,0.873772519,0.872210608,0.0982339436809221,0.0,False,0.0
O=C1CSC(=Nc2nccs2)N1,BR00119009,E16,BRD-K62757889,1,0.914490371,0.920955588,0.91772298,0.0978335761232301,0.0,False,0.0
C[C@H]1CCc2c(scc2C(=O)O)C1,BR00119009,B04,BRD-A23213994,1,1.376313095,1.366041366,1.371177231,0.0973393881693482,0.0,False,0.0
CCN1C(=S)NC(=O)/C(=C\c2ccc[nH]2)C1=O,BR00119011,B19,BRD-K85129386,3,0.96215832,1.092814487,1.027486404,0.0950986821058904,0.0,False,0.0
Nc1nncn1C(=O)c1ccccc1F,BR00119009,B06,BRD-K95886676,1,0.825482688,0.946352413,0.88591755,0.094318628058924,0.0,False,0.0
CCOC(=O)c1ncn2c1C(=O)OC2(C)C,BR00119009,F09,BRD-K38055407,1,0.894908681,0.941734808,0.918321745,0.0921937071252614,0.0,False,0.0
CC(C)C[C@@H]1NC(=O)[C@H]2C[C@H]([C@H](N2C1=O)c1ccc(cc1)O)C(=O)OCCOc1ccc(cc1)[C@H]1N2[C@@H]([C@@H](C(=O)OCC=C)[C@]11C(=O)Nc3ccc(cc31)I)C(=O)O[C@@H]([C@@H]2c1ccccc1)c1ccccc1,BR00119010,A19,BRD-K30615734,2,1.147789345,1.031805893,1.089797619,0.0918955067044104,0.0,False,0.0
Cc1ccc(s1)C=Nn1nnnc1N,BR00119009,G09,BRD-K71760540,1,1.04545882,1.193650794,1.119554807,0.0913509196291367,0.0,False,0.0
CN1C(=O)N(C)C2=C(C1=O)C(=O)/C(=C/NCc1ccccc1)C(=O)N2C,BR00119012,B03,BRD-K15301067,4,0.850897491,1.017564396,0.934230944,0.0913017882679116,0.0,False,0.0
C[C@@H](Sc1ccc(cc1)C)C(=O)c1ccc(c(c1)Cl)C,BR00119011,K04,BRD-A26837514,3,1.172891908,1.16148135,1.167186629,0.0888540536165237,0.0,False,0.0
Cc1nnsc1-c1onc(c1C(=O)N)C,BR00119009,D22,BRD-K29536839,1,0.887533759,0.768831169,0.828182464,0.0874055686406791,0.0,False,0.0
CCOC(=O)CC1=NC(=O)CS1,BR00119010,D07,BRD-K10275464,2,0.999006491,0.98791491,0.993460701,0.0860709451759855,0.0,False,0.0
Nc1nc(nc(n1)Cl)Cl,BR00119011,M09,BRD-K01595141,3,1.015495357,0.940310176,0.977902767,0.0844751022280907,0.0,False,0.0
C[C@@H]1CN(C[C@H](C)O1)C(=N)N,BR00119010,M14,BRD-A50459516,2,1.014588479,1.017584234,1.016086356,0.083885550815709,0.0,False,0.0
CN1C(=O)N(C)c2nc(n(c2C1=O)C)SCC(=O)NC(C)(C)C,BR00119012,D15,BRD-K33015743,4,0.99243481,1.039828011,1.01613141,0.0837426327247764,0.0,False,0.0
CCc1nnc(n1N)SCC(=O)O,BR00119009,G21,BRD-K13394555,1,0.780724538,1.153888087,0.967306313,0.0835700194826737,0.0,False,0.0
CC(C)C[C@@H]1NC(=O)[C@@H]2C[C@@H]([C@@H](N2C1=O)c1cccc(c1)OCCO)C(=O)NCCCC[N+](C)(C)C,BR00119011,K19,BRD-K83432102,3,0.846856195,0.944036285,0.89544624,0.0816833334509283,0.0,False,0.0
CC1(C)NC(C)(C)C(=C1)C(=O)N1CCOCC1,BR00119011,A13,BRD-K08237165,3,1.185703256,1.13193863,1.158820943,0.0795257828431204,0.0,False,0.0
CN1[C@H](OC(=O)C)[C@H](OC(=O)C)N(C)C1=O,BR00119012,A16,BRD-A15824369,4,0.995064726,0.979833427,0.987449076,0.0787768911424791,0.0,False,0.0
Cc1cc(c2nnc(n2n1)SCC(=O)O)C,BR00119011,D17,BRD-K57350854,3,0.896532847,0.971715951,0.934124399,0.0779023022623732,0.0,False,0.0
Brc1ccc(s1)-c1ccc(s1)Br,BR00119012,A13,BRD-K95387370,4,1.130146795,1.108728041,1.119437418,0.0773771376504252,0.0,False,0.0
COc1nsnc1N1CCOCC1,BR00119009,B21,BRD-K35206454,1,1.116410659,0.975853776,1.046132218,0.0773472633678466,0.0,False,0.0
Cc1cc(nc(n1)N1CC(=O)NC1=N)C,BR00119009,C01,BRD-K70561408,1,1.173884192,0.987910855,1.080897523,0.0768731042904013,0.0,False,0.0
COc1oc(c(c1S(=O)(=O)c1ccc(cc1[N+](=O)[O-])C(F)(F)F)-c1ccc(cc1)Cl)C(=O)NC1CCCCC1,BR00119010,I23,BRD-K55676732,2,1.381016521,1.38685697,1.383936745,0.0761754230353593,0.0,False,0.0
CCN1C(=O)[C@@H]2SC[C@H](O)[C@@H]2C1=O,BR00119010,G13,BRD-M71849323,2,0.995990623,1.054119186,1.025054904,0.075374113331812,0.0,False,0.0
NC1=NC(=O)[C@@H]2N=C(Br)N([C@H]2N1)[C@H]1O[C@H]2COP(=O)(O)O[C@@H]2[C@@H]1O,BR00119012,B23,BRD-A72523148,4,0.935532982,1.015455211,0.975494097,0.0747654501239888,0.0,False,0.0
CCN1OCN(C1=N)c1nc(nc(n1)N(C)C)N(C)C,BR00119011,C10,BRD-K79017344,3,0.863850839,0.907573649,0.885712244,0.074675335784165,0.0,False,0.0
Cc1csc2sc(c(c12)C)C(=O)Oc1ccc(cc1)Cl,BR00119012,A08,BRD-K66642596,4,0.961114896,0.966475257,0.963795077,0.0738915610127151,0.0,False,0.0
COC(=O)c1ccc2[n+](onc2c1)[O-],BR00119009,O18,BRD-K53748620,1,1.039101128,1.056405323,1.047753226,0.073259446513839,0.0,False,0.0
COc1ccc(cc1)CCNC(=O)C1=CC2=C(N=C3N(C=CC=C3C)C2=O)N(CCCN2CCOCC2)C1=N,BR00119010,N02,BRD-K64029346,2,0.84519719,0.859919978,0.852558584,0.0720552138984203,0.0,False,0.0
CN1C(=O)N(C)c2nc(n(c2C1=O)CCN)N1CCOCC1,BR00119012,D21,BRD-K43338873,4,0.920470734,0.973037165,0.94675395,0.0706358425589617,0.0,False,0.0
COC(=O)COc1nsnc1N1CCOCC1,BR00119011,J01,BRD-K74413650,3,0.921371174,1.111445032,1.016408103,0.070242653763853,0.0,False,0.0
CCOC(=O)N1CCN(CC1)C[C@@H](O)CN1C(=O)N(C)c2ncn(c2C1=O)C,BR00119012,H17,BRD-A01908740,4,1.631026324,0.862187796,1.24660706,0.069888151998263,0.0,False,0.0
CN1C(=O)N(C)c2ncn(c2C1=O)CCCCn1cnc2c1C(=O)N(C)C(=O)N2C,BR00119012,B07,BRD-K34547428,4,1.055074636,1.117633488,1.086354062,0.0690063427737186,0.0,False,0.0
CSC1=NC(=O)C(=NN1)C,BR00119009,A19,BRD-K62091740,1,0.994597287,1.212634279,1.103615783,0.066128601552676,0.0,False,0.0
CCc1ccc(cc1)-c1cc2n(n1)C(=NN(CC(=O)NCCN1CCOCC1)C2=O)C,BR00119012,F07,BRD-K69404927,4,1.082330133,1.01358038,1.047955257,0.0641659351065754,0.0,False,0.0
CC(C)C[C@H]1NC(=O)N(C)C1=O,BR00119010,L13,BRD-A80017544,2,0.983424503,0.963640009,0.973532256,0.0641610510467823,0.0,False,0.0
CC(C)(C)c1ccc(cc1)NC(=O)c1ccc(s1)C(C)(C)C,BR00119012,C20,BRD-K02189178,4,1.871065965,2.832634926,2.351850446,0.063765445848306,0.0,False,0.0
O=C1NN=C(N2CCOCC2)C(=O)N1,BR00119009,B01,BRD-K21544318,1,1.104966814,1.048965849,1.076966332,0.0621145313605666,0.0,False,0.0
Clc1ccc(cc1)[C@H]1CC(=CC(=S)S1)N1CCCCC1,BR00119011,N06,BRD-A97240422,3,0.92163263,0.837576033,0.879604331,0.061526295459286,0.0,False,0.0
Nc1c(no[n+]1[O-])C(=O)c1ccccc1,BR00119009,A08,BRD-K32149043,1,1.079536047,1.040500241,1.060018144,0.0609334599905802,0.0,False,0.0
CC(=O)NN1C=C(C(=O)O)c2ccccc2C1=O,BR00119010,G18,BRD-K43037484,2,1.013331867,1.136016326,1.074674097,0.0585813561143974,0.0,False,0.0
Nc1ccc(c(c1)Cl)Sc1ccc2ccccc2c1Cl,BR00119012,A02,BRD-K23451248,4,0.164728399,0.166859938,0.165794168,0.0584101554627219,0.0,True,0.0
CN1C(=O)N(C)c2ncn(c2C1=O)CC(=O)Nc1cc(ccn1)C,BR00119011,O19,BRD-K24434316,3,0.96477288,1.035858253,1.000315567,0.0580645975414275,0.0,False,0.0
[O-][NH2+][O-],BR00119010,O15,BRD-K61230716,2,1.188252249,1.128660296,1.158456272,0.0563203681716307,0.0,False,0.0
CC1=CC(C)(C)N(C(=O)Nc2ccc(cc2)C)c2ccccc21,BR00119011,I02,BRD-K23687319,3,1.105174787,1.187031811,1.146103299,0.0561012528215845,0.0,False,0.0
O=C1NC(=S)NC(=O)C1=Cc1ccccc1,BR00119009,E09,BRD-K04410489,1,0.849133301,0.840660574,0.844896937,0.0558922303471869,0.0,False,0.0
OC(=O)CN1C=C(Br)C(=O)NC1=O,BR00119012,B24,BRD-K79874683,4,1.094523382,1.037718826,1.066121104,0.0548959020522791,0.0,False,0.0
COc1ccc(cc1OC)CC[C@@H](OC(=O)[C@H]1CCCCN1C(=O)Cc1ccccc1)c1cccc(c1)OCC(=O)O,BR00119010,M15,BRD-A40831535,2,0.821572885,0.951625159,0.886599022,0.0542993112156788,0.0,False,0.0
FC(F)(F)c1ccc(cc1)/C=N/c1cc(cc(c1)Cl)Cl,BR00119012,G12,BRD-K09857326,4,1.067267885,0.951476611,1.009372248,0.0537143007388294,0.0,False,0.0
OCCNCCNc1ccc(cc1)[N+](=O)[O-],BR00119011,D12,BRD-K65653987,3,1.052622118,0.940842478,0.996732298,0.0536809625104069,0.0,False,0.0
Cc1ccc(cc1)NC1N(N)C(=O)NC1=O,BR00119009,G01,BRD-K99733537,1,1.115393429,1.182106782,1.148750105,0.0529172756461775,0.0,False,0.0
O=C1NC(=S)NC(=O)C1c1ccccc1,BR00119009,E07,BRD-K93974658,1,0.786319307,0.789097322,0.787708315,0.0527632769042005,0.0,False,0.0
NC1=NC(=O)NC=C1F,BR00119012,G10,BRD-K82143716,4,0.941988232,0.962256888,0.95212256,0.0522325021825395,0.0,False,0.0
CCOC(=O)[C@H]1CNN=C1C(=O)OCC,BR00119009,N06,BRD-A37493251,1,0.937123754,0.851691518,0.894407636,0.0519685138754236,0.0,False,0.0
CC[N+]1(CC)Cc2c(c3ccccc3c(c2C1)C(=C)C)Cl,BR00119012,E08,BRD-K58661506,4,0.932663983,0.962491242,0.947577612,0.0517064064896355,0.0,False,0.0
O=C1NN=C(N1)N1CCSCC1,BR00119010,F24,BRD-K95696994,2,1.121903139,1.088202127,1.105052633,0.0516671590451854,0.0,False,0.0
O=C1NC(=S)NC(=O)C1CN1CCOCC1,BR00119011,D03,BRD-K11348898,3,0.911958755,0.909702854,0.910830805,0.051637732006687,0.0,False,0.0
CN/1C(=N)NC(=O)\C1=C\c1cccnc1,BR00119009,M17,BRD-K74653184,1,0.933054831,0.915311849,0.92418334,0.0512536967561269,0.0,False,0.0
CN1CCN(CC1)C(=O)c1ccc(cc1)N,BR00119009,C05,BRD-K83038207,1,0.966114828,0.954561488,0.960338158,0.0511617394940306,0.0,False,0.0
CCOC(=O)c1snc2c1NC=NC2=O,BR00119009,B08,BRD-K31894795,1,1.061734511,0.988423922,1.025079216,0.051137598840675,0.0,False,0.0
CSC1=NNC2=NC(=O)C=C(N)N21,BR00119009,P07,BRD-K40095491,1,1.074195586,0.972518839,1.023357213,0.0510392076655989,0.0,False,0.0
O=C/1OCCN\C1=C\C(=O)c1ccccc1,BR00119009,O11,BRD-K62372508,1,1.165492039,1.031521565,1.098506802,0.0493261555248561,0.0,False,0.0
CCOC(=O)c1cc(n(n1)C)C(=O)OCC,BR00119009,B14,BRD-K50436957,1,1.07597574,1.071797338,1.073886539,0.0492550569586455,0.0,False,0.0
COC(=O)CN1C(=O)COc2ccc(cc21)C,BR00119009,L15,BRD-K89633997,1,1.096574661,1.100272567,1.098423614,0.0489153547212481,0.0,False,0.0
CC1=C(Cc2ccc(cc2Cl)Cl)C(=C(C#N)C(=S)N1)C,BR00119012,G06,BRD-K62100732,4,1.049336637,0.954288858,1.001812747,0.0487970799413567,0.0,False,0.0
CC1=CC(=C(C(=O)O)C(=O)N1)C,BR00119010,F22,BRD-K94583367,2,0.985435082,0.950644355,0.968039719,0.0481472741036365,0.0,False,0.0
NN1C(=S)Nc2cc(ccc2C1=O)C(=O)O,BR00119009,O15,BRD-K47055223,1,1.014687592,1.025877826,1.020282709,0.0481401449171244,0.0,False,0.0
CCN1C=C2N=C(NC=C2C1=O)N1CCNCC1,BR00119011,P13,BRD-K26148294,3,0.93156796,1.043576621,0.987572291,0.0481041585754913,0.0,False,0.0
CSC(=N)Nc1csc(c1-c1ccccc1)C(F)(F)F,BR00119012,H13,BRD-K31119913,4,1.418481264,1.151849149,1.285165206,0.0480113571156674,0.0,False,0.0
Clc1cccc(c1CSCc1cc2ccccc2o1)Cl,BR00119012,A23,BRD-K51296197,4,1.150229793,0.932025242,1.041127517,0.0478486170060932,0.0,False,0.0
CCOC(=O)c1nnn(c1C)CC(=O)N,BR00119011,P11,BRD-K72841061,3,0.911174387,1.075514697,0.993344542,0.0476145718324308,0.0,False,0.0
OC(=O)c1n[nH]c2c1CCCC2,BR00119011,M05,BRD-K43765953,3,1.134980779,1.068328629,1.101654704,0.0475162863110502,0.0,False,0.0
COC1=CN=C(SC)N(C)C1=O,BR00119010,B01,BRD-K52332510,2,1.089985196,1.392496593,1.241240894,0.0468858080547458,0.0,False,0.0
CCCNC(=O)N(C)c1nncnc1C(=O)NC,BR00119011,L21,BRD-K41376210,3,0.831691743,0.907307498,0.869499621,0.0468779325436723,0.0,False,0.0
Cc1cc(ccc1Cl)C(=O)c1cc2cc(ccc2o1)Cl,BR00119012,C01,BRD-K41726132,4,0.953225147,1.662271824,1.307748485,0.0468669896790136,0.0,False,0.0
Cc1ccc(c(c1)Cc1cc(ccc1Cl)Cl)C,BR00119012,G03,BRD-K23423727,4,0.592209353,0.699546228,0.64587779,0.0461158997689684,0.0,False,0.0
O=C(NN1CCOCC1)Nc1ccno1,BR00119009,E06,BRD-K78008305,1,1.020028053,0.921725188,0.970876621,0.0457058714081843,0.0,False,0.0
Fc1ccc(cc1)/C=C/1\NC(=C)OC1=O,BR00119011,J11,BRD-K46068837,3,0.957452111,1.02228457,0.989868341,0.0454039785079658,0.0,False,0.0
CN1C(=O)N(C)c2nc([nH]c2C1=O)NCCN1CCOCC1,BR00119010,A09,BRD-K01629704,2,1.01785567,0.970260437,0.994058053,0.0453434389397443,0.0,False,0.0
CCNC(=O)c1sc(nc1N)C,BR00119010,P01,BRD-K08075971,2,1.257365906,1.170344469,1.213855187,0.0450359986939777,0.0,False,0.0
CN1C(=O)N(C)c2ncn(c2C1=O)C=C,BR00119009,C24,BRD-K75140779,1,1.189651267,1.161071028,1.175361148,0.0449389181526385,0.0,False,0.0
COC(=O)c1cnn2c1NC1=C(CCC1)C2=O,BR00119009,C15,BRD-K64628071,1,0.972726827,1.006637807,0.989682317,0.0448691537176879,0.0,False,0.0
CC(=O)OCCN1C(=O)NC(=O)c2nsnc21,BR00119010,I08,BRD-K74115509,2,0.9789007,1.099726575,1.039313638,0.0447592681800718,0.0,False,0.0
OC(=O)c1nn(nc1C(=O)O)Cc1ccccc1,BR00119011,L11,BRD-K39460966,3,0.952484445,0.987951139,0.970217792,0.0445230735465884,0.0,False,0.0
CCOC(=O)Cc1csc(n1)/C(=N/O)C(=O)N,BR00119011,P01,BRD-K54506699,3,0.999023625,1.183571852,1.091297739,0.0443873058422468,0.0,False,0.0
CC(C)(C)Cc1ccc(c(c1)CC(C)(C)C)OCCCC(=O)O,BR00119012,F19,BRD-K72258850,4,0.128626819,0.122801415,0.125714117,0.0441173401971658,0.0,True,0.0
CN(C)/C=N/[C@H]1NC(=O)N(C)C(=N1)C1CC1,BR00119009,M23,BRD-A61865718,1,1.013670362,1.064101331,1.038885846,0.0440824745158683,0.0,False,0.0
CC1=C(C(=O)N)C(=O)N2CCOC2=C1,BR00119009,G12,BRD-K84103085,1,1.060971588,1.238031105,1.149501346,0.0434874189901165,0.0,False,0.0
S=C1NCN(CN1)Cc1cccs1,BR00119009,E05,BRD-K08065209,1,1.166000654,1.138239538,1.152120096,0.0430248416931135,0.0,False,0.0
Fc1cccc(c1)-c1csc(n1)COc1ccccc1Cl,BR00119012,G14,BRD-K85583112,4,1.101217714,0.976552473,1.038885094,0.0425467595147589,0.0,False,0.0
CN1N=C(C(=O)O)c2ccccc2C1=O,BR00119009,A22,BRD-K90605699,1,1.103695276,1.201090268,1.152392772,0.042257417878136,0.0,False,0.0
O=C1N[C@H](C2=C(COC2=O)N1)c1ccccc1,BR00119009,F01,BRD-A94332126,1,0.981627596,0.941991342,0.961809469,0.0415934182325145,0.0,False,0.0
C[C@H]1CN([C@@H](C)CO)C(=O)CCCn2nncc2CO[C@@H]1CN(C)S(=O)(=O)c1ccc(cc1)-n1cccn1,BR00119012,F23,BRD-K86106744,4,0.982154227,0.954288858,0.968221542,0.041267707934215,0.0,False,0.0
COc1ccc(cc1)/C=C/CN1CCC(CC1)C(=O)N[C@@H](c1ccc(cc1)F)c1ccc2ccccc2n1,BR00119011,H04,BRD-A68425906,3,0.83456776,0.894798419,0.864683089,0.0401047058083349,0.0,False,0.0
CCC(=O)Nc1nn2c(nnc2s1)C,BR00119009,D18,BRD-K99023700,1,0.941192676,0.803463203,0.87232794,0.0399893289383423,0.0,False,0.0
Cc1ccc(cc1F)-c1nc(cs1)-c1ccc(cc1)Cl,BR00119011,K06,BRD-K90988405,3,0.981244613,0.946697792,0.963971202,0.0399086338855947,0.0,False,0.0
CNC(=S)Nc1cccc(c1)C(=O)NC,BR00119009,C09,BRD-K89151192,1,0.9320376,0.890684624,0.911361112,0.0398799778272708,0.0,False,0.0
CSC1=NC(=O)C=C(O)N1,BR00119010,L11,BRD-K07737811,2,0.915064814,0.976880864,0.945972839,0.0394975210675814,0.0,False,0.0
C/C(=N\N)c1nnn(c1C)-c1nonc1N,BR00119011,H20,BRD-K09022147,3,0.975492579,1.007646286,0.991569432,0.0394527868852795,0.0,False,0.0
CN(C)c1cc[n+](cc1)C(=O)N1CCOCC1,BR00119009,M02,BRD-K31923572,1,0.736729312,0.781144781,0.758937047,0.0391745326996897,0.0,False,0.0
COC(=O)c1cnn2c1NC(=CC2=O)C,BR00119009,C13,BRD-K78846682,1,1.032743437,0.931473465,0.982108451,0.0382170143071562,0.0,False,0.0
CC[C@@](C)(NC1=NNC(=O)NC1=O)C(=O)O,BR00119009,L19,BRD-A44752748,1,0.902029296,0.984832451,0.943430874,0.0379481913056224,0.0,False,0.0
CN1C(=O)N(C)c2ncn(c2C1=O)CCNC1=NCCC1,BR00119012,A01,BRD-K91456682,4,0.894649737,1.044983796,0.969816766,0.0378338871569818,0.0,False,0.0
C1CN(CCO1)c1ncnc(n1)N1CCOCC1,BR00119010,C22,BRD-K44642920,2,0.899734148,0.847414726,0.873574437,0.0376429264673485,0.0,False,0.0
CN(C)c1nc(nc(n1)N(C)C)SCCO,BR00119012,E16,BRD-K07379304,4,1.027101889,0.995769488,1.011435689,0.0372341140738361,0.0,False,0.0
O/N=C/1\CCCCc2c1[nH]c1ccc(cc21)C1CCCCC1,BR00119011,H10,BRD-K87667579,3,0.341200165,0.27014289,0.305671527,0.036780049962302,0.0,False,0.0
CC(C)(CN)CNc1ccc(c2cccnc12)[N+](=O)[O-],BR00119011,I20,BRD-K36899490,3,0.981244613,1.06859478,1.024919696,0.0367542070259029,0.0,False,0.0
CC1=CC2=NC=C(C(=O)O)C(=O)N2C=C1,BR00119009,F08,BRD-K23677407,1,0.917542063,0.905563572,0.911552818,0.0366413234733045,0.0,False,0.0
O=C1OCc2cc(ccc21)-n1cnnn1,BR00119009,L08,BRD-K50395925,1,1.014178977,1.084367484,1.049273231,0.0361156961492573,0.0,False,0.0
CCn1nnc(n1)NC(=O)Cc1ccccc1,BR00119009,E04,BRD-K15434743,1,1.298494949,0.95045695,1.12447595,0.0360779539992411,0.0,False,0.0
Nc1nnnn1/N=C\C=C\c1ccccc1,BR00119009,C02,BRD-K14690185,1,1.198552036,1.090011223,1.14428163,0.036036560529222,0.0,False,0.0
CNC(=O)Cn1cc2c(n1)CC[C@H](C)C2,BR00119009,M18,BRD-A25314468,1,0.944498676,0.986115119,0.965306898,0.0357649000982443,0.0,False,0.0
O=C1CN(C=NN1)c1ccccc1,BR00119010,F11,BRD-K68283591,2,0.960302843,1.017093832,0.988698338,0.0354132764584695,0.0,False,0.0
CCOC(=O)C1=CNC(=NC1=O)CC(=O)C,BR00119011,G11,BRD-K16096274,3,1.032751457,0.981829675,1.007290566,0.0352906556800007,0.0,False,0.0
Cc1ccc(cc1)NC(=O)C1=CC(=O)NC(=O)N1,BR00119011,P07,BRD-K22749567,3,0.977845684,1.055021098,1.016433391,0.0350286778178997,0.0,False,0.0
CSc1nc(cc(n1)NC(=O)N)C,BR00119009,D20,BRD-K85082048,1,0.871766683,0.773705307,0.822735995,0.0347952279766711,0.0,False,0.0
CS(=O)(=O)c1nnnn1-c1ccc2c(c1)OCO2,BR00119011,P02,BRD-K61057209,3,1.134719323,1.024679926,1.079699624,0.034560406662058,0.0,False,0.0
Clc1ccc2sc(nc2c1)Sc1ccccc1,BR00119011,M04,BRD-K48605526,3,1.08242811,1.091749885,1.087088997,0.0342018548243989,0.0,False,0.0
OCCN1NC(=O)C=CC1=O,BR00119010,F06,BRD-K61069777,2,0.909535721,0.945004732,0.927270226,0.0340397835709154,0.0,False,0.0
CSc1ccc(cc1)Sc1ccc(cc1)SC,BR00119012,C04,BRD-K57738127,4,1.045750387,0.979833427,1.012791907,0.0339344596955925,0.0,False,0.0
CCc1ccc(cc1)NC(=O)Cc1coc2ccc(cc12)C(C)C,BR00119011,P16,BRD-K78793600,3,1.502588007,1.544472107,1.523530057,0.0334632584825158,0.0,False,0.0
CN1C(=O)NC(=O)c2c1ncn2CC=C,BR00119009,C18,BRD-K45611578,1,0.987476672,1.082571749,1.035024211,0.0323357132712923,0.0,False,0.0
Cc1ccc(cc1)C(=O)NCCN1CCNC1=O,BR00119011,B09,BRD-K31569619,3,1.211587406,0.921413482,1.066500444,0.0321950081425408,0.0,False,0.0
Cc1csc2sc(c(c12)C)COC(=O)Nc1ccccc1,BR00119012,C02,BRD-K94880214,4,0.925013317,0.967412673,0.946212995,0.0321287203386115,0.0,False,0.0
Clc1ccc(cc1)CSc1nc2ccccc2s1,BR00119011,P12,BRD-K26863509,3,1.227013314,1.044641223,1.135827269,0.0320695125342657,0.0,False,0.0
COC(=O)/C=C/C1=CN([C@H]2OC[C@@H](CO)[C@@H]2O)C(=O)NC1=O,BR00119011,P18,BRD-A92184279,3,0.934966889,1.010041641,0.972504265,0.0319887966586975,0.0,False,0.0
COC(=O)c1c(c(c2n1CCC2)C#N)N,BR00119009,K09,BRD-K05306708,1,0.907878372,0.950970018,0.929424195,0.0319419682937078,0.0,False,0.0
O=C(Nc1ccccc1)N1c2ccccc2CCc2ccccc21,BR00119012,E12,BRD-K29784843,4,1.072527718,0.974208934,1.023368326,0.0319295613095164,0.0,False,0.0
COC(=O)C1=CC(=O)N2C=CC=CC2=C1C#N,BR00119009,C19,BRD-K00346545,1,0.946024522,1.097963765,1.021994143,0.0318426604844743,0.0,False,0.0
CN(c1ccc(cc1[N+](=O)[O-])N)S(=O)(=O)C,BR00119011,N05,BRD-K21359764,3,0.863850839,0.908638251,0.886244545,0.0317639752660397,0.0,False,0.0
CC1=NN(CC(=O)O)C(=O)c2cccn21,BR00119009,B20,BRD-K46996112,1,0.896688835,1.028956229,0.962822532,0.0317240582313388,0.0,False,0.0
OC(=O)Cn1cc2c(n1)CCCC2,BR00119010,F20,BRD-K85296276,2,1.018106993,0.920729831,0.969418412,0.0315839989421268,0.0,False,0.0
CC[N+](CC)(CC)CCOc1cccc(c1OCC[N+](CC)(CC)CC)OCC[N+](CC)(CC)CC,BR00119012,F16,BRD-K43106192,4,1.081134717,1.057873257,1.069503987,0.0315312778409861,0.0,False,0.0
OC(=O)CC1(CCSCC1)n1cnnn1,BR00119011,K17,BRD-K23295598,3,0.99536324,0.97996662,0.98766493,0.0310334240881275,0.0,False,0.0
CSc1nc(cc(n1)OCCO)C,BR00119009,D24,BRD-K67339678,1,1.134466504,1.039987173,1.087226838,0.0309818809386342,0.0,False,0.0
Nc1nnnn1CC(=O)OCC(=O)Nc1ccccc1,BR00119011,B14,BRD-K46676141,3,1.060204344,0.966659089,1.013431717,0.0308806636370718,0.0,False,0.0
CN(C)/C=C/C(=S)c1cccs1,BR00119009,F05,BRD-K12151048,1,0.457245186,0.541798942,0.499522064,0.0307257641339674,0.0,False,0.0
CC[C@@H](C)c1ccc(cc1)NC(=O)c1cc2ccccc2o1,BR00119011,O18,BRD-A50785360,3,1.120600695,1.17425658,1.147428638,0.0306037069608767,0.0,False,0.0
CN(C)C(=O)OC1=CC(=O)N(C)C(=C1)C,BR00119009,D10,BRD-K37830723,1,0.87430976,0.838095238,0.856202499,0.0304542984541816,0.0,False,0.0
Cc1cncc2cccc(c12)S(=O)(=O)N1CC[C@@H](C1)N(C/C=C/c1ccc(cc1)Br)C/C=C/c1ccc(cc1)Br,BR00119011,H19,BRD-K67763615,3,1.008436043,1.084031517,1.04623378,0.030381129165471,0.0,False,0.0
OCCN1C(=O)Nc2ccsc2C1=O,BR00119009,J11,BRD-K48525335,1,0.954670983,1.00330287,0.978986926,0.0300825855018047,0.0,False,0.0
CN1C(=O)NC(=O)c2c1ncn2CCNCc1ccco1,BR00119012,D17,BRD-K26788671,4,1.017299474,0.951007904,0.984153689,0.029980254874196,0.0,False,0.0
CN(C)C(=O)CN1C(=O)Oc2ccccc21,BR00119009,F24,BRD-K64559358,1,1.066566356,1.14619208,1.106379218,0.0298608395193393,0.0,False,0.0
CNC(=O)CN(C#N)c1nc(nc(n1)N(C)C)N(C)C,BR00119012,B01,BRD-K26767463,4,0.838226076,1.029516442,0.933871259,0.0296977698279747,0.0,False,0.0
CN(C)CCC(=O)N1CCNCC1,BR00119011,P19,BRD-K05150353,3,1.216816527,1.209388463,1.213102495,0.0294314632415383,0.0,False,0.0
COC(=O)[C@H]1CNCCN1c1ccccc1,BR00119009,E22,BRD-A66661696,1,1.101406507,0.872983806,0.987195157,0.0293174011089528,0.0,False,0.0
O=C1N[C@@H](Cc2ccccc2)C(=O)N1,BR00119010,D09,BRD-A44258161,2,0.980408634,0.985217699,0.982813167,0.02924207993395,0.0,False,0.0
CCNc1nc(nc(n1)C(=O)OCCO)NCC,BR00119010,M08,BRD-K07135888,2,0.815038503,0.978597271,0.896817887,0.029095735773626,0.0,False,0.0
OC[C@H]1O[C@@H]([C@@H](O)[C@@H]1O)N1C=CC(=NC1=O)NC(=O)c1ccccc1,BR00119012,F03,BRD-A13899224,4,0.818621245,1.061388565,0.940004905,0.0290397578738823,0.0,False,0.0
C[C@@H]1CC[C@H](C)N1c1cc(cc(c1)C(F)(F)F)C(F)(F)F,BR00119011,O22,BRD-A58417700,3,0.945163676,1.22056679,1.082865233,0.028881894003768,0.0,False,0.0
CC1=CC(=O)N=C(N1)SCC(=O)N,BR00119009,F21,BRD-K40250568,1,0.908386987,0.91043771,0.909412349,0.0288632184630841,0.0,False,0.0
CCCOC1=NN(C)C(=O)C=C1,BR00119010,D04,BRD-K23019743,2,0.993477399,0.96388521,0.978681304,0.0288473952251176,0.0,False,0.0
COC(=O)CC1=C(C)Nc2ncnn2C1=O,BR00119009,F15,BRD-K13638100,1,0.913218833,0.974314574,0.943766704,0.0287319554015994,0.0,False,0.0
CS(=O)(=O)c1ccc(s1)S(=O)(=O)C,BR00119011,F01,BRD-K01163732,3,1.014710989,0.895596871,0.95515393,0.0286461373364242,0.0,False,0.0
CCOC(=O)CNC(=O)c1cc(on1)C,BR00119011,D01,BRD-K98207907,3,0.978891508,0.881757038,0.930324273,0.0283263676955054,0.0,False,0.0
NC1=CC(=O)NC(=O)N1c1ccc(cc1)Cl,BR00119011,H05,BRD-K96813316,3,0.856530069,0.911832059,0.884181064,0.027956385075231,0.0,False,0.0
Clc1ccc2scc(c2c1)/C(=C/c1cccs1)C#N,BR00119011,H24,BRD-K63663212,3,1.142563005,1.065400973,1.103981989,0.0279277215946288,0.0,False,0.0
CC(C)(C)NC(=O)C[n+]1cccc(c1)/C=N/O,BR00119009,A24,BRD-K20147222,1,1.282727874,1.281641815,1.282184844,0.0278378253336995,0.0,False,0.0
COC(CNC1=Nc2ncccc2OC1)OC,BR00119009,A11,BRD-K56049801,1,1.150487887,1.308321308,1.229404597,0.0277172074032326,0.0,False,0.0
CCC1=CN([C@H]2C[C@@H](O)[C@@H](CO)O2)C(=O)NC1=O,BR00119011,H01,BRD-A67842940,3,1.029091073,1.05156114,1.040326106,0.02744909999019,0.0,False,0.0
CC(C)COC1=CNC(=CC1=O)CO,BR00119011,L23,BRD-K33275162,3,0.956406286,0.981563524,0.968984905,0.0272195305364827,0.0,False,0.0
Cc1nccn1CCc1nc(nc(n1)N)N,BR00119011,F06,BRD-K19993445,3,0.989349751,0.938979423,0.964164587,0.0269397125645658,0.0,False,0.0
CC(C)(CO)NC(=S)NC[C@H]1CCCO1,BR00119009,E23,BRD-A03877259,1,0.901774988,0.983036716,0.942405852,0.0269383262241414,0.0,False,0.0
CN1CCN(CC1)Cc1ccc[nH]1,BR00119012,I04,BRD-K53416932,4,0.912341902,0.973740227,0.943041064,0.0266537017227771,0.0,False,0.0
CC(C)(C)CC(=O)N1C[C@H]2C[C@@H]1CN2,BR00119012,H09,BRD-K00233125,4,1.186809539,0.815785735,1.001297637,0.0266130804375279,0.0,False,0.0
Nc1ccc(cc1)C(=O)N1CCOCC1,BR00119009,C07,BRD-K72410872,1,1.00298944,0.824242424,0.913615932,0.0265152314027848,0.0,False,0.0
N[C@@H](CC(=O)O)c1cccc(c1)[N+](=O)[O-],BR00119012,E20,BRD-A00308659,4,0.913298235,1.032328688,0.972813461,0.0264976396473988,0.0,False,0.0
CCCCc1cc(n2nc(cc2n1)-c1ccccc1)CCCC,BR00119012,A07,BRD-K41702783,4,1.056748219,0.984989211,1.020868715,0.0260933388490229,0.0,False,0.0
OC(=O)[C@H]1NC(=O)[C@@H]1Cc1ccccc1,BR00119009,E21,BRD-A71509333,1,1.171341115,0.900945968,1.036143541,0.0260378762439358,0.0,False,0.0
Nc1ncn(n1)C(=O)c1ccccc1,BR00119010,F21,BRD-K04761493,2,0.885911417,0.893267316,0.889589367,0.0259460983560226,0.0,False,0.0
NC1=CC(=O)N=C(N1)SCC(=O)NCC=C,BR00119011,P05,BRD-K70904087,3,0.940718922,0.992209549,0.966464236,0.0257743605057233,0.0,False,0.0
Nc1cc(nc(n1)SCCC(=O)O)N,BR00119009,E15,BRD-K08419385,1,0.930766062,0.858104858,0.89443546,0.025689874326387,0.0,False,0.0
OC(=O)CCCN=C1NC(=O)CC(=O)N1,BR00119009,O12,BRD-K46999120,1,1.003498055,1.00689434,1.005196198,0.0254876213138535,0.0,False,0.0
Cc1cc(nc(n1)SCC(=O)NN)NN,BR00119009,A04,BRD-K72088705,1,1.047493281,0.984832451,1.016162866,0.025464895515923,0.0,False,0.0
CC1=CS/C(=N\c2c(cc(cc2C)C)C)N1Cc1ccccc1,BR00119011,L06,BRD-K61320568,3,0.973662387,0.985555784,0.979609085,0.0254336454129467,0.0,False,0.0
CCOC(=O)[C@@H](C)N1N=Cn2cccc2C1=O,BR00119009,L22,BRD-A79060692,1,0.923645447,1.041269841,0.982457644,0.0251048071232313,0.0,False,0.0
NCCNC(=O)c1nc(no1)-c1ccc(o1)Br,BR00119012,F04,BRD-K71971817,4,1.009887891,1.721563347,1.365725619,0.0250555008950565,0.0,False,0.0
O=C(COc1ccccc1)N1CCNC1=O,BR00119009,B15,BRD-K84740119,1,1.024859899,1.044604778,1.034732338,0.0250243955253002,0.0,False,0.0
CC(=O)Nc1cc2c(cc1N)OCCO2,BR00119009,D11,BRD-K64932358,1,0.972726827,0.97328844,0.973007634,0.0246775475873922,0.0,False,0.0
O=C1CC(=O)N(Cc2ccccc2)C(=O)N1,BR00119009,B13,BRD-K60490976,1,1.001209286,1.006381273,1.003795279,0.0246299831904858,0.0,False,0.0
CN(C)CCNC(=O)c1ccccn1,BR00119009,B24,BRD-K68527008,1,1.157608501,1.203655604,1.180632052,0.0246131229602421,0.0,False,0.0
NC(=O)CCN1C(=O)c2ccccc2C1=O,BR00119009,D19,BRD-K23080931,1,0.829297303,0.999454866,0.914376085,0.0245737589808413,0.0,False,0.0
O=C(NC(=O)c1ccc(cc1)S(=O)(=O)N1CCOCC1)N1CCOCC1,BR00119012,B21,BRD-K52035842,4,1.038099721,0.927572519,0.98283612,0.0245530697532785,0.0,False,0.0
CNC(=O)C[C@H]1Nc2ccccc2NC1=O,BR00119009,F11,BRD-A26095674,1,1.010872977,1.100016033,1.055444505,0.0243504318680303,0.0,False,0.0
CN(/N=C/c1ccncc1)C1=NCCN1,BR00119009,A05,BRD-K81185262,1,1.080553278,1.124899792,1.102726535,0.0243183786920174,0.0,False,0.0
CC1(COC1)COc1ccc2n(cnc2c1)-c1ccc2cccc(c2n1)N1CCC(N)CC1,BR00119012,H14,BRD-K22127577,4,0.811687829,1.116930426,0.964309128,0.0242496808816213,0.0,False,0.0
COC(=O)c1cn(c2ccccc12)CC(=O)N,BR00119012,G02,BRD-K05980889,4,0.914493651,0.97209975,0.943296701,0.0241348593185345,0.0,False,0.0
O=C1SSC(=C1)c1ccccc1,BR00119009,B19,BRD-K95851104,1,1.000700671,1.07333654,1.037018605,0.0240663175315906,0.0,False,0.0
CC(C)NC(=O)c1cccc2cccc(c12)Sc1ccccc1,BR00119011,P14,BRD-K30992994,3,1.088703055,0.953617708,1.021160382,0.0239792161233102,0.0,False,0.0
Cc1nnc(s1)Nc1cccc(n1)[C@H]1CCCN(C1)C(=O)CN,BR00119012,D14,BRD-A58026747,4,1.11030288,1.004909288,1.057606084,0.0238872795792606,0.0,False,0.0
CN(C)c1nc2cc(ccc2o1)Cl,BR00119009,M06,BRD-K42808435,1,1.137772503,1.057687991,1.097730247,0.0238078900845721,0.0,False,0.0
CC(C)CNC1=NC(=O)C=NN1,BR00119011,M11,BRD-K54859659,3,1.101775859,1.027607583,1.064691721,0.0237286054141198,0.0,False,0.0
CC1=CN([C@H]2CC[C@@H](CO)O2)C(=O)NC1=O,BR00119009,P05,BRD-A77483373,1,1.091742815,0.939169473,1.015456144,0.0236869846946016,0.0,False,0.0
O=C(NCCN1CCOCC1)c1ccccn1,BR00119009,D12,BRD-K81761527,1,1.016213438,1.059227193,1.037720315,0.0236391476821154,0.0,False,0.0
NC(=O)c1cnn2c(c(cnc12)C#N)N,BR00119009,D16,BRD-K99471787,1,1.071143894,0.921468655,0.996306275,0.023616217382882,0.0,False,0.0
CC1=NN=C(Nc2ccccc2C)N(N)C1=O,BR00119009,B22,BRD-K84997886,1,0.875326991,0.965592432,0.920459711,0.023493690828036,0.0,False,0.0
CNC(=O)Nc1ccc(cc1)C(=O)NC,BR00119009,G24,BRD-K52445987,1,1.170069577,1.180824114,1.175446846,0.0233802596572786,0.0,False,0.0
CC(C)c1ccc(cc1)/N=C/c1sc2ccccc2c1C,BR00119012,A05,BRD-K16724320,4,1.070615051,1.240669256,1.155642154,0.0230687576035658,0.0,False,0.0
C/C(=N\O)Cc1ncn(n1)-c1cc(on1)C,BR00119009,G13,BRD-K22299207,1,1.046476051,1.127721661,1.087098856,0.0230049760158484,0.0,False,0.0
Cn1nccc1NC(=O)COCC(=O)O,BR00119009,P10,BRD-K63842324,1,1.007821285,0.997402597,1.002611941,0.0229795926522153,0.0,False,0.0
CC1=CC(=O)n2ncnc2N1CC(=O)NN,BR00119009,A10,BRD-K79775716,1,1.087165277,1.117716851,1.102441064,0.0227860180274243,0.0,False,0.0
CNC(=O)c1ccc(cc1)OC(=O)C,BR00119009,A15,BRD-K01755319,1,1.138535426,1.221869489,1.180202457,0.0227722098429997,0.0,False,0.0
OC(=O)c1ccc2c(c1)NC(=O)C(=N2)O,BR00119012,A14,BRD-K41613021,4,1.012517807,1.022485826,1.017501817,0.0226023239277613,0.0,False,0.0
CC1=CC(=O)n2nc(nc2N1)S(=O)(=O)C,BR00119009,G10,BRD-K21798442,1,1.066820664,0.924290524,0.995555594,0.0225407082378903,0.0,False,0.0
O/N=C/c1cc[n+](cc1)CC(=O)N1CCCCC1,BR00119010,O02,BRD-K47417217,2,1.140249673,0.9374035,1.038826587,0.0222426291904412,0.0,False,0.0
FC(F)(F)c1ccccc1/N=C/1\CCCc2ccccc21,BR00119012,C15,BRD-K91496550,4,1.079700217,1.157473641,1.118586929,0.0221940235804174,0.0,False,0.0
NC(=S)C1=CN=C2C=CC=CN2C1=N,BR00119009,F14,BRD-K41545879,1,0.911438679,0.898637165,0.905037922,0.0221702865412225,0.0,False,0.0
COC(=O)NCCOc1nc(nc(n1)N(C)C)N(C)C,BR00119012,E14,BRD-K81727894,4,1.129190461,1.084355242,1.106772852,0.0221459987239844,0.0,False,0.0
OC(=O)CCCNC1=NNC(=O)NC1=O,BR00119009,D21,BRD-K03054585,1,0.928222985,0.993554594,0.960888789,0.02205469480056,0.0,False,0.0
OC(=O)[C@H]1CCCN1C(=O)c1cccnc1,BR00119009,L17,BRD-A42609176,1,0.927968678,1.043835177,0.985901927,0.0220138427124766,0.0,False,0.0
Cn1nnc2cc(ccc12)C(=O)NC1CC1,BR00119009,E18,BRD-K31534548,1,1.019773746,0.922751323,0.971262534,0.0219826957540741,0.0,False,0.0
NCCc1nnc2n1CCCCC2,BR00119010,M06,BRD-K41963988,2,0.897220924,0.84839553,0.872808227,0.0215901784754047,0.0,False,0.0
Fc1ccc(cc1)-c1nc2ccc3ccccc3c2c2c1CCC2,BR00119011,N04,BRD-K34569577,3,1.014188077,1.078974655,1.046581366,0.0213692797357604,0.0,False,0.0
OC(=O)CSCC(=O)N1CCCCC1,BR00119009,C10,BRD-K91958092,1,0.931528985,0.885297419,0.908413202,0.0212651840023075,0.0,False,0.0
Cc1cc(ccc1Cl)Oc1ccnc2cc(ccc12)Cl,BR00119012,G17,BRD-K05676572,4,0.172857231,0.587759444,0.380308338,0.0212622189428657,0.0,False,0.0
COC(CNC(=O)C1CCN(CC1)S(=O)(=O)c1cccc2nsnc12)OC,BR00119012,F01,BRD-K77818847,4,0.906364819,0.910933396,0.908649107,0.0211026681008358,0.0,False,0.0
NC(=O)c1cc2ccccc2nc1C(=O)N,BR00119009,A14,BRD-K00053550,1,1.116410659,1.159275293,1.137842976,0.0210561504141272,0.0,False,0.0
CCOC(=O)CC(=O)c1ccn(n1)C,BR00119009,B12,BRD-K76225433,1,1.00400667,1.033573834,1.018790252,0.0210315396795825,0.0,False,0.0
Cc1cccc(c1)NC(=O)C(=O)NCCCO,BR00119010,C01,BRD-K46377227,2,1.050778903,0.817745402,0.934262153,0.0210277389424542,0.0,False,0.0
O=C1NC=C(/N=C/c2ccncc2)C(=O)N1,BR00119009,E13,BRD-K70953719,1,0.966877751,0.891454225,0.929165988,0.0208325737805959,0.0,False,0.0
CNC(=O)CN1C(=O)[C@H]2[C@H]3C[C@@H](C=C3)[C@@H]2C1=O,BR00119009,H17,BRD-A37054063,1,1.004515286,0.987654321,0.996084803,0.0206641542744516,0.0,False,0.0
CCOC(=O)/C(=C\1/C=CN(C)C=N1)C#N,BR00119009,F02,BRD-K67355215,1,0.991545595,0.993041526,0.99229356,0.0206516127982247,0.0,False,0.0
NCCC(=O)N1c2ccccc2Sc2ccccc21,BR00119012,B02,BRD-K33513639,4,0.837508826,0.919604488,0.878556657,0.0204950391237313,0.0,False,0.0
CCNc1nc(nc(n1)N(C)C)OCCO,BR00119009,C16,BRD-K45244698,1,0.993834364,0.981497515,0.987665939,0.020460649752681,0.0,False,0.0
O=C1Nc2ccccc2Oc2cc(ccc21)Sc1ccccc1,BR00119011,P06,BRD-K03919472,3,1.405064894,1.368812691,1.386938793,0.0204586708607773,0.0,False,0.0
Cc1cc(cc(c1N)C)C1(CCCCC1)c1cc(c(c(c1)C)N)C,BR00119011,P04,BRD-K63501681,3,0.429049403,0.377667744,0.403358574,0.0204195765623201,0.0,False,0.0
NC1=C2C(=O)NC(=O)C=C2NN1c1ccccc1,BR00119010,A20,BRD-K03946842,2,1.323715016,1.434180767,1.378947891,0.0203192326376059,0.0,False,0.0
NNC(=O)CCCC[C@H]1SC[C@H]2NC(=O)N[C@H]21,BR00119012,F15,BRD-A67761862,4,0.96063673,0.909527273,0.935082001,0.0201233431994599,0.0,False,0.0
Cc1ccc(cc1)Sc1c(nc2sccn12)-c1ccccc1,BR00119012,G15,BRD-K04243882,4,1.577471663,1.472679563,1.525075613,0.0200953827491806,0.0,False,0.0
NNC(=O)C1=C(O)C2=C(CCCC2)NC1=O,BR00119009,E10,BRD-K49713511,1,0.690191009,0.785249319,0.737720164,0.0200669921292501,0.0,False,0.0
N#CC(c1ccccc1)c1ccccc1,BR00119009,G05,BRD-K12971880,1,1.002735132,1.035882636,1.019308884,0.0200590864774626,0.0,False,0.0
CC(C)/C=C/1\CC/C(=C\c2ccc(cc2)C(F)(F)F)C1=O,BR00119012,C23,BRD-K73380903,4,0.880782905,1.182080795,1.03143185,0.0200499454302999,0.0,False,0.0
CN(C)c1nc(nc(n1)N(CC=C)C#N)N(C)C,BR00119011,L19,BRD-K20940862,3,1.014449533,0.973046704,0.993748118,0.0197548539159489,0.0,False,0.0
OC(=O)[C@H]1CC[C@@]2(C1)NC(=O)NC2=O,BR00119012,E17,BRD-A11021715,4,0.916406318,0.869452766,0.892929542,0.0197196608615399,0.0,False,0.0
CC(=CCOc1cc(cc2c1C(=CC(=O)O2)c1ccccc1)C)C,BR00119012,E02,BRD-K78330721,4,1.294397027,1.265745118,1.280071072,0.0196094242467855,0.0,False,0.0
COc1ccc(cc1Cl)CSCCN,BR00119012,H24,BRD-K02638333,4,1.011322391,1.092323272,1.051822832,0.0195892496888215,0.0,False,0.0
C/C=C(\C(=N\O)C)c1ccccc1,BR00119010,J19,BRD-K34787691,2,1.016347736,0.9854629,1.000905318,0.0193704988807439,0.0,False,0.0
COc1ccc(cc1)CN1C=CNC(=O)C1=O,BR00119009,C17,BRD-K10546457,1,0.887788066,1.098733365,0.993260716,0.0193656605202704,0.0,False,0.0
Cc1ccccc1N[C@@H](CC=C)c1ccc(cc1)Cl,BR00119012,I01,BRD-A22937867,4,0.828662744,0.76610272,0.797382732,0.0193433315027505,0.0,False,0.0
O=C(CSc1nnc[nH]1)C1CC1,BR00119010,N15,BRD-K07088182,2,0.91883465,1.014641821,0.966738235,0.0193167651353481,0.0,False,0.0
CN1C(=O)C(=O)N(C)c2cc(ccc21)S(=O)(=O)CCC(=O)NCc1ccccc1,BR00119012,D19,BRD-K34402544,4,0.928360483,1.191689303,1.060024893,0.0193123521341476,0.0,False,0.0
NN1C(=S)NN=C1[C@@H](O)c1ccccc1,BR00119009,A21,BRD-A11620549,1,0.956705444,1.085906686,1.021306065,0.0191874777369472,0.0,False,0.0
CCOC(=O)CN(C#N)c1nc(cc(n1)C)C,BR00119012,G04,BRD-K83223848,4,0.990761226,0.924057211,0.957409219,0.0191571365210281,0.0,False,0.0
CC(C)Cc1ccc(cc1)[C@@H](C)c1nc(no1)-c1ccc(cc1)C,BR00119012,C14,BRD-A15103193,4,1.01777764,0.962725596,0.990251618,0.0191329878444472,0.0,False,0.0
Cc1c(sc2ccccc12)/C=N/O,BR00119010,B18,BRD-K66138690,2,1.185739025,1.287060155,1.23639959,0.0191230968688614,0.0,False,0.0
CC(C)(C)C(=O)C[n+]1ccc(cc1)C(=O)N,BR00119009,H03,BRD-K39011799,1,1.087419585,0.889915023,0.988667304,0.0190988502736824,0.0,False,0.0
CC(C)N1C(=S)Nc2ccccc21,BR00119010,L19,BRD-K59057282,2,1.039218073,0.935932294,0.987575184,0.0190710703764731,0.0,False,0.0
COc1cccc(c1OC)CNc1nn[nH]n1,BR00119011,A14,BRD-K65145139,3,1.079290637,1.012703148,1.045996892,0.0190610497297408,0.0,False,0.0
CN1C(=O)C=C(CNc2ccccc2)N(C)C1=O,BR00119011,H21,BRD-K70270635,3,0.991441399,0.94616549,0.968803445,0.0189523703137335,0.0,False,0.0
NCCN1[C@H](c2ccccc2)c2c(n[nH]c2C1=O)-c1ccccc1,BR00119012,C03,BRD-A93446780,4,0.899670486,1.194970256,1.047320371,0.0187983212463829,0.0,False,0.0
CCNc1nc(nc(n1)N(C)C)OCC=C,BR00119009,D04,BRD-K64421712,1,0.990782672,0.915055315,0.952918993,0.0187419695783849,0.0,False,0.0
O=C1NC(=O)C(C#N)C(=N1)Nc1ccccc1,BR00119009,G06,BRD-K91389396,1,0.984933595,0.933525734,0.959229664,0.0186648868919304,0.0,False,0.0
CN1C(=S)NN=C1CC#N,BR00119010,B06,BRD-K59018921,2,0.967591193,0.900378146,0.933984669,0.0184288397470178,0.0,False,0.0
COc1cc2c(c(c1O)O[C@H]1O[C@@H](CO)[C@@H](O)[C@@H](O)[C@@H]1O)OC(=O)C=C2,BR00119012,D13,BRD-A27654985,4,1.036665221,0.951945319,0.99430527,0.0184016266085867,0.0,False,0.0
Nn1c(nnc1Cn1ccnc1)Cn1ccnc1,BR00119012,F17,BRD-K19714795,4,0.899431403,0.838752412,0.869091907,0.0183461299631744,0.0,False,0.0
OCCNC(=O)c1cccc(c1)C(=O)NCCO,BR00119011,D23,BRD-K87250855,3,0.851562404,0.951222352,0.901392378,0.0182624834279219,0.0,False,0.0
CNC(=O)c1ccc(cc1)N,BR00119009,D03,BRD-K47808987,1,0.88956822,0.892480359,0.89102429,0.018228463595733,0.0,False,0.0
CCOC(=O)CCC1=NNC(=O)NC1=O,BR00119009,B02,BRD-K55498981,1,0.894908681,0.9997114,0.94731004,0.0181862443689169,0.0,False,0.0
CC1(C)N=C(N)N=C(N)N1c1ccccc1,BR00119009,D15,BRD-K83857919,1,0.920339448,0.935321469,0.927830458,0.0181801208344343,0.0,False,0.0
CC(C)(C)NC1=NC(=O)NC(=O)N1,BR00119010,L18,BRD-K93369311,2,0.956533008,1.014641821,0.985587414,0.0180878576870706,0.0,False,0.0
CS(=O)(=O)N1CC(=O)Nc2ccccc21,BR00119009,F19,BRD-K34570504,1,0.887533759,0.944813211,0.916173485,0.0180527339126759,0.0,False,0.0
FC(F)(F)c1ccc(cc1)C(=O)Nc1cccc2ccccc12,BR00119011,K08,BRD-K56503447,3,1.118509047,1.019356914,1.06893298,0.0180006236647159,0.0,False,0.0
O=C/1N/C(=C/c2ccco2)C(=O)N\C1=C/c1ccco1,BR00119012,D05,BRD-K22983809,4,1.004628058,1.404013886,1.204320972,0.0179756060397873,0.0,False,0.0
CCOC(=O)CN1C=Nc2ccccc2C1=O,BR00119009,E20,BRD-K96766407,1,0.970438058,0.928908129,0.949673094,0.0179525383398868,0.0,False,0.0
OC(=O)Cn1nnc(n1)-c1ccccc1,BR00119012,E19,BRD-K54022130,4,0.892258904,0.943039873,0.917649388,0.0178692750710373,0.0,False,0.0
CCOC(=O)/C(=N/NC(=O)C)C,BR00119009,B18,BRD-K80019476,1,0.899486219,1.048709315,0.974097767,0.0177095308029189,0.0,False,0.0
NC[C@@H](N1CCCCC1)c1cccc(c1)F,BR00119012,B18,BRD-A25186808,4,0.99100031,0.949133073,0.970066691,0.0176991959626927,0.0,False,0.0
COc1cc(nc2nc(nn12)S(=O)(=O)C)C,BR00119011,P21,BRD-K61835790,3,1.087657231,1.033196746,1.060426989,0.0176397856654754,0.0,False,0.0
CC(=O)O,BR00119011,O17,BRD-K21345115,3,1.007128763,0.985023482,0.996076123,0.0175927468575537,0.0,False,0.0
NC1(CCCCC1)C#Cc1cncc(c1)C(=O)N1CCOCC1,BR00119012,F20,BRD-K27809387,4,1.056987303,1.291758395,1.174372849,0.0174788357084883,0.0,False,0.0
NC(=O)NC(=O)C[C@H]1Nc2ccccc2NC1=O,BR00119011,F23,BRD-A74507583,3,0.996147608,1.012436997,1.004292303,0.0174648980840477,0.0,False,0.0
OC(=O)c1cccnc1,BR00119011,A04,BRD-K60237333,3,0.880322571,1.103194362,0.991758467,0.0173338815181826,0.0,False,0.0
Cc1ccc(c(c1)Br)OCCN,BR00119009,J17,BRD-K94842462,1,0.949839137,0.957383357,0.953611247,0.0171537656996709,0.0,False,0.0
CCSC(=O)NC1CCCCC1,BR00119010,B23,BRD-K07952336,2,1.246307721,1.032786697,1.139547209,0.0171449671067724,0.0,False,0.0
C(=N/c1nnc2nc[nH]n12)\c1ccco1,BR00119009,C21,BRD-K47030430,1,0.827008534,1.136443803,0.981726168,0.0171135337547942,0.0,False,0.0
CCC1=C(C)c2cc3c(coc3cc2OC1=O)-c1ccccc1,BR00119011,L16,BRD-K86295309,3,1.714367419,1.82047031,1.767418865,0.0169052691257093,0.0,False,0.0
OCCNC(=O)c1ccc(cc1)C(=O)NCCO,BR00119012,H01,BRD-K61977115,4,0.986457727,1.096307288,1.041382507,0.0168833347503095,0.0,False,0.0
NNC(=O)c1cccc(n1)C(F)(F)F,BR00119009,K02,BRD-K06587063,1,1.33435233,1.103094436,1.218723383,0.0168672563085516,0.0,False,0.0
CCC1=C(O)N=C2C=CC=CN2C1=O,BR00119010,D01,BRD-K76013371,2,0.972868963,0.949663551,0.961266257,0.0167442708159796,0.0,False,0.0
COC(=O)c1cc(oc1CN)-c1ccccc1,BR00119012,F10,BRD-K05028471,4,1.038816971,1.100291303,1.069554137,0.0166584672057069,0.0,False,0.0
OCCNC(=S)c1ccccc1,BR00119010,D06,BRD-K59125435,2,0.991215497,0.900132945,0.945674221,0.0165290708032747,0.0,False,0.0
NC(=S)CN1CCCC1=O,BR00119010,P05,BRD-K41558687,2,0.921096551,1.046517954,0.983807252,0.0165191905967124,0.0,False,0.0
CN(C)CCNc1ccc(cc1)CN,BR00119011,C01,BRD-K41350308,3,1.113279925,1.04304432,1.078162123,0.0163638751740412,0.0,False,0.0
CCOC1=Nc2ccccc2C(=O)N1CCO,BR00119009,C12,BRD-K72931515,1,1.066566356,0.98970659,1.028136473,0.0163494614884257,0.0,False,0.0
CC[C@@H](CO)NC(=O)c1ccc(cc1)N,BR00119009,F12,BRD-A21402098,1,1.00298944,1.108994709,1.055992074,0.016314788275243,0.0,False,0.0
CCc1ccc(cc1)Nc1c2c(nc3ccccc13)CCCC2,BR00119012,A15,BRD-K82383470,4,1.013713224,0.87765515,0.945684187,0.0163073452926861,0.0,False,0.0
NC(=S)c1cnc(nc1N)-c1ccncc1,BR00119009,B05,BRD-K85282314,1,0.848624686,0.934295334,0.89146001,0.0160883531647414,0.0,False,0.0
Cc1ccc(c(c1)C(C)(C)C)O,BR00119010,B13,BRD-K22403246,2,1.011572611,1.080355695,1.045964153,0.0160881091762955,0.0,False,0.0
CN(C)CC#Cc1cncc(c1)C(=O)NN,BR00119009,A23,BRD-K32007398,1,1.12505712,1.294211961,1.20963454,0.0160408806976839,0.0,False,0.0
CC(C)/C(=N/O)c1ccccc1,BR00119010,J21,BRD-K82523676,2,1.004535584,0.981784885,0.993160234,0.0160283673166607,0.0,False,0.0
C[C@H]1NC(=O)N[C@@H]1CCCCC(=O)O,BR00119009,C03,BRD-A15178272,1,0.987476672,0.955331089,0.97140388,0.0159528820147291,0.0,False,0.0
Clc1cccc(c1)Cc1cn2cc(nc2s1)-c1ccccc1,BR00119011,C02,BRD-K24601765,3,1.029091073,1.041713566,1.035402319,0.015770852699643,0.0,False,0.0
ON/C=N\c1nonc1-c1cccnc1,BR00119009,D23,BRD-K46663134,1,0.890839758,1.035626102,0.96323293,0.0156507494704177,0.0,False,0.0
Brc1ccc(cc1)CSc1c[nH]c2ccccc12,BR00119012,I05,BRD-K10259261,4,0.120976154,0.117879984,0.119428069,0.0156302389688789,0.0,True,0.0
CC1=C(C(=O)NC(=O)N1)S(=O)(=O)N1CCC[C@@H](C1)C(=O)NCc1ccc2c(c1)OCO2,BR00119010,A13,BRD-A97992685,2,1.115117434,0.917297016,1.016207225,0.0155516783224761,0.0,False,0.0
NC(=O)C/1=Cc2ccccc2O\C1=N/O,BR00119009,D09,BRD-K80194099,1,0.930003139,0.871701138,0.900852139,0.015307963391145,0.0,False,0.0
NC(=O)NC1=Nc2ccccc2NC1=O,BR00119009,G03,BRD-K12961310,1,1.188125421,1.148244348,1.168184885,0.0152998861255279,0.0,False,0.0
CC(C)(C)c1cc(n(n1)-c1ccc(cc1)-n1cccc1)C(C)(C)C,BR00119011,J14,BRD-K06417305,3,1.160864929,1.222163694,1.191514312,0.0151920753065496,0.0,False,0.0
OC[C@@H]1CC[C@@H](O1)n1cnc2c1NC=NC2=O,BR00119011,G01,BRD-K99063460,3,0.951700077,0.888144653,0.919922365,0.0150566919231399,0.0,False,0.0
OCCNC(=O)C(=O)NCc1ccco1,BR00119011,L17,BRD-K37057899,3,1.043994068,1.022550721,1.033272395,0.0150473188608884,0.0,False,0.0
NNC1=NC(=O)N(C=C1)[C@H]1O[C@@H](CO)[C@@H](O)[C@@H]1O,BR00119012,D11,BRD-A89066160,4,0.857352741,1.264573349,1.060963045,0.0149834848210502,0.0,False,0.0
Cc1ccc2nc(sc2c1)-c1ccc(cc1)/N=C\c1ccc[nH]1,BR00119011,L18,BRD-K54013019,3,0.867511224,0.851149715,0.85933047,0.0149654482064458,0.0,False,0.0
COC(=O)CCCCC(=O)C1=C(C)NC(=O)N1,BR00119012,A21,BRD-K82169028,4,1.024950139,0.894762981,0.95985656,0.014926180789674,0.0,False,0.0
CC(C)(CCN1CCOCC1)NC(=O)C=C,BR00119009,J04,BRD-K76980120,1,0.969929443,0.97328844,0.971608941,0.0148709253469254,0.0,False,0.0
OC(=O)CCC(=O)N[C@H]1CCCCNC1=O,BR00119009,E02,BRD-A27691778,1,0.927968678,0.920699054,0.924333866,0.0148488297243602,0.0,False,0.0
CC1=NCC[C@H](N1)C(=O)O,BR00119010,O03,BRD-K34566599,2,1.03569956,0.979823276,1.007761418,0.0147623057159459,0.0,False,0.0
NC(=O)c1ccccc1NC(=O)CCC(=O)O,BR00119009,K17,BRD-K52097339,1,0.94627883,0.953791887,0.950035358,0.0147527486279917,0.0,False,0.0
OCCN1CCN(CC1)C(=O)C(F)(F)F,BR00119011,G23,BRD-K05162593,3,0.82724699,0.975974361,0.901610676,0.0146826815937417,0.0,False,0.0
COc1ccc(cc1)-c1c(oc2ccc(cc12)Cl)C,BR00119011,K14,BRD-K46369637,3,1.124522536,0.971982101,1.048252319,0.0145696373345951,0.0,False,0.0
CC1=CC(=O)Oc2cc(ccc21)O[C@H]1O[C@@H](CO)[C@@H](O)[C@@H](O)[C@@H]1O,BR00119010,C07,BRD-A18403956,2,1.023636085,0.89424812,0.958942103,0.014514193076017,0.0,False,0.0
CN[C@H]1[C@H]2CN3CC[C@@H](O2)[C@@H]13,BR00119009,D05,BRD-A28909964,1,0.814038843,0.855026455,0.834532649,0.0144884743664116,0.0,False,0.0
CCNC(=S)N1CCC[C@@H](C1)C(=O)N,BR00119009,B03,BRD-A60367741,1,0.990528364,0.94968735,0.970107857,0.0144330495205698,0.0,False,0.0
NC(=N)/N=C(\N)Nc1ccc(cc1)Cl,BR00119009,D08,BRD-K18824214,1,0.986459441,0.820137887,0.903298664,0.0144065104372809,0.0,False,0.0
NNC(=O)c1ccc(nc1)/C=N\O,BR00119010,F23,BRD-K72204931,2,0.949747303,0.992328529,0.971037916,0.0141675752084362,0.0,False,0.0
Clc1ccc(cc1)[C@H]1CC(=NN1c1ccccc1)C1CC1,BR00119012,A22,BRD-A32262939,4,0.925491483,0.974677642,0.950084563,0.014164431875785,0.0,False,0.0
NC(=S)c1ccc(nc1)-n1cncn1,BR00119009,F16,BRD-K01755506,1,1.032489129,1.017155684,1.024822406,0.0141235417249845,0.0,False,0.0
Nc1ncnc2nc([nH]c12)N1CCCCC1,BR00119009,B17,BRD-K09275277,1,0.927205755,1.048709315,0.987957535,0.0140581115357539,0.0,False,0.0
CNc1nc(nc(n1)N1CCCCC1)OCC#N,BR00119012,A17,BRD-K87617664,4,1.027101889,0.977255534,1.002178712,0.0138664047408209,0.0,False,0.0
NC(=O)C1CCN(CC1)C(=O)c1ccco1,BR00119009,K19,BRD-K37287368,1,0.893637143,0.962000962,0.927819052,0.0138566802693731,0.0,False,0.0
N#Cc1ccc(nc1)N1CCCNCC1,BR00119009,C06,BRD-K24065917,1,1.046221743,1.135930736,1.091076239,0.0136042369462081,0.0,False,0.0
O=C1NC(=O)C(=NN1c1ccccc1)C#N,BR00119009,E08,BRD-K31168509,1,0.93102037,0.935064935,0.933042652,0.013252511235553,0.0,False,0.0
O/N=C/C(=O)NCc1ccccn1,BR00119010,M07,BRD-K23342067,2,0.910038366,0.978842472,0.944440419,0.0132031634333543,0.0,False,0.0
CN(CP(=O)(O)CN1CCCC1=O)C(=O)C,BR00119012,D09,BRD-A50846969,4,0.919036234,0.939524565,0.9292804,0.0131744553276803,0.0,False,0.0
COc1ccc2c(c1)OC(C)(C)C[C@@H]2N,BR00119012,F24,BRD-A70017037,4,1.014430474,1.048499103,1.031464789,0.0129568977713158,0.0,False,0.0
Nc1ncnc2n(cnc12)CCN1CCCCC1,BR00119010,G02,BRD-K69059907,2,0.932154736,0.936667897,0.934411316,0.0128541878058361,0.0,False,0.0
NC(=N)NC1=NC(=O)c2ccccc2N1,BR00119009,O02,BRD-K70427277,1,1.196517574,1.014333814,1.105425694,0.0127975155606084,0.0,False,0.0
ONC(=N)C[n+]1ccccc1,BR00119010,N18,BRD-K80297194,2,0.965831936,1.035483908,1.000657922,0.0127966486228009,0.0,False,0.0
NC1=CC(=O)NC(=O)N1Cc1ccccc1,BR00119009,H15,BRD-K75882205,1,0.968657905,0.912746513,0.940702209,0.012668377568237,0.0,False,0.0
FC(F)(F)c1ccccc1-c1ncc(o1)-c1ccccc1,BR00119011,H12,BRD-K53644214,3,1.016541181,1.079240805,1.047890993,0.0125583372303529,0.0,False,0.0
COc1ccc(cc1)-c1nc(cs1)-c1ccc(cc1C)C,BR00119010,A15,BRD-K67923220,2,1.001771037,0.93985551,0.970813274,0.0125189446941173,0.0,False,0.0
CCNc1nc(nc(n1)OCC#N)NCC,BR00119011,M12,BRD-K09672723,3,1.080597917,1.05581955,1.068208734,0.012502844207021,0.0,False,0.0
C(Sc1nc2ccccc2o1)c1cccc2ccccc12,BR00119012,A12,BRD-K54643910,4,0.95418148,0.90507455,0.929628015,0.0123811339435633,0.0,False,0.0
Cc1ccc(cc1)C1=CNC(=S)N1,BR00119011,M21,BRD-K27746309,3,0.812866907,0.835979129,0.824423018,0.0123445188781867,0.0,False,0.0
C[C@@H](O)/C=C/c1cccc[n+]1C,BR00119012,G01,BRD-A29512756,4,0.897996903,0.992488534,0.945242719,0.0121601690926278,0.0,False,0.0
OC[C@H]1O[C@H]([C@H](O)[C@@H]1O)N1C=CC=NC1=O,BR00119011,G05,BRD-K87714311,3,0.692597117,0.748947873,0.720772495,0.0119387332046035,0.0,False,0.0
C1Cc2c(c3c(ccc4ccccc43)nc2-c2cccs2)C1,BR00119011,H08,BRD-K95924358,3,1.110403909,1.145246162,1.127825035,0.0118505992497375,0.0,False,0.0
CCC(=O)N1CCC[C@@](C)(C1)C(=O)NS(=O)(=O)c1ccc(cc1)S(=O)(=O)C,BR00119012,F05,BRD-A55974958,4,0.883173738,0.796100012,0.839636875,0.011836001809947,0.0,False,0.0
CCC(=O)O,BR00119011,O13,BRD-K32048092,3,0.990918487,1.043842772,1.017380629,0.01167482988288,0.0,False,0.0
Cc1cccc(c1)[C@@H](N)c1nccn1C,BR00119012,B20,BRD-K01825630,4,1.028058222,1.073809319,1.05093377,0.0116482477487807,0.0,False,0.0
CC(C)(C)OC(=O)Nc1ccccc1,BR00119009,B23,BRD-K58402180,1,1.069109433,1.188520122,1.128814777,0.0116243836140104,0.0,False,0.0
COc1ccc(cc1)Cc1nn[nH]n1,BR00119010,B14,BRD-K15736833,2,1.108080407,1.131112306,1.119596357,0.0115715500743438,0.0,False,0.0
C1CCC(CC1)Nc1ccccn1,BR00119010,D02,BRD-K32406882,2,1.086466682,0.888608497,0.98753759,0.0115714930114336,0.0,False,0.0
CCCCC(=O)C1CCC(CC1)c1ccc(cc1)Cl,BR00119012,G09,BRD-K11187931,4,1.060095386,0.938118442,0.999106914,0.0115162666654214,0.0,False,0.0
CC(=O)Nc1ccc(cc1)C(=O)NN,BR00119009,B09,BRD-K35263654,1,0.978321596,0.978419112,0.978370354,0.0115021628708442,0.0,False,0.0
COC(=O)c1ccccc1N(C)S(=O)(=O)C,BR00119011,C07,BRD-K87361629,3,1.008436043,1.011372395,1.009904219,0.0114936242675563,0.0,False,0.0
O=C1c2ccccc2-c2c(nc3ccccc3c21)-c1ccccc1,BR00119011,I04,BRD-K61606457,3,0.978891508,1.049431935,1.014161721,0.0114360995527628,0.0,False,0.0
CCc1nc2ccccc2nc1CC,BR00119010,H10,BRD-K98027560,2,0.961810778,0.959961994,0.960886386,0.0114225927332881,0.0,False,0.0
COc1ccc(cc1)-c1csc(n1)C(=C1CCCCC1)C#N,BR00119012,A03,BRD-K35419890,4,1.17533354,1.464477178,1.319905359,0.0111526016929476,0.0,False,0.0
Clc1ccc2c(c1)[C@H]1C=CC[C@@H]1[C@H](N2)c1ccccc1,BR00119011,D02,BRD-A25981357,3,1.2026979,1.016429257,1.109563578,0.0109188415579865,0.0,False,0.0
Fc1ccc(cc1)-c1nc2c3ccccc3c3ccccc3c2[nH]1,BR00119011,L12,BRD-K93638999,3,0.281326726,0.31272699,0.297026858,0.0107936917423406,0.0,False,0.0
C(=N/c1nc2ccccc2[nH]1)\N(c1ccccc1)c1ccccc1,BR00119012,G21,BRD-K93870198,4,0.927882317,0.945149058,0.936515687,0.0107433564049036,0.0,False,0.0
COc1ccc(cc1)[C@H]1[C@@H](C(=O)N)C1(C#N)C#N,BR00119011,L15,BRD-A26254355,3,1.021770303,0.990080344,1.005925323,0.010724588882153,0.0,False,0.0
NC(=O)CN1CCCCCC1=O,BR00119010,N09,BRD-K09012978,2,0.960805488,0.994044936,0.977425212,0.0107011053788786,0.0,False,0.0
COc1cc(c(cc1OC)CC(=O)NN)CO,BR00119011,F13,BRD-K43931919,3,1.051314838,0.977038963,1.014176901,0.0106978186891259,0.0,False,0.0
CC[C@@H](N)CN1C(=O)Oc2ccccc21,BR00119012,B22,BRD-K66258324,4,1.021602973,1.076152857,1.048877915,0.0105967524563311,0.0,False,0.0
CCOC(=O)COc1ccc(cc1)-c1nn[nH]n1,BR00119010,E02,BRD-K30037427,2,0.876109844,0.881252466,0.878681155,0.010544652895381,0.0,False,0.0
NCC[C@@H](Cc1ccccc1)c1ccc2c(c1)OCO2,BR00119012,G07,BRD-A07324678,4,1.070375968,0.97209975,1.021237859,0.0104826035967562,0.0,False,0.0
Cc1cncc2cccc(c12)S(=O)(=O)N[C@H]1CN[C@@H](C1)C(=O)NN,BR00119010,O12,BRD-K10387777,2,1.086466682,1.051667175,1.069066929,0.0103390869907949,0.0,False,0.0
O[C@@H]1CN[C@@H]2CC[C@@H](CC(=O)O)O[C@H]2COC1,BR00119010,I09,BRD-K33015195,2,0.906519853,0.98791491,0.947217381,0.0102758310781306,0.0,False,0.0
NCCc1ccc(cc1)C(=O)c1ccccc1,BR00119010,E06,BRD-K44612135,2,1.074403208,1.114929039,1.094666123,0.0100888444654022,0.0,False,0.0
O[C@H]1CN[C@H]2CC[C@H](CC(=O)O)O[C@@H]2COC1,BR00119010,G09,BRD-K41736552,2,0.882141581,0.872180029,0.877160805,0.0100269930127979,0.0,False,0.0
Clc1ccc(cc1)-c1cc[nH]n1,BR00119010,N06,BRD-K11428951,2,1.01886096,1.029599084,1.024230022,0.0099763839622028,0.0,False,0.0
CC(C)(CO)[C@@H](O)C(=O)NCCC(=O)O,BR00119011,G09,BRD-K29392254,3,0.90829837,1.001524821,0.954911596,0.0099625455783098,0.0,False,0.0
N[C@H](c1ccc(cc1)Cl)c1cccnc1,BR00119012,B08,BRD-A36246984,4,1.034513472,0.934368781,0.984441126,0.0099611248043345,0.0,False,0.0
NC1=NC(=O)C[C@H](Cc2ccccc2)N1,BR00119009,C11,BRD-A34074183,1,0.965097597,0.932756133,0.948926865,0.0098252546893187,0.0,False,0.0
O=C1Oc2cc3occ(c3cc2-c2ccccc21)-c1ccccc1,BR00119011,A16,BRD-K37389978,3,1.281919088,1.344060682,1.312989885,0.0098109931842676,0.0,False,0.0
Cc1ccc(cc1)S(=O)(=O)C1=CNC(=O)N1,BR00119011,H11,BRD-K45490545,3,0.880584027,0.996467959,0.938525993,0.0098104180690597,0.0,False,0.0
CCCC(=O)O,BR00119011,O15,BRD-K05878375,3,0.959282303,1.067530178,1.01340624,0.0098070632646946,0.0,False,0.0
NNC(=O)c1nc(no1)-c1ccccc1,BR00119009,G08,BRD-K15312901,1,0.991036979,1.015616482,1.003326731,0.009780889219049,0.0,False,0.0
Oc1ccccc1/N=C/c1ccncc1,BR00119009,I11,BRD-K65995843,1,0.743087004,0.78319705,0.763142027,0.0096789265749976,0.0,False,0.0
OCCN1C[C@H]2C[C@@H](C1)C1=CC=CC(=O)N1C2,BR00119009,A17,BRD-A27389140,1,1.114884813,1.298829565,1.206857189,0.0095590181705726,0.0,False,0.0
N(c1ccccc1)c1ncnc2sc(cc12)-c1ccccc1,BR00119011,J18,BRD-K98208660,3,1.047131541,1.115437291,1.081284416,0.0094264985974101,0.0,False,0.0
O=S(=O)(N1CCNCC1)c1ccc(cc1)-n1cnnn1,BR00119012,E01,BRD-K77018174,4,0.950595231,1.02272018,0.986657706,0.0094152319507391,0.0,False,0.0
Nn1c(nc2ccccc12)CO,BR00119010,F18,BRD-K44104882,2,1.104310572,1.029844285,1.067077428,0.0092923526283508,0.0,False,0.0
N[C@@H](CSCc1ccccc1Cl)C(=O)O,BR00119011,H23,BRD-A35300402,3,1.050791926,0.976506662,1.013649294,0.0092483408791546,0.0,False,0.0
NCCn1c(c(c2nc3ccccc3nc12)C#N)N,BR00119011,B05,BRD-K92528717,3,1.300482468,1.03053524,1.165508854,0.0092259955729291,0.0,False,0.0
C(=N/c1cc(nn1-c1ccccc1)-c1ccccc1)\c1ccccc1,BR00119012,I06,BRD-K18365952,4,1.259251781,1.269026072,1.264138926,0.0089498654066119,0.0,False,0.0
NNC(=O)CNc1ccc2c(c1)OCO2,BR00119009,P21,BRD-K27678716,1,1.167272193,0.967901235,1.067586714,0.0088918911521129,0.0,False,0.0
CCOC(=O)C(=C)O,BR00119010,G17,BRD-K47738867,2,0.93466796,0.949663551,0.942165755,0.0084692347695333,0.0,False,0.0
O[C@H]1C[C@@H](N(C1)Cc1ccccc1)C(=O)O,BR00119009,O20,BRD-A12211670,1,0.872020991,0.971749238,0.921885115,0.0084559945939569,0.0,False,0.0
O=S(=O)(Cc1nn[nH]n1)c1ccccc1,BR00119009,P15,BRD-K52039300,1,0.920593755,1.026647427,0.973620591,0.0083425253323184,0.0,False,0.0
CC(C)Cc1nc2ccccc2[nH]1,BR00119010,P19,BRD-K40571071,2,0.975382187,0.916806614,0.946094401,0.0082684588909614,0.0,False,0.0
Cc1ccc2nc(cc(c2c1)-c1ccccc1)-c1ccncc1,BR00119012,C24,BRD-K16609427,4,0.209436977,1.453931255,0.831684116,0.0081800805560002,0.0,False,0.0
CN1CCN(CC1)S(=O)(=O)c1ccc(cc1)CN,BR00119011,O21,BRD-K98391972,3,0.83587504,1.064602521,0.950238781,0.0080864437929581,0.0,False,0.0
OC(=O)/C=C/C(=O)NCc1ccccc1,BR00119009,F13,BRD-K94877553,1,0.941192676,1.082828283,1.01201048,0.0079025335546854,0.0,False,0.0
Cc1ccc(cc1)-c1ccc(cc1)N,BR00119010,L05,BRD-K71270080,2,1.03042179,1.024940264,1.027681027,0.0079012025147676,0.0,False,0.0
CS(=O)(=O)N1CCN(CC1)c1ccccc1,BR00119011,I05,BRD-K58494178,3,0.856530069,0.907041348,0.881785709,0.007886236583666,0.0,False,0.0
COc1ccc(cc1)CNC(=S)NN,BR00119009,F07,BRD-K37036284,1,0.985696518,1.179284913,1.082490715,0.0078650494397152,0.0,False,0.0
NC(=O)CCN1C(=O)[C@H]2[C@H]3C[C@@H](C=C3)[C@@H]2C1=O,BR00119009,F10,BRD-A46703053,1,0.991545595,0.94968735,0.970616472,0.00779904733842,0.0,False,0.0
COc1ccc(cc1)C(=O)NCC#N,BR00119010,F19,BRD-K56930239,2,0.872088685,0.916806614,0.89444765,0.0077814739439911,0.0,False,0.0
N[C@@H](Cn1ccnc1)c1ccccc1,BR00119010,L07,BRD-A05598872,2,0.846453802,0.881252466,0.863853134,0.0076746545057782,0.0,False,0.0
Cc1[nH]c2ccccc2c1CCN,BR00119010,B15,BRD-K57059123,2,1.063345022,1.209821833,1.136583428,0.0074236227432265,0.0,False,0.0
CN(CP(=O)(O)CN1CCCCC1)C=O,BR00119009,E17,BRD-A22992002,1,0.954416675,1.022029822,0.988223249,0.00729631313831,0.0,False,0.0
OC(=O)c1ccc(cc1)N1CCCS1(=O)=O,BR00119011,A15,BRD-K30111847,3,1.086349951,1.070191684,1.078270817,0.0071830128072936,0.0,False,0.0
NC[C@@H](c1cccnc1)S(=O)(=O)c1ccc(cc1)Cl,BR00119011,O23,BRD-A33561509,3,0.829077183,0.884418544,0.856747863,0.0071348150960754,0.0,False,0.0
O[C@@H]1CO[C@@H](Nc2ccccc2)[C@H](O)[C@H]1O,BR00119009,O16,BRD-K90539707,1,0.953399444,0.878371012,0.915885228,0.0070470231746791,0.0,False,0.0
Cc1c(n(c2ccccc12)C[C@@H](O)CN)-c1ccccc1,BR00119012,H06,BRD-A73585393,4,1.022559306,1.56876464,1.295661973,0.0070054541385616,0.0,False,0.0
C1CC[N+]2(C1)CCN(CC2)c1ncccn1,BR00119009,C22,BRD-K88307214,1,0.819379304,1.115151515,0.96726541,0.0068985874003582,0.0,False,0.0
C[C@@H](O)c1ccc2ccccc2c1,BR00119010,P15,BRD-A66746621,2,1.092749742,1.188734546,1.140742144,0.0068372033458823,0.0,False,0.0
c1ccc(cc1)-c1ccnc(c1)-c1cc(ccn1)-c1ccccc1,BR00119012,E06,BRD-K51847055,4,1.182266956,1.260120625,1.221193791,0.0067652163435316,0.0,False,0.0
COc1ccc(cc1)[C@@H](N)c1ccncc1,BR00119012,D12,BRD-A23246207,4,1.067985135,1.046624273,1.057304704,0.0065013436704627,0.0,False,0.0
CC(N)(Cc1cccc(c1)O)C(=O)O,BR00119009,C08,BRD-A13149548,1,1.016467746,0.916337983,0.966402864,0.006489739306077,0.0,False,0.0
N[C@@H](c1ccccc1)c1cc2ccccc2cn1,BR00119012,D08,BRD-A74046878,4,1.01490864,1.072403195,1.043655918,0.0064183489713589,0.0,False,0.0
COC(=O)C[C@H]1CC[C@@H](N)[C@@H](CO)O1,BR00119010,G11,BRD-K61636401,2,0.990712852,1.00458858,0.997650716,0.0063924156044625,0.0,False,0.0
C=C[C@H]1CCC=C2[C@@H]1CCCC2=O,BR00119009,B16,BRD-K28681963,1,1.156845578,1.390412057,1.273628818,0.0063404929698663,0.0,False,0.0
NCCc1cc2nc(ccn2n1)-c1ccncc1,BR00119012,B04,BRD-K07089863,4,0.942705482,0.846720443,0.894712962,0.0063271007849834,0.0,False,0.0
COc1cccc(c1)[C@@H](N)c1ccccc1,BR00119012,F02,BRD-A14049050,4,1.019690307,1.377297548,1.198493927,0.0061189165606492,0.0,False,0.0
N(c1ccccc1)c1nc(nc2ccccc12)-c1ccccc1,BR00119011,M02,BRD-K48354856,3,0.203935731,0.233147952,0.218541841,0.0059771033867339,0.0,False,0.0
O=S(=O)(Cc1ccccc1)Nn1cnnc1,BR00119011,H07,BRD-K32259061,3,0.90829837,0.945633189,0.92696578,0.005796192553232,0.0,False,0.0
OCC1c2ccccc2-c2ccccc21,BR00119009,C23,BRD-K94885114,1,1.430226321,1.369376303,1.399801312,0.0057680180752261,0.0,False,0.0
CCOC(=O)C[C@@H](N)c1cccc(c1)O,BR00119009,B11,BRD-A96323802,1,1.008075593,1.019464486,1.01377004,0.0057097219341699,0.0,False,0.0
COc1ccc(cc1)[C@@H](N)c1ccccc1,BR00119009,M04,BRD-A99589804,1,0.969420828,0.953535354,0.961478091,0.0056846734129142,0.0,False,0.0
NC[C@H]1CC[C@@H](CC1)C(=O)N1CCC(CC1)c1ccncc1,BR00119012,D16,BRD-K20675792,4,1.040968721,0.991082411,1.016025566,0.0055308160807972,0.0,False,0.0
NCCN1CCC(CC1)C(=O)O,BR00119011,P17,BRD-K66039170,3,1.048177365,1.054222646,1.051200006,0.0054724119283803,0.0,False,0.0
CCOC(=O)[C@@H](N)[C@@H](O)c1ccccc1,BR00119012,H02,BRD-A22047002,4,0.969243729,1.47127344,1.220258584,0.0052442725798755,0.0,False,0.0
CN(C)S(=O)(=O)Nc1ccc(cc1)C(=O)O,BR00119011,J17,BRD-K27207455,3,1.04922319,0.998064863,1.023644026,0.0051223709476175,0.0,False,0.0
NCc1ccc(cc1)S(=O)(=O)N1CCOCC1,BR00119012,F06,BRD-K24312839,4,0.987174977,1.264807702,1.12599134,0.0050877757327726,0.0,False,0.0
CC(C)NS(=O)(=O)c1c(noc1C)C,BR00119009,A12,BRD-K49167060,1,1.098609122,1.093089626,1.095849374,0.0050856300518879,0.0,False,0.0
O(c1ccccc1)c1cccc(c1)Oc1ccccc1,BR00119009,N02,BRD-K60305584,1,1.015450515,0.812698413,0.914074464,0.0048578202724456,0.0,False,0.0
CCOC(=O)[C@@H](N)Cc1ccccc1,BR00119009,E19,BRD-A06475750,1,0.950347752,0.987910855,0.969129304,0.0047510278601824,0.0,False,0.0
CC1CCN(CC1)S(=O)(=O)c1c[nH]cn1,BR00119009,A13,BRD-K00818265,1,1.164474808,1.262145262,1.213310035,0.0045290350960405,0.0,False,0.0
CN(C)S(=O)(=O)c1ccc(cc1)C#N,BR00119009,C14,BRD-K16333452,1,1.05741128,0.948404682,1.002907981,0.004516894247069,0.0,False,0.0
COc1cccc(c1)C1(N)CCCC1,BR00119010,O14,BRD-K34222184,2,0.999509136,1.021017048,1.010263092,0.0045123714520135,0.0,False,0.0
COc1ccc(cc1)OCCC(=O)NN,BR00119009,B10,BRD-K46189435,1,0.958739906,0.922238256,0.940489081,0.0043700323646286,0.0,False,0.0
CNS(=O)(=O)c1cccs1,BR00119010,F07,BRD-K65420311,2,0.903001339,0.997232549,0.950116944,0.0043589552594096,0.0,False,0.0
CS(=O)(=O)N[C@@H](C(=O)O)c1ccccc1,BR00119011,P24,BRD-A29676772,3,1.168708611,1.052625742,1.110667177,0.0043418282251839,0.0,False,0.0
O=C(CCC1CCCCC1)NCCC12CC3CC(CC(C3)C2)C1,BR00119011,J10,BRD-K65326890,3,1.29368461,1.41059834,1.352141475,0.0043087970373979,0.0,False,0.0
CS(=O)(=O)Nc1ccccc1O,BR00119011,M17,BRD-K78720353,3,1.096546737,1.037189006,1.066867872,0.0042483783832722,0.0,False,0.0
NCc1ccc(cc1)-c1nc2ccccc2o1,BR00119009,N08,BRD-K40095385,1,0.884227759,0.841686708,0.862957234,0.0041821903263553,0.0,False,0.0
NNC(=O)CS(=O)(=O)c1ccc(cc1)Cl,BR00119011,D05,BRD-K53420640,3,0.814958555,0.91662277,0.865790663,0.0041414908209911,0.0,False,0.0
NCCc1nc2ccccc2[nH]1,BR00119011,H09,BRD-K21424905,3,0.807376329,0.914493565,0.860934947,0.0040753672326294,0.0,False,0.0
NNC(=O)CS(=O)(=O)c1ccc(cn1)C(F)(F)F,BR00119012,G19,BRD-K80185931,4,1.104086714,1.066544349,1.085315532,0.0037866220011217,0.0,False,0.0
O[C@@H]1CCCN2C[C@@H](O)[C@@H](O)[C@@H]12,BR00119010,M21,BRD-K15170068,2,0.856255375,0.880516863,0.868386119,0.0037767882147878,0.0,False,0.0
c1ccc(cc1)-c1nc2ccccc2o1,BR00119009,G11,BRD-K47492555,1,1.362834789,1.542536476,1.452685632,0.0037568587343533,0.0,False,0.0
N[C@H]1C[C@@H]1c1ccc(cc1)-c1cccc(c1)O,BR00119011,A01,BRD-K26349472,3,1.231980979,1.180644195,1.206312587,0.0036721184422882,0.0,False,0.0
CCS(=O)(=O)NCCc1csc(n1)C,BR00119009,B07,BRD-K57791525,1,0.965097597,1.009203143,0.98715037,0.0035830856520912,0.0,False,0.0
CC(=O)OC[C@H](N)C(=O)O,BR00119010,P08,BRD-K63247785,2,0.942207632,1.029844285,0.986025958,0.0035607366551904,0.0,False,0.0
O[C@H]1CC[C@@H]2CN(C[C@H]12)C(=O)C=C,BR00119012,F21,BRD-A49812434,4,0.939119232,0.936477965,0.937798599,0.0034359787247505,0.0,False,0.0
COc1ccc(c(c1)S(=O)(=O)NCCO)OC,BR00119010,C15,BRD-K30078449,2,1.023636085,0.92538865,0.974512368,0.003289182224659,0.0,False,0.0
CCCS(=O)(=O)N1CCC[C@@H](C1)C(=O)NC,BR00119011,A07,BRD-A96423935,3,0.976538403,1.003920177,0.99022929,0.0032783524308764,0.0,False,0.0
N[C@H](Cc1ccccc1)C(=O)O,BR00119011,E21,BRD-K00911807,3,1.369245413,1.446528675,1.407887044,0.0030761585479505,0.0,False,0.0
NC(=O)C([C@H]1CCS(=O)(=O)C1)C(=O)N,BR00119009,O22,BRD-A95252549,1,0.922373909,1.101555235,1.011964572,0.0029288248238865,0.0,False,0.0
CC(CO)(CO)NS(=O)(=O)c1ccccc1,BR00119011,L01,BRD-K75844394,3,0.955883374,1.093346789,1.024615081,0.0027892956460158,0.0,False,0.0
CN(C)S(=O)(=O)Nc1cccc(c1)N,BR00119009,G07,BRD-K22371574,1,0.914744679,1.082571749,0.998658214,0.0027414785554226,0.0,False,0.0
COc1ccccc1CNS(=O)(=O)C,BR00119009,P04,BRD-K07991404,1,0.973998366,0.959435626,0.966716996,0.0026411212599365,0.0,False,0.0
NNS(=O)(=O)c1ccc(cc1)Oc1ccc(cc1)S(=O)(=O)NN,BR00119011,N11,BRD-K97637470,3,0.982813349,0.953883859,0.968348604,0.0020183591954975,0.0,False,0.0
O=S1(=O)CC[C@@H](C1)S(=O)(=O)[C@H]1CCS(=O)(=O)C1,BR00119012,G05,BRD-A00182462,4,0.998172809,0.850704458,0.924438633,0.0020172372647779,0.0,False,0.0
COc1ccc(cc1OC)S(=O)(=O)N,BR00119009,M14,BRD-K57910624,1,0.991545595,1.044861312,1.018203453,0.0019211414411917,0.0,False,0.0
NNC(=O)[C@H]1C[C@H]2C[C@@H]1C[C@@H]2C(=O)NN,BR00119009,A06,BRD-A98638969,1,1.05308805,0.997659131,1.025373591,0.0015222304265323,0.0,False,0.0
