Score,Grow_or_Mut,Algorithm_Params,Round,SMILES,ACTIVITY,sa_score,max_tan_sim_to_abx,hepg2_pred_tox,primary_pred_tox,max_tan_sim_to_ts,tan_sim_to_orig_mol
chemprop_score,grow,6_maxatom_1_minatom_2_radius,Round 1,CSc1ccc(Cn2ccc(=O)c(Cc3c(Cl)ccc(C(=O)O)c3Cl)c2C)cc1Cl,0.402245981991291,2.837700299154701,0.4849412965798877,0.1231715105473995,0.1342782104387879,0.49624060150375937,0.775691699604743
chemprop_score,grow,6_maxatom_1_minatom_2_radius,Round 1,Cc1c(Cc2c(Cl)ccc(C(=O)O)c2Cl)c(=O)ccn1Cc1ccc(O)c(Cl)c1,0.4249803714454174,2.724609809544594,0.471881390593047,0.1339942645281553,0.1505337305366993,0.4879746835443038,0.7993890020366599
chemprop_score,grow,6_maxatom_1_minatom_2_radius,Round 1,Cc1c(Cc2c(Cl)ccc(C(=O)O)c2Cl)c(=O)ccn1Cc1cc(O)cc(Cl)c1,0.4226348228752613,2.820353334374195,0.47650663942798777,0.1073620608076453,0.1224598233588039,0.4908517350157729,0.789738430583501
chemprop_score,grow,6_maxatom_1_minatom_2_radius,Round 1,Cc1c(Cc2c(Cl)cc(O)cc2Cl)c(=O)ccn1Cc1cccc(Cl)c1C(=O)O,0.4181118622422218,2.8533737822807197,0.48316326530612247,0.10382488258183,0.1233477980829775,0.4979818365287588,0.7772277227722773
chemprop_score,grow,4_maxatom_0_minatom_3_radius,Round 2,Cc1cc(C(=O)O)c(Cl)c(Cc2c(C)n(Cc3ccc(O)c(Cl)c3)ccc2=O)c1Cl,0.4253857262432575,2.8838210412852003,0.4734151329243354,0.136018449999392,0.1536850061267614,0.48893105629348516,0.7969543147208121
chemprop_score,grow,4_maxatom_0_minatom_3_radius,Round 2,Cc1c(Cc2c(Cl)cc(Cl)c(C(=O)O)c2Cl)c(=O)ccn1Cc1ccc(O)c(Cl)c1,0.4604795761406421,2.8703509558151143,0.47777210015329585,0.1416511707007885,0.17110625077039,0.4914826498422713,0.7889447236180904
chemprop_score,grow,4_maxatom_0_minatom_3_radius,Round 2,Cc1cc(Cn2ccc(=O)c(Cc3c(Cl)ccc(C(=O)O)c3Cl)c2C)cc(Cl)c1O,0.4295150198042393,2.8466877079518653,0.48672114402451483,0.1243754589930176,0.139068853482604,0.4972347913524384,0.7741617357001972
chemprop_score,grow,4_maxatom_0_minatom_3_radius,Round 2,Cc1c(Cc2c(Cl)ccc(C(=O)O)c2Cl)c(=O)ccn1Cc1cc(Cl)c(O)c(Cl)c1,0.4372759968042373,2.8326142036783626,0.47494887525562374,0.1426129983738064,0.1620399996638298,0.4880050505050505,0.7945344129554656
chemprop_score,grow,4_maxatom_0_minatom_3_radius,Round 2,Cc1cc(C(=O)O)c(Cl)c(Cc2c(C)n(Cc3cc(O)cc(Cl)c3)ccc2=O)c1Cl,0.4227362833917141,2.977200528464685,0.4780388151174668,0.111003902927041,0.1251835626550018,0.4918032786885246,0.7873620862587764
chemprop_score,grow,4_maxatom_0_minatom_3_radius,Round 2,Cc1c(Cc2c(Cl)cc(Cl)c(C(=O)O)c2Cl)c(=O)ccn1Cc1cc(O)cc(Cl)c1,0.4585261970758438,2.963730442994601,0.481368044920878,0.1149453630670905,0.1343019897583872,0.49496221662468515,0.7810945273631841
chemprop_score,grow,4_maxatom_0_minatom_3_radius,Round 1,Cc1c(Cc2c(Cl)ccc(O)c2Cl)c(=O)ccn1Cc1ccc(C(=O)O)c(Cl)c1,0.4124112226068973,2.701912633303115,0.4637385086823289,0.1175111742690205,0.1401152106001973,0.48444444444444446,0.8101135190918473
chemprop_score,grow,4_maxatom_0_minatom_3_radius,Round 1,Cc1c(Cc2c(Cl)cc(O)cc2Cl)c(=O)ccn1Cc1ccc(C(=O)O)c(Cl)c1,0.4081351675093174,2.7243574239555013,0.4438202247191011,0.1024295109324157,0.1188609734177589,0.46994884910485935,0.8440860215053764
chemprop_score,grow,4_maxatom_0_minatom_3_radius,Round 1,Cc1c(Cc2c(Cl)cc(C(=O)O)cc2Cl)c(=O)ccn1Cc1cc(O)cc(Cl)c1,0.4039228331297636,2.784456742358616,0.44683026584867075,0.16885686814785,0.1800207973457873,0.4737516005121639,0.8413719185423365
chemprop_score,grow,4_maxatom_0_minatom_3_radius,Round 1,Cc1c(Cc2c(Cl)cc(O)cc2Cl)c(=O)ccn1Cc1cc(Cl)ccc1C(=O)O,0.4072951339185238,2.777850900099608,0.4734151329243354,0.1164003664627671,0.1250810517929494,0.486748545572075,0.7969543147208121
chemprop_score,grow,4_maxatom_0_minatom_3_radius,Round 1,Cc1c(Cc2c(Cl)ccc(O)c2Cl)c(=O)ccn1Cc1cc(Cl)cc(C(=O)O)c1,0.4010718673467636,2.7588150675777,0.47112927950945327,0.1537018785253167,0.1643342098221182,0.4889170360987967,0.7993890020366599
chemprop_score,mutate,1_minsize_6_maxsize_-2_mininc_4_maxinc_2_radius,Round 1,Cc1c(Cc2c(Cl)cccc2C(=O)O)c(=O)ccn1CCOc1ccc(Cl)cc1Cl,0.4169556602835655,2.5553144405231762,0.48738170347003157,0.1357863828539848,0.1421784399077296,0.49848331648129424,0.60625
chemprop_score,mutate,0_minsize_10_maxsize_-4_mininc_2_maxinc_3_radius,Round 2,Cc1c(Cc2c(Cl)cc(Cl)cc2C(=O)O)c(=O)ccn1Cc1ccc(O)c(Cl)c1,0.4504592798650265,2.7153907248318383,0.48288196218702095,0.1692450113594532,0.1765410900115966,0.4959042218021424,0.7652859960552268
chemprop_score,mutate,0_minsize_10_maxsize_-4_mininc_2_maxinc_3_radius,Round 2,Cc1c(Cc2c(Cl)cccc2C(=O)O)c(=O)ccn1Cc1cc(Cl)c(O)c(Cl)c1,0.4051453545689583,2.702277190265141,0.47675012774655084,0.1384494870901108,0.1535700408741832,0.4921036007580543,0.7726819541375872
chemprop_score,mutate,0_minsize_10_maxsize_-2_mininc_2_maxinc_2_radius,Round 2,Cc1c(Cc2c(Cl)cccc2C(=O)O)c(=O)ccn1CCOc1cc(Cl)cc(Cl)c1,0.4090096086263656,2.6501605943693303,0.4742215416028586,0.1315062718465924,0.1387542311102151,0.4903078677309008,0.6160145586897179
chemprop_score,mutate,0_minsize_10_maxsize_-2_mininc_2_maxinc_2_radius,Round 2,Cc1c(Cc2c(Cl)cccc2C(=O)O)c(=O)ccn1CCc1ccc(Cl)c(O)c1,0.4145954318344593,2.6541166522904565,0.47423764458464773,0.1274640193209052,0.1360425844788551,0.48662492885600456,0.5981981981981982
chemprop_score,mutate,0_minsize_10_maxsize_-2_mininc_2_maxinc_2_radius,Round 2,CSc1nnnn1CCn1ccc(=O)c(Cc2c(Cl)cccc2C(=O)O)c1,0.4374260812997818,2.9565879051578587,0.43829113924050633,0.0201115789228424,0.0440902320507092,0.44759493670886075,0.49646643109540634
chemprop_score,mutate,0_minsize_10_maxsize_-2_mininc_2_maxinc_2_radius,Round 4,Cc1c(Cc2c(Cl)cc(F)cc2C(=O)O)c(=O)ccn1-c1ccc(Cl)cc1,0.4235798366367816,2.57616463127669,0.4929494712103408,0.1409780720248818,0.1473971620202064,0.49924509310518367,0.5041459369817579
chemprop_score,mutate,0_minsize_6_maxsize_-4_mininc_2_maxinc_3_radius,Round 3,CSc1ccc(C(=O)O)cc1Cn1ccc(=O)c(Cc2c(Cl)cc(O)cc2Cl)c1C,0.4234966613352299,2.947054520543068,0.47885888945491595,0.0920937123708427,0.1041131572797894,0.49473156046161565,0.7388349514563107
chemprop_score,mutate,0_minsize_4_maxsize_-2_mininc_2_maxinc_2_radius,Round 2,CSc1ccc(Cl)c(Cc2cn(Cc3cccc(Cl)c3)ccc2=O)c1C(=O)O,0.4028313279151916,2.7820430476212437,0.46747114375655824,0.1183787057176232,0.1261851727962493,0.4783702213279678,0.5877587758775877
chemprop_score,mutate,0_minsize_10_maxsize_-4_mininc_4_maxinc_2_radius,Round 2,CSc1nnnn1CCn1ccc(=O)c(Cc2cccc(C(=O)O)c2Cl)c1C,0.4756090849637985,2.952116420402307,0.4848326359832636,0.0175572035605,0.0416858613969452,0.4994969818913481,0.5800524934383202
chemprop_score,mutate,0_minsize_10_maxsize_-4_mininc_4_maxinc_2_radius,Round 2,Cc1c(Cc2c(Cl)ccc(C(=O)O)c2Cl)c(=O)ccn1CCN1CCNCC1,0.4159011427313089,2.842710503242545,0.45875,0.073180096084252,0.0943389232270419,0.479035037334865,0.635593220338983
chemprop_score,mutate,0_minsize_10_maxsize_-4_mininc_4_maxinc_2_radius,Round 2,Cc1ccc(Cl)cc1OCCn1ccc(=O)c(Cc2c(Cl)ccc(C(=O)O)c2Cl)c1C,0.4103647597134113,2.709138454733619,0.4897342995169082,0.1400606192648411,0.1486660739406943,0.49767921609076843,0.6168307967770814
chemprop_score,mutate,0_minsize_10_maxsize_-4_mininc_4_maxinc_2_radius,Round 2,Cc1ccc(Cl)c(OCCn2ccc(=O)c(Cc3c(Cl)ccc(C(=O)O)c3Cl)c2C)c1,0.4051007442176342,2.7082816221544324,0.4890250127616131,0.1507085844874382,0.1602382283657789,0.4960238568588469,0.613047363717605
chemprop_score,mutate,0_minsize_10_maxsize_-4_mininc_4_maxinc_2_radius,Round 2,Cc1cc(Cl)ccc1OCCn1ccc(=O)c(Cc2c(Cl)ccc(C(=O)O)c2Cl)c1C,0.4145622700452804,2.689470400434976,0.49061175045427013,0.1345418786630034,0.1439931819215417,0.4938208032955716,0.6289592760180995
chemprop_score,mutate,0_minsize_10_maxsize_-4_mininc_4_maxinc_2_radius,Round 2,Cc1cc(Cl)cc(C)c1OCCn1ccc(=O)c(Cc2c(Cl)ccc(C(=O)O)c2Cl)c1C,0.4183161668479442,2.812426463881348,0.49364791288566245,0.138347271643579,0.144397085160017,0.4975149105367793,0.6258992805755396
chemprop_score,mutate,0_minsize_10_maxsize_-4_mininc_4_maxinc_2_radius,Round 2,Cc1cc(Cl)c(OCCn2ccc(=O)c(Cc3c(Cl)ccc(C(=O)O)c3Cl)c2C)c(Cl)c1,0.4193695716559887,2.827079514279225,0.4925907000510986,0.1560713067650795,0.1621798153966665,0.4987568373943312,0.6224215246636772
chemprop_score,mutate,0_minsize_10_maxsize_-4_mininc_4_maxinc_2_radius,Round 2,Cc1ccc(OCCn2ccc(=O)c(Cc3c(Cl)ccc(C(=O)O)c3Cl)c2C)c(Cl)c1,0.4125202983617783,2.6917151063173304,0.48799182422074605,0.1444916155189275,0.1511238284409046,0.49428145201392343,0.6230838593327321
chemprop_score,mutate,0_minsize_10_maxsize_-4_mininc_4_maxinc_2_radius,Round 2,Cc1c(Cc2c(Cl)ccc(C(=O)O)c2Cl)c(=O)ccn1CCOc1cccc(Cl)c1,0.4054223872721195,2.649888675926327,0.469173859432799,0.134427236393094,0.1432060679420828,0.48234624145785876,0.6312384473197782
chemprop_score,mutate,0_minsize_10_maxsize_-4_mininc_4_maxinc_2_radius,Round 2,Cc1c(Cc2c(Cl)ccc(C(=O)O)c2Cl)c(=O)ccn1CCOc1cc(Cl)cc(Cl)c1,0.4329398266971111,2.7779913054123515,0.46950092421441775,0.1372690560296177,0.147696927934885,0.48348519362186787,0.6300738007380073
chemprop_score,mutate,0_minsize_10_maxsize_-4_mininc_4_maxinc_2_radius,Round 2,Cc1c(Cc2c(Cl)ccc(C(=O)O)c2Cl)c(=O)ccn1CCOc1ccc(Cl)cc1,0.4059682384133339,2.593780056834577,0.4662613981762918,0.1354109138250351,0.1495574267581105,0.474373576309795,0.6364485981308411
chemprop_score,mutate,0_minsize_10_maxsize_-4_mininc_4_maxinc_2_radius,Round 2,Cc1c(Cc2c(Cl)ccc(C(=O)O)c2Cl)c(=O)ccn1CCOc1ccc(Cl)c(Cl)c1,0.4092043556272983,2.6968446990775092,0.48036715961244264,0.1626641549170017,0.173730175755918,0.49205448354143017,0.6237533998186764
chemprop_score,mutate,0_minsize_10_maxsize_-4_mininc_4_maxinc_2_radius,Round 2,Cc1c(Cc2c(Cl)ccc(C(=O)O)c2Cl)c(=O)ccn1CCOc1ccc(Cl)cc1Cl,0.4398942716419697,2.685376825774343,0.48365679264555667,0.141635656543076,0.1516541210934519,0.4923425978445831,0.6196928635953026
chemprop_score,mutate,0_minsize_10_maxsize_-4_mininc_4_maxinc_2_radius,Round 2,Cc1c(Cc2c(Cl)ccc(C(=O)O)c2Cl)c(=O)ccn1CCN1CCN(C)CC1,0.4477529883384704,2.7492466522904557,0.459375,0.0865083172917366,0.1073485122993588,0.47960941987363587,0.6349952963311383
chemprop_score,mutate,0_minsize_10_maxsize_-4_mininc_4_maxinc_2_radius,Round 2,Cc1c(Cc2c(Cl)ccc(C(=O)O)c2Cl)c(=O)ccn1CCSc1nnnn1C,0.4412008877843618,2.9896210753673778,0.4827586206896552,0.0222732413043559,0.0476688539748465,0.49528067560854444,0.6030195381882771
chemprop_score,mutate,0_minsize_10_maxsize_-4_mininc_4_maxinc_2_radius,Round 2,Cc1c(Cc2c(Cl)ccc(C(=O)O)c2Cl)c(=O)ccn1CCOc1ccc(F)cc1Cl,0.4261027596890926,2.7040723913852034,0.4913265306122449,0.1432233989238739,0.1524010090157389,0.4990059642147117,0.6083481349911191
chemprop_score,mutate,0_minsize_10_maxsize_-4_mininc_4_maxinc_2_radius,Round 2,Cc1c(Cc2c(Cl)ccc(C(=O)O)c2Cl)c(=O)ccn1CCOc1ccc(F)cc1F,0.4011697277426719,2.7086807171770584,0.4871007371007371,0.1289487885311246,0.1415755249559879,0.4963172804532578,0.6112600536193029
chemprop_score,mutate,0_minsize_10_maxsize_-4_mininc_4_maxinc_2_radius,Round 2,Cc1c(Cc2c(Cl)ccc(C(=O)O)c2Cl)c(=O)ccn1CCc1cc(Br)c(O)c(Br)c1,0.4330145888030529,2.920099307998001,0.48347737671581087,0.1277113175019621,0.1395171780139207,0.4955044955044955,0.613941018766756
chemprop_score,mutate,0_minsize_10_maxsize_-4_mininc_4_maxinc_2_radius,Round 2,Cc1c(Cc2c(Cl)ccc(C(=O)O)c2Cl)c(=O)ccn1CCc1ccc(Cl)c(O)c1,0.4410306796431541,2.784412869511174,0.47166921898928027,0.1322127323597669,0.1452650245279073,0.47986386840612594,0.6232813932172319
chemprop_score,mutate,0_minsize_10_maxsize_-4_mininc_4_maxinc_2_radius,Round 2,Cc1c(Cc2c(Cl)ccc(C(=O)O)c2Cl)c(=O)ccn1CCc1ccc(O)c(Br)c1,0.4010578192770481,2.8100333197926,0.47761953204476093,0.1163989372551441,0.1280958954244852,0.489010989010989,0.6196928635953026
chemprop_score,mutate,0_minsize_10_maxsize_-4_mininc_4_maxinc_2_radius,Round 2,CSc1nnnn1CCn1ccc(=O)c(Cc2cc(C(=O)O)ccc2Cl)c1C,0.4410081528127193,2.858924704425977,0.4753668763102725,0.0196845660488179,0.0439433825092578,0.4874245472837022,0.5854092526690391
chemprop_score,mutate,0_minsize_10_maxsize_-4_mininc_4_maxinc_2_radius,Round 2,Cc1c(Cc2c(Cl)ccc(C(=O)O)c2Cl)c(=O)ccn1-c1ccc(F)c(Cl)c1,0.4350341260433197,2.6807071398043636,0.4884447220487195,0.1379493283107876,0.1491603899747133,0.4956843403205919,0.5151006711409396
chemprop_score,mutate,0_minsize_10_maxsize_-4_mininc_4_maxinc_2_radius,Round 2,Cc1c(Cc2c(Cl)ccc(C(=O)O)c2Cl)c(=O)ccn1CSc1ccc(Cl)cc1,0.4035179361701012,2.8381233830596866,0.4553343542623788,0.1148894444108009,0.1294005971401929,0.4664328657314629,0.625233644859813
chemprop_score,mutate,0_minsize_10_maxsize_-4_mininc_4_maxinc_2_radius,Round 2,Cc1c(Cc2c(O)ccc(C(=O)O)c2Cl)c(=O)ccn1Cc1cccc(Cl)c1,0.4016224950551986,2.6598712809263994,0.4773306164034641,0.1147889547049999,0.1264116358943283,0.4934475806451613,0.752203721841332
chemprop_score,mutate,0_minsize_10_maxsize_-4_mininc_4_maxinc_2_radius,Round 1,Cc1c(Cc2c(Cl)cccc2Cl)c(=O)ccn1CCOc1cc(C(=O)O)c(Cl)cc1Cl,0.429170348495245,2.6447505814304524,0.4828009828009828,0.1511017154902219,0.1643388023599982,0.4939455095862765,0.6209386281588448
chemprop_score,mutate,0_minsize_10_maxsize_-4_mininc_4_maxinc_2_radius,Round 1,Cc1c(Cc2c(Cl)cccc2Cl)c(=O)ccn1CCOc1ccc(Cl)c(C(=O)O)c1Cl,0.4277041047811508,2.712233477358053,0.48065173116089616,0.1610061531886458,0.17945436257869,0.4939455095862765,0.6238698010849909
chemprop_score,mutate,0_minsize_10_maxsize_-4_mininc_4_maxinc_2_radius,Round 3,Cc1c(Cc2c(Cl)ccc(C(=O)O)c2Cl)c(=O)ccn1CCSc1ccc(Cl)c(Cl)c1,0.4066972576081752,2.8449040655933473,0.4854665986741458,0.1385503467172384,0.1474090421572327,0.49524762381190596,0.6023131672597865
chemprop_score,mutate,0_minsize_10_maxsize_-4_mininc_4_maxinc_2_radius,Round 3,Cc1c(Cc2c(Cl)ccc(C(=O)O)c2Cl)c(=O)ccn1CCSc1ccc(Cl)cc1Cl,0.4289159946143627,2.8621498574485518,0.47885888945491595,0.1215230217203497,0.1326978271827101,0.49099099099099097,0.6077199281867145
chemprop_score,mutate,0_minsize_10_maxsize_-4_mininc_4_maxinc_2_radius,Round 3,Cc1c(Cc2c(Cl)ccc(C(=O)O)c2Cl)c(=O)ccn1CCSc1cc(Cl)cc(Cl)c1,0.403703748434782,2.9239721198919906,0.47575293517100564,0.1174503095448017,0.1236942519433796,0.484984984984985,0.6114130434782609
chemprop_score,mutate,1_minsize_6_maxsize_-2_mininc_4_maxinc_3_radius,Round 2,Cc1c(Cc2c(O)cccc2Cl)c(=O)ccn1CCOc1ccc(C(=O)O)cc1Cl,0.4204231917858124,2.6087339029884227,0.4671916010498688,0.1363543370738625,0.1432850234210491,0.4823261117445838,0.6179981634527089
chemprop_score,mutate,1_minsize_6_maxsize_-2_mininc_4_maxinc_3_radius,Round 4,Cc1c(Cc2c(O)cccc2Cl)c(=O)ccn1CCOc1c(F)cc(C(=O)O)cc1F,0.4416794784367084,2.803214110842216,0.4912174439733495,0.1316863603889942,0.1428410506807267,0.4994318181818182,0.5952170062001771
chemprop_score,mutate,0_minsize_4_maxsize_-2_mininc_2_maxinc_3_radius,Round 4,Cc1ccc(C(=O)O)c(Cl)c1Cc1c(C)n(Cc2ccc(O)c(Cl)c2)ccc1=O,0.4093066416680813,2.7331593713751694,0.4798572157062723,0.1129163067787885,0.1277152514085173,0.4968474148802018,0.7497556207233627
chemprop_score,mutate,0_minsize_6_maxsize_-2_mininc_4_maxinc_2_radius,Round 2,O=C(O)c1cn(Cc2cccc(Cl)c2)cc(Cc2c(Cl)cccc2C2SCCS2)c1=O,0.4715102672576904,2.9278482840219784,0.4765807962529274,0.1108723891898989,0.1276429980527609,0.49375,0.5778364116094987
chemprop_score,mutate,0_minsize_2_maxsize_-2_mininc_4_maxinc_3_radius,Round 2,Cc1c(Cc2cccc(C(=O)O)c2Cl)c(=O)ccn1Cc1ccc(O)c(Cl)c1,0.4034131698310375,2.6207280241831423,0.45319693094629154,0.1032586835324764,0.1234987641684711,0.4817424727738629,0.7954309449636553
chemprop_score,mutate,0_minsize_2_maxsize_-2_mininc_4_maxinc_3_radius,Round 2,Cc1c(Cc2cccc(C(=O)O)c2Cl)c(=O)ccn1Cc1cc(O)cc(Cl)c1,0.4055679716169834,2.7189583938135122,0.45886561062851305,0.0821551878005266,0.1002526421099901,0.4859514687100894,0.7858606557377049
chemprop_score,mutate,1_minsize_10_maxsize_-2_mininc_2_maxinc_3_radius,Round 4,Cc1c(Cc2c(Cl)cccc2C(=O)O)c(=O)ccn1CCOc1ccc(O)cc1Cl,0.4140343979001045,2.6373837639708135,0.48478488982161594,0.1175059210509061,0.1281776553019881,0.4977075904228222,0.5902654867256637
chemprop_score,mutate,1_minsize_10_maxsize_-2_mininc_2_maxinc_3_radius,Round 4,Cc1c(Cc2c(Cl)cccc2C(=O)O)c(=O)ccn1CCOc1cc(O)cc(Cl)c1,0.4328293822705745,2.7342234303285533,0.47689075630252103,0.099526185542345,0.1122622185852378,0.492018244013683,0.5983827493261455
chemprop_score,mutate,1_minsize_10_maxsize_-2_mininc_2_maxinc_3_radius,Round 3,Cc1c(Cc2c(Cl)cccc2C(=O)O)c(=O)ccn1CCOc1ccc(Cl)cc1O,0.4243095874786377,2.645401187511128,0.48239621650026276,0.1077429991215467,0.1200521815568208,0.4929221435793731,0.5964285714285714
chemprop_score,mutate,0_minsize_10_maxsize_-4_mininc_4_maxinc_3_radius,Round 4,CSc1cc(O)cc(Cn2ccc(=O)c(Cc3c(Cl)cc(C(=O)O)cc3Cl)c2C)c1,0.4484623752534389,2.928249079642505,0.4741951967296883,0.1443074310198426,0.1528486793860793,0.48519218651543794,0.7747747747747747
chemprop_score,mutate,0_minsize_10_maxsize_-4_mininc_4_maxinc_3_radius,Round 4,CCSc1cc(O)cc(Cn2ccc(=O)c(Cc3c(Cl)cc(C(=O)O)cc3Cl)c2C)c1,0.4061580210924148,2.952566871023212,0.48085758039816234,0.1412803033366799,0.149319900944829,0.4922071392659628,0.7625615763546798
chemprop_score,mutate,0_minsize_10_maxsize_-4_mininc_4_maxinc_3_radius,Round 4,Cc1c(Cc2c(Cl)cc(C(=O)O)cc2Cl)c(=O)ccn1Cc1cc(O)cc(OCCN2CCOCC2)c1,0.4375633031129837,2.92063762509307,0.48393676695563487,0.1233540412038564,0.1442267118021845,0.49949392712550605,0.7524366471734892
chemprop_score,mutate,0_minsize_10_maxsize_-4_mininc_4_maxinc_3_radius,Round 4,Cc1cc(Oc2cc(O)cc(Cn3ccc(=O)c(Cc4c(Cl)cc(C(=O)O)cc4Cl)c3C)c2)ccc1Cl,0.4091217510402202,2.8757005645291986,0.47371107708014293,0.1835662607103586,0.1937207795679569,0.48785425101214575,0.769690927218345
chemprop_score,mutate,0_minsize_10_maxsize_-4_mininc_4_maxinc_3_radius,Round 4,Cc1c(Cc2c(Cl)cc(C(=O)O)cc2Cl)c(=O)ccn1Cc1cc(O)cc(Oc2ccc(Cl)cc2)c1,0.4112996816635131,2.7801958786940713,0.4706482899438489,0.1804223258048296,0.1954873219132423,0.4848178137651822,0.7743229689067201
chemprop_score,mutate,0_minsize_10_maxsize_-4_mininc_4_maxinc_3_radius,Round 4,Cc1c(Cc2c(Cl)ccc(C(=O)O)c2Cl)c(=O)ccn1Cc1cccc(Cc2cc(Cl)ccc2O)c1,0.4025528147816658,2.7994752633094553,0.48596222562531904,0.1649610321968793,0.1795589264482259,0.49697885196374625,0.753411306042885
chemprop_score,mutate,1_minsize_10_maxsize_-4_mininc_2_maxinc_2_radius,Round 2,O=C(O)c1cccc(Cl)c1Cc1cn(-c2ccc(F)c(Cl)c2)ccc1=O,0.4093234553933144,2.576602566386738,0.4535367545076283,0.1370107393711805,0.1450351741164922,0.45863570391872277,0.44667832167832167
chemprop_score,mutate,1_minsize_10_maxsize_-4_mininc_2_maxinc_2_radius,Round 2,Cc1c(Cc2c(Cl)cccc2C(=O)O)c(=O)ccn1-c1ccc(O)c(Cl)c1,0.4373666942119598,2.5964193090313685,0.4820482636845203,0.1319098791107535,0.1438720516860485,0.49731182795698925,0.4974916387959866
chemprop_score,mutate,1_minsize_10_maxsize_-4_mininc_2_maxinc_2_radius,Round 4,O=C(O)c1c(Cc2ccc(Cl)cc2Cl)c(=O)ccn1-c1ccc(Cl)cc1,0.4241994023323059,2.420025643309815,0.4811800610376399,0.1433073280379176,0.1590564880520105,0.49122807017543857,0.507537688442211
chemprop_score,mutate,1_minsize_10_maxsize_-4_mininc_2_maxinc_2_radius,Round 4,O=C(O)c1c(Cc2ccc(Cl)cc2Cl)c(=O)ccn1-c1cccc(Cl)c1,0.4261656127870082,2.461473720232892,0.48908075165058407,0.140483427233994,0.1536126097664237,0.498998998998999,0.49917627677100496
chemprop_score,mutate,1_minsize_10_maxsize_-4_mininc_2_maxinc_2_radius,Round 3,Cc1c(Cc2c(Cl)cccc2C(=O)O)c(=O)ccn1CCCc1ccc(Cl)c(O)c1,0.4144543536007404,2.66979043681604,0.48580441640378547,0.1330806674435734,0.1412059066817164,0.49318525996971224,0.6023235031277927
chemprop_score,mutate,1_minsize_6_maxsize_-4_mininc_2_maxinc_2_radius,Round 4,O=C(O)c1cccc(Cl)c1Cc1cn(CSc2cc(Cl)ccc2Cl)ccc1=O,0.4279751375317573,2.8802815091597047,0.42328358208955225,0.141192214936018,0.1530679989606142,0.4248496993987976,0.5013599274705349
chemprop_score,mutate,1_minsize_6_maxsize_-4_mininc_2_maxinc_3_radius,Round 4,Cc1c(Cc2c(O)cccc2Cl)c(=O)ccn1CCOc1ccc(Cl)cc1C(=O)O,0.4358852207660675,2.621313884452741,0.4879097259537883,0.1160967446863651,0.1323983062990009,0.49894625922023184,0.6003552397868561
chemprop_score,mutate,1_minsize_6_maxsize_-4_mininc_2_maxinc_3_radius,Round 3,CSc1ccc(OCCn2ccc(=O)c(Cc3c(Cl)cccc3Cl)c2C)c(C(=O)O)c1,0.4026282373815775,2.6739902867866547,0.49212184873949577,0.1053699621930718,0.122962412983179,0.499151103565365,0.6126447016918967
chemprop_score,mutate,0_minsize_6_maxsize_-4_mininc_4_maxinc_3_radius,Round 2,Cc1c(Cc2c(Cl)cc(-c3cc(Cl)cc(Cl)c3)cc2Cl)c(=O)ccn1Cc1cc(Cl)cc(C(=O)O)c1,0.4088511884212494,2.8455641024702967,0.47067822539520654,0.1832018587738275,0.1941808588802814,0.4856278366111952,0.795339412360689
chemprop_score,mutate,0_minsize_6_maxsize_-2_mininc_4_maxinc_3_radius,Round 2,Cc1cc(Cl)cc(Cn2ccc(=O)c(Cc3c(O)ccc(C(=O)O)c3Cl)c2C)c1,0.4125861197710037,2.8099967618328137,0.48370672097759676,0.1132625833153724,0.1204900906421244,0.49974811083123427,0.7420289855072464
chemprop_score,mutate,0_minsize_10_maxsize_-2_mininc_2_maxinc_3_radius,Round 3,Cc1c(Cc2c(Cl)cc(Cl)cc2C(=O)O)c(=O)ccn1CCOc1ccc(Cl)cc1,0.4309487372636795,2.585005265360989,0.4791035735917626,0.170063567534089,0.1713033385574817,0.48976109215017066,0.6161524500907442
chemprop_score,grow,6_maxatom_0_minatom_2_radius,Round 1,Cc1c(Cc2c(Cl)cc(C3CCNCC3)cc2Cl)c(=O)ccn1Cc1ccc(C(=O)O)c(Cl)c1,0.4377594359219074,2.897480849508037,0.4816326530612245,0.1441729865968227,0.1643899828195572,0.49446680080482897,0.7795431976166832
chemprop_score,grow,6_maxatom_0_minatom_2_radius,Round 1,CSc1ccc(Cl)c(Cc2c(C)n(Cc3ccc(C(=O)O)c(Cl)c3)ccc2=O)c1Cl,0.4200479708611965,2.8322901678226184,0.4796126401630989,0.1070637423545122,0.1240086639299988,0.4924849699398798,0.7803180914512923
chemprop_score,grow,4_maxatom_0_minatom_3_radius,Round 2,Cc1cc(C(=O)O)c(Cl)cc1Cn1ccc(=O)c(Cc2c(Cl)cc(O)cc2Cl)c1C,0.4154513508081436,2.866246682310841,0.47730749617542073,0.1040307706221938,0.1206349371932447,0.4927536231884058,0.785
chemprop_score,grow,4_maxatom_0_minatom_3_radius,Round 2,Cc1c(Cc2c(Cl)cc(O)cc2Cl)c(=O)ccn1Cc1cc(Cl)c(C(=O)O)cc1Cl,0.4382819086313247,2.8729270241911813,0.4675855028075549,0.1326536932960152,0.1507752290926873,0.48419721871049304,0.8018386108273748
chemprop_score,grow,4_maxatom_0_minatom_3_radius,Round 2,Cc1cc(Cn2ccc(=O)c(Cc3c(Cl)cc(O)cc3Cl)c2C)cc(Cl)c1C(=O)O,0.4109152138233184,2.915441554105712,0.47832738398776137,0.1001487494446337,0.117493845289573,0.49243951612903225,0.783433133732535
chemprop_score,grow,4_maxatom_0_minatom_3_radius,Round 2,Cc1c(Cc2c(Cl)cc(O)cc2Cl)c(=O)ccn1Cc1cc(Cl)c(C(=O)O)c(Cl)c1,0.4286324493587017,2.9400483917125495,0.4458631256384065,0.1115629683248698,0.1327017602045089,0.47126436781609193,0.839572192513369
chemprop_score,grow,4_maxatom_0_minatom_3_radius,Round 2,Cc1c(Cc2c(Cl)cc(O)cc2Cl)c(=O)ccn1Cc1cc(O)c(C(=O)O)c(Cl)c1,0.4048398442566395,2.9682142036783628,0.48801631820499747,0.0947221902199089,0.1185794821940362,0.4982349974785678,0.7688540646425074
chemprop_score,grow,4_maxatom_0_minatom_3_radius,Round 2,Cc1cc(=O)c(Cc2c(Cl)cc(O)cc2Cl)c(C)n1Cc1ccc(C(=O)O)c(Cl)c1,0.4134108550846577,2.6513543746185313,0.4660887302396736,0.1006997879594564,0.1152560393325984,0.48169191919191917,0.8026584867075665
chemprop_score,grow,4_maxatom_0_minatom_3_radius,Round 2,Cc1cc(O)c(Cl)c(Cc2c(C)n(Cc3ccc(C(=O)O)c(Cl)c3)ccc2=O)c1Cl,0.4133099339902401,2.867063776327935,0.48187850944359367,0.1115119209513068,0.1292810345068574,0.4946507237256136,0.7803180914512923
chemprop_score,grow,4_maxatom_0_minatom_3_radius,Round 2,Cc1c(Cc2c(Cl)c(O)cc(O)c2Cl)c(=O)ccn1Cc1ccc(C(=O)O)c(Cl)c1,0.4117311410605907,2.9083338617980186,0.46911689637570186,0.1062883709557354,0.1309063086286187,0.4873417721518987,0.800203873598369
chemprop_score,grow,4_maxatom_0_minatom_3_radius,Round 2,Cc1c(Cc2c(Cl)ccc(O)c2Cl)c(=O)ccn1Cc1cc(Cl)c(C(=O)O)cc1Cl,0.4417169503867626,2.8510364259005847,0.4849566547679755,0.1588793702423572,0.1850769516080617,0.4965473948524796,0.7733990147783252
chemprop_score,grow,4_maxatom_0_minatom_3_radius,Round 2,Cc1cc(Cl)c(Cc2c(C)n(Cc3ccc(C(=O)O)c(Cl)c3)ccc2=O)c(Cl)c1O,0.4199690565466881,2.8257441182082754,0.475,0.113227280601859,0.1291192373260855,0.48897290485192185,0.789738430583501
chemprop_score,grow,4_maxatom_0_minatom_3_radius,Round 2,Cc1c(Cc2c(Cl)cc(Cl)c(O)c2Cl)c(=O)ccn1Cc1ccc(C(=O)O)c(Cl)c1,0.4503848552703857,2.8194449729091318,0.47446373850868234,0.1262949055060744,0.1445973659865558,0.48926767676767674,0.7929292929292929
chemprop_score,grow,4_maxatom_0_minatom_3_radius,Round 2,Cc1c(Cc2c(Cl)ccc(O)c2Cl)c(=O)ccn1Cc1cc(Cl)c(C(=O)O)c(Cl)c1,0.4331907123327255,2.918157793421951,0.4655436447166922,0.1297642571851611,0.1600313207134604,0.4866751269035533,0.8059548254620124
chemprop_score,grow,4_maxatom_0_minatom_3_radius,Round 2,Cc1cc(=O)c(Cc2c(Cl)ccc(O)c2Cl)c(C)n1Cc1ccc(C(=O)O)c(Cl)c1,0.418560030311346,2.6294637763279347,0.4849566547679755,0.1157409079372882,0.1351313106715679,0.49623304871923657,0.7733990147783252
chemprop_score,grow,4_maxatom_0_minatom_3_radius,Round 3,Cc1cc(=O)c(Cc2c(Cl)cc(O)cc2Cl)c(C)n1Cc1cc(Cl)c(C(=O)O)c(Cl)c1,0.429889491200447,2.865321127142712,0.46788990825688076,0.1090161201544106,0.1282560342922806,0.48297604035308955,0.7985757884028484
chemprop_score,grow,4_maxatom_0_minatom_2_radius,Round 2,CCc1c(Cc2c(Cl)cc(O)cc2Cl)c(=O)ccn1Cc1ccc(C(=O)O)c(Cl)c1,0.4075143851339817,2.8058423254211178,0.47989821882951655,0.1048399145714938,0.1188958456739783,0.49848637739656915,0.7764589515331355
chemprop_score,grow,4_maxatom_0_minatom_2_radius,Round 2,Cc1c(O)cc(Cl)c(Cc2c(C)n(Cc3ccc(C(=O)O)c(Cl)c3)ccc2=O)c1Cl,0.4212908513844013,2.8885509558151146,0.4734422880490296,0.1054199996404349,0.1213813371025025,0.48463476070528966,0.7945344129554656
chemprop_score,grow,4_maxatom_0_minatom_2_radius,Round 2,Cc1cn(Cc2ccc(C(=O)O)c(Cl)c2)c(C)c(Cc2c(Cl)cc(O)cc2Cl)c1=O,0.4174798872321844,2.8091834344475934,0.46683673469387754,0.0971239988692104,0.1093714584596455,0.4860661049902787,0.8026584867075665
chemprop_score,grow,4_maxatom_0_minatom_2_radius,Round 2,Cc1c(Cn2ccc(=O)c(Cc3c(Cl)cc(O)cc3Cl)c2C)ccc(C(=O)O)c1Cl,0.4140214130282402,2.935716767780926,0.4824069352371239,0.1036715171299874,0.1182046175468713,0.4964717741935484,0.7772277227722773
chemprop_score,grow,4_maxatom_0_minatom_2_radius,Round 2,Cc1c(Cc2c(Cl)cc(O)cc2Cl)c(=O)ccn1Cc1ccc(C(=O)O)c(Cl)c1Cl,0.4221405506134033,2.945253519917678,0.475,0.1239623208530247,0.1365837422199547,0.49273531269741,0.789738430583501
chemprop_score,grow,8_maxatom_0_minatom_3_radius,Round 1,Cc1c(Cc2c(Cl)cc(-c3cc(Cl)cc(Cl)c3)cc2Cl)c(=O)ccn1Cc1ccc(C(=O)O)c(Cl)c1,0.4175539046525955,2.800157109463303,0.46596306068601584,0.1560228297486901,0.1714167464524507,0.4808467741935484,0.8018386108273748
chemprop_score,grow,8_maxatom_0_minatom_3_radius,Round 1,Cc1c(Cc2c(Cl)cc(Oc3ccc(Cl)cc3)cc2Cl)c(=O)ccn1Cc1ccc(C(=O)O)c(Cl)c1,0.4034128680825233,2.699522647924841,0.46754617414248023,0.1481573084369301,0.1670330109074712,0.48161209068010075,0.7993890020366599
chemprop_score,grow,8_maxatom_0_minatom_2_radius,Round 1,Cc1c(Cc2c(Cl)cc(CC3CCNCC3)cc2Cl)c(=O)ccn1Cc1ccc(C(=O)O)c(Cl)c1,0.4212741941213608,2.913348913652751,0.4788373278939317,0.1468514084815979,0.1606833482161164,0.4909819639278557,0.7826520438683948
chemprop_score,grow,8_maxatom_0_minatom_2_radius,Round 1,Cc1c(Cc2c(Cl)cc(-c3ccc(Cl)c(Cl)c3)cc2Cl)c(=O)ccn1Cc1ccc(C(=O)O)c(Cl)c1,0.4011628039181232,2.74215011645631,0.4754876120189773,0.1730363633483648,0.1883693028241396,0.49143145161290325,0.785
chemprop_score,grow,8_maxatom_0_minatom_2_radius,Round 1,Cc1c(Cc2c(Cl)cc(-c3c(Cl)cccc3Cl)cc2Cl)c(=O)ccn1Cc1ccc(C(=O)O)c(Cl)c1,0.4027842134237289,2.8090144521206444,0.4811800610376399,0.1712736196815967,0.1874405179172754,0.4969939879759519,0.7733990147783252
chemprop_score,grow,8_maxatom_0_minatom_2_radius,Round 1,Cc1c(Cc2c(Cl)cc(-c3cc(Cl)ccc3Cl)cc2Cl)c(=O)ccn1Cc1ccc(C(=O)O)c(Cl)c1,0.4250946700572967,2.7697263402325323,0.47938931297709925,0.1713993564248085,0.188102575391531,0.4957393483709273,0.7764589515331355
chemprop_score,grow,8_maxatom_0_minatom_2_radius,Round 1,Cc1c(Cc2c(Cl)cc(Oc3cccc(Cl)c3)cc2Cl)c(=O)ccn1Cc1ccc(C(=O)O)c(Cl)c1,0.4028719335794449,2.745109724847918,0.4635691657866948,0.1495434364303946,0.1631796209141612,0.4770780856423174,0.8067831449126414
chemprop_score,grow,8_maxatom_0_minatom_2_radius,Round 1,CSc1ccc(-c2cc(Cl)c(Cc3c(C)n(Cc4ccc(C(=O)O)c(Cl)c4)ccc3=O)c(Cl)c2)cc1,0.4003329891711473,2.773380801770994,0.48419388830347737,0.1369642367586493,0.1504098063334822,0.4992481203007519,0.7711198428290766
chemprop_score,grow,8_maxatom_0_minatom_2_radius,Round 1,Cc1c(Cc2c(Cl)cc(-c3ccc(O)c(Cl)c3)cc2Cl)c(=O)ccn1Cc1ccc(C(=O)O)c(Cl)c1,0.4634976670145988,2.8026717947779876,0.48364978902953587,0.1585494846105575,0.1746331790462136,0.49622546552591845,0.7741617357001972
chemprop_score,mutate,0_minsize_8_maxsize_-2_mininc_2_maxinc_2_radius,Round 2,Cc1c(Cc2c(Cl)cccc2C(=O)O)c(=O)ccn1Nc1cc(O)cc(Cl)c1,0.4146510995924473,2.907483668538786,0.4758023433520122,0.1117606483399868,0.1232402739115059,0.4879518072289157,0.5
chemprop_score,mutate,0_minsize_8_maxsize_-2_mininc_2_maxinc_2_radius,Round 4,Cc1c(Cc2c(Cl)cccc2C(=O)O)c(=O)ccn1CCOc1ccc(Cl)c(O)c1,0.4276624202728271,2.6552536434888854,0.47842105263157897,0.1157164646312594,0.1316408770158887,0.4886104783599089,0.5985598559855986
chemprop_score,mutate,0_minsize_8_maxsize_-2_mininc_2_maxinc_2_radius,Round 4,Cc1c(Cc2c(Cl)cccc2C(=O)O)c(=O)ccn1Nc1ccc(Cl)c(O)c1,0.405432453751564,2.8442031490582664,0.4701682814890362,0.1463995616883039,0.1560274424031376,0.48282828282828283,0.5021204410517388
chemprop_score,mutate,0_minsize_8_maxsize_-2_mininc_2_maxinc_2_radius,Round 4,Cc1c(Cc2c(Cl)cc(Cl)cc2C(=O)O)c(=O)ccn1CCc1ccc(Cl)c(O)c1,0.4652013562619686,2.7755310683854706,0.48622448979591837,0.166779001802206,0.1683179887011647,0.4994318181818182,0.6023131672597865
chemprop_score,mutate,0_minsize_8_maxsize_-2_mininc_2_maxinc_2_radius,Round 4,Cc1c(Cc2c(Cl)cccc2C(=O)O)c(=O)ccn1CC=Cc1ccc(Cl)c(O)c1,0.4144717037677765,2.8404868223582103,0.48105263157894734,0.135130944289267,0.1468228321522474,0.48938321536905965,0.594449418084154
chemprop_score,mutate,0_minsize_8_maxsize_-2_mininc_2_maxinc_2_radius,Round 4,Cc1c(Cc2c(Cl)cccc2C(=O)O)c(=O)ccn1CCC=Cc1ccc(Cl)c(O)c1,0.4163954265415668,2.897195116840324,0.48619631901840493,0.1370129939168691,0.1485229073092341,0.49268784669692384,0.5983971504897596
chemprop_score,mutate,0_minsize_8_maxsize_-2_mininc_2_maxinc_2_radius,Round 4,Cc1c(Cc2c(Cl)cccc2C(=O)O)c(=O)ccn1CCSc1ccc(Cl)c(O)c1,0.4776512503623962,2.826999333943011,0.4895461499235084,0.1083819821476936,0.1191110570915043,0.4994974874371859,0.5785340314136126
chemprop_score,mutate,0_minsize_8_maxsize_-2_mininc_2_maxinc_2_radius,Round 4,Cc1c(Cc2c(Cl)cccc2C(=O)O)c(=O)ccn1COc1ccc(Cl)c(O)c1,0.4094179339706897,2.766907421521225,0.47711730668069435,0.1122097847983241,0.1276828673668205,0.4840989399293286,0.5947888589398024
chemprop_score,mutate,0_minsize_8_maxsize_-2_mininc_2_maxinc_2_radius,Round 4,Cc1c(Cc2c(Cl)cccc2C(=O)O)c(=O)ccn1CSc1ccc(Cl)c(O)c1,0.483072803914547,2.919687613828918,0.4792868379653907,0.1097298519685864,0.1227371772751212,0.4906612821807168,0.5851063829787234
chemprop_score,mutate,0_minsize_8_maxsize_-2_mininc_2_maxinc_2_radius,Round 4,O=C(O)c1cccc(Cl)c1Cc1cn(CCc2ccc(Cl)c(O)c2)ccc1=O,0.400555158406496,2.688505177798758,0.4204056545789797,0.1385404426604509,0.1453463368117809,0.4266023432115782,0.5074074074074074
chemprop_score,mutate,0_minsize_8_maxsize_-2_mininc_2_maxinc_2_radius,Round 4,Cc1c(Cc2c(Cl)cccc2C(=O)O)c(=O)ccn1CCc1cc(O)c(Cl)c(O)c1,0.4049072161316872,2.848473282269147,0.4797900262467192,0.1009851603768765,0.1123240174725651,0.4926052332195677,0.5918003565062389
chemprop_score,mutate,0_minsize_4_maxsize_-2_mininc_2_maxinc_2_radius,Round 2,Cc1c(Cc2c(Cl)cccc2C(=O)O)c(=O)ccn1CCOc1ccc(O)c(Cl)c1,0.4319025814533234,2.6392471560004704,0.47823807026743576,0.1296645207330584,0.1402536209672689,0.4928644240570846,0.5946428571428571
chemprop_score,mutate,0_minsize_4_maxsize_-2_mininc_2_maxinc_2_radius,Round 4,O=C(O)c1c(Br)ccc(Cl)c1Cc1cn(Cc2cc(O)cc(Cl)c2)ccc1=O,0.4182627648115158,2.9188267254818427,0.4634787178139779,0.1275797041133046,0.1358362701721489,0.47397675593734206,0.5927272727272728
chemprop_score,mutate,0_minsize_4_maxsize_-2_mininc_2_maxinc_2_radius,Round 4,CC(C)c1ccc(Cl)c(Cc2cn(Cc3cc(O)cc(Cl)c3)ccc2=O)c1C(=O)O,0.4081144399940967,2.9233978601303114,0.47528916929547843,0.1215449073351919,0.1310622297227382,0.48533872598584427,0.5774021352313167
chemprop_score,mutate,0_minsize_4_maxsize_-2_mininc_2_maxinc_2_radius,Round 4,CC(C)(C)c1ccc(Cl)c(Cc2cn(Cc3cc(O)cc(Cl)c3)ccc2=O)c1C(=O)O,0.411553381383419,2.992351505800201,0.48081975827640566,0.1289088446646928,0.1328559976071119,0.49065184436584136,0.5713028169014085
chemprop_score,mutate,0_minsize_4_maxsize_-2_mininc_2_maxinc_2_radius,Round 4,O=C(O)c1c(Cl)ccc(Cl)c1Cc1cn(Cc2cc(O)cc(Cl)c2)ccc1=O,0.4489997290074825,2.8311176345727525,0.4388185654008439,0.132207129523158,0.1504563144408166,0.45030425963488846,0.6112167300380228
chemprop_score,mutate,0_minsize_4_maxsize_-2_mininc_2_maxinc_2_radius,Round 4,O=C(O)c1c(F)ccc(Cl)c1Cc1cn(Cc2cc(O)cc(Cl)c2)ccc1=O,0.4473888084292411,2.8534189332740514,0.4637223974763407,0.1120663014240563,0.1298003315925598,0.4779523568170299,0.5903723887375113
chemprop_score,mutate,0_minsize_4_maxsize_-2_mininc_2_maxinc_2_radius,Round 4,CSc1ccc(Cl)c(Cc2cn(Cc3cc(C)cc(O)c3)ccc2=O)c1C(=O)O,0.4371180661022663,2.9746585753673784,0.48923884514435695,0.0869630864821374,0.0975689462386071,0.49924585218702866,0.5604490500863558
chemprop_score,mutate,0_minsize_4_maxsize_-2_mininc_2_maxinc_2_radius,Round 4,CSc1ccc(Cl)c(Cc2cn(Cc3cccc(O)c3)ccc2=O)c1C(=O)O,0.4084104865789413,2.848218787266214,0.4813452443510247,0.0897248238325119,0.1014360329136252,0.49019607843137253,0.5665499124343257
chemprop_score,mutate,0_minsize_4_maxsize_-2_mininc_2_maxinc_2_radius,Round 4,CSc1ccc(Cl)c(Cc2cn(Cc3cc(C)cc(Cl)c3)ccc2=O)c1C(=O)O,0.4071405716240406,2.927617998444303,0.4758909853249476,0.1179878765717148,0.1214963616803288,0.48717948717948717,0.5806737588652482
chemprop_score,mutate,0_minsize_4_maxsize_-2_mininc_2_maxinc_2_radius,Round 4,CSc1ccc(Cl)c(Cc2cn(Cc3cc(Cl)cc(Cl)c3)ccc2=O)c1C(=O)O,0.422673313319683,2.9136904984443017,0.470372312532774,0.1232572019100189,0.1310222299303859,0.48114630467571645,0.594059405940594
chemprop_score,mutate,0_minsize_4_maxsize_-2_mininc_2_maxinc_2_radius,Round 3,CSc1ccc(Cl)c(Cc2cn(Cc3ccc(O)c(Cl)c3)ccc2=O)c1C(=O)O,0.5041156113147736,2.9053862676750715,0.4879454926624738,0.1331807097420096,0.1439637809991836,0.4979899497487437,0.5786713286713286
chemprop_score,mutate,0_minsize_8_maxsize_-2_mininc_2_maxinc_3_radius,Round 4,Cc1c(Cc2c(Cl)cc(Cl)cc2C(=O)O)c(=O)ccn1CCn1cnnn1,0.4246664606034755,2.9898287310687905,0.48090005232862376,0.0283289084312855,0.0504095625634363,0.4967155128852956,0.6030330062444246
chemprop_score,mutate,0_minsize_8_maxsize_-2_mininc_2_maxinc_3_radius,Round 4,Cc1c(Cc2c(Cl)cc(Cl)cc2C(=O)O)c(=O)ccn1CCSc1ccc(Cl)cc1,0.4210048161447048,2.7396084164267904,0.4816138917262513,0.1576895985752344,0.1533532848581671,0.49176604202157864,0.6016114592658908
chemprop_score,mutate,0_minsize_4_maxsize_-2_mininc_2_maxinc_3_radius,Round 2,CSc1ccc(Cn2ccc(=O)c(Cc3c(Cl)cc(O)cc3Cl)c2C)cc1C(=O)O,0.4452721636742353,2.880246828235377,0.4755600814663951,0.092444771528244,0.1060928607359528,0.4922227797290517,0.7407407407407407
chemprop_score,mutate,0_minsize_4_maxsize_-2_mininc_2_maxinc_3_radius,Round 4,Cc1c(Cc2c(O)cc(F)cc2Cl)c(=O)ccn1Cc1ccc(Cl)c(C(=O)O)c1,0.4583185277879238,2.7461502185027253,0.4854814060112073,0.1059138085693121,0.1222555763088166,0.49949135300101727,0.7109004739336493
chemprop_score,mutate,0_minsize_4_maxsize_-2_mininc_2_maxinc_3_radius,Round 4,CSc1ccc(Cn2ccc(=O)c(Cc3c(C)cc(Cl)cc3Cl)c2C)cc1C(=O)O,0.4023230776190757,2.7981121190421305,0.4877675840978593,0.1035714957863092,0.1088620672933757,0.499749624436655,0.7325023969319271
chemprop_score,mutate,0_minsize_4_maxsize_-2_mininc_2_maxinc_3_radius,Round 4,CSc1ccc(Cn2ccc(=O)c(Cc3ccc(Cl)cc3Cl)c2C)cc1C(=O)O,0.4029310926795005,2.6341851138289183,0.461734693877551,0.1023952955380082,0.1127813527360558,0.4749247743229689,0.7495009980039921
chemprop_score,mutate,0_minsize_4_maxsize_-2_mininc_2_maxinc_3_radius,Round 4,Cc1c(Cc2c(O)cc(Cl)cc2Cl)c(=O)ccn1Cc1ccc(Br)c(C(=O)O)c1,0.4234731823205948,2.7919301600801347,0.4849412965798877,0.104605334252119,0.1144006957765668,0.49673202614379086,0.7238734419942474
chemprop_score,mutate,0_minsize_4_maxsize_-2_mininc_2_maxinc_3_radius,Round 4,Cc1c(Cc2c(O)cc(Cl)cc2Cl)c(=O)ccn1Cc1ccc(Cl)c(C(=O)O)c1,0.4623605124652385,2.72129724868773,0.47013782542113325,0.1149996055290103,0.1301915008574724,0.4818731117824773,0.7445759368836292
chemprop_score,mutate,0_minsize_4_maxsize_-2_mininc_2_maxinc_3_radius,Round 4,CSc1ccc(Cn2ccc(=O)c(Cc3ccc(O)cc3Cl)c2C)cc1C(=O)O,0.432835754007101,2.7193320369058416,0.467142129393785,0.0812038897536695,0.0969189914874732,0.48319116909182136,0.7248780487804878
chemprop_score,mutate,0_minsize_4_maxsize_-2_mininc_2_maxinc_3_radius,Round 4,CSc1ccc(Cn2ccc(=O)c(Cc3c(Cl)cc(C(=O)O)cc3Cl)c2C)cc1O,0.4487304393202066,2.870416059004606,0.4685743484925907,0.1667518429458141,0.177319393120706,0.4838709677419355,0.7797979797979798
chemprop_score,mutate,0_minsize_4_maxsize_-2_mininc_2_maxinc_3_radius,Round 3,Cc1c(Cc2c(Cl)cc(O)cc2Cl)c(=O)ccn1Cc1ccc(Cl)c(C(=O)O)c1,0.4144203029572963,2.722992088025606,0.44484167517875384,0.1128192653879523,0.1298674784600734,0.46998722860791825,0.7951933124346917
chemprop_score,mutate,0_minsize_6_maxsize_-2_mininc_2_maxinc_2_radius,Round 2,Cc1c(Cc2c(Cl)cccc2C(=O)O)c(=O)ccn1CSc1ccc(Cl)cc1Cl,0.4143528290092945,2.8297326138289165,0.4765545361875637,0.1169646862894296,0.1271268445067107,0.4876449823499748,0.6052158273381295
chemprop_score,mutate,0_minsize_6_maxsize_-2_mininc_2_maxinc_2_radius,Round 2,Cc1c(Cc2c(Cl)cccc2C(=O)O)c(=O)ccn1CSc1cc(Cl)ccc1Cl,0.4228867806494236,2.8366487676750722,0.48089658685685177,0.1291953207924962,0.1397805254906416,0.491183879093199,0.5899025686448184
chemprop_score,mutate,0_minsize_6_maxsize_-2_mininc_2_maxinc_2_radius,Round 2,O=C(O)c1cccc(Cl)c1Cc1c(O)n(CSc2ccc(Cl)cc2)ccc1=O,0.4048352494835853,2.7436377221774553,0.46194225721784776,0.1125879377126693,0.1232539474964141,0.4706472654290015,0.4897959183673469
chemprop_score,mutate,0_minsize_6_maxsize_-2_mininc_2_maxinc_2_radius,Round 2,CSc1cc(Cl)ccc1SCn1ccc(=O)c(Cc2c(Cl)cccc2C(=O)O)c1C,0.4228364013135433,2.9953802421913878,0.48664222105814564,0.1197553440928459,0.1255656892433762,0.49528067560854444,0.5847234416154522
chemprop_score,mutate,0_minsize_6_maxsize_-2_mininc_2_maxinc_2_radius,Round 2,Cc1c(Cc2c(Cl)cccc2C(=O)O)c(=O)ccn1CSc1ccc(Cl)cc1F,0.4390796288847923,2.846784152290457,0.48323170731707316,0.1052318781614303,0.1179653421044349,0.49647532729103727,0.5864793678665496
chemprop_score,mutate,0_minsize_6_maxsize_-2_mininc_2_maxinc_2_radius,Round 2,Cc1c(Cc2c(Cl)cccc2C(=O)O)c(=O)ccn1CSc1ccc(Cl)cc1O,0.4742592588067055,2.9166899215212254,0.48534031413612566,0.099643806554377,0.1119062855839729,0.49873801110550225,0.5922330097087378
chemprop_score,mutate,0_minsize_6_maxsize_-2_mininc_2_maxinc_2_radius,Round 2,Cc1c(Cc2c(Cl)ccc(Cl)c2C(=O)O)c(=O)ccn1CSc1ccc(Cl)cc1,0.4382892116904259,2.8251789599827646,0.4808800419067575,0.1331812757998705,0.1528924122452735,0.4921835602622289,0.5876106194690266
chemprop_score,mutate,0_minsize_6_maxsize_-2_mininc_2_maxinc_2_radius,Round 2,CSc1cc(SCn2ccc(=O)c(Cc3c(Cl)cccc3C(=O)O)c2C)ccc1Cl,0.4186317503452301,2.9913848761116846,0.4788373278939317,0.1205694748088717,0.1279182709753513,0.4891578416540595,0.5893333333333334
chemprop_score,mutate,0_minsize_6_maxsize_-2_mininc_2_maxinc_2_radius,Round 2,Cc1c(Cc2c(Cl)cccc2C(=O)O)c(=O)ccn1CSc1ccc(Cl)c(F)c1,0.4194609336555004,2.8496191522904564,0.48193384223918573,0.1147871689870953,0.1256173318251967,0.4944556451612903,0.58311345646438
chemprop_score,mutate,0_minsize_6_maxsize_-2_mininc_2_maxinc_2_radius,Round 2,Cc1c(Cc2c(Cl)cc(Cl)cc2C(=O)O)c(=O)ccn1CSc1ccc(Cl)cc1,0.4323081009089947,2.8290195369058413,0.47091836734693876,0.1496341824531555,0.1516323616728186,0.48065984072810014,0.61
chemprop_score,mutate,0_minsize_6_maxsize_-2_mininc_2_maxinc_2_radius,Round 2,Cc1c(Cc2c(C(=O)O)ccc(Cl)c2Cl)c(=O)ccn1CSc1ccc(Cl)cc1,0.4173296727240085,2.834950883059687,0.48348190875721025,0.1383540358394384,0.1470714330673218,0.49243951612903225,0.5936113575865128
chemprop_score,mutate,0_minsize_6_maxsize_-2_mininc_2_maxinc_2_radius,Round 3,Cc1c(Cc2c(Cl)cccc2C(=O)O)c(=O)ccn1CSc1ccc(Br)c(O)c1,0.4090495876967907,2.989171075367379,0.4824699110413396,0.0948983147740364,0.107335534505546,0.49623304871923657,0.5803336259877085
chemprop_score,mutate,0_minsize_6_maxsize_-2_mininc_2_maxinc_2_radius,Round 3,Cc1c(Cc2c(Cl)cccc2C(=O)O)c(=O)ccn1CSc1ccc(F)c(O)c1,0.4163502842187881,2.9408341522904564,0.48597654258031614,0.0869648933410644,0.1020237275399267,0.4957410562180579,0.5862676056338029
chemprop_score,mutate,0_minsize_6_maxsize_-2_mininc_2_maxinc_2_radius,Round 3,O=C(O)c1cccc(Cl)c1Cc1cn(CSc2ccc(Cl)c(O)c2)ccc1=O,0.4765683837234974,2.9654495564969814,0.4207240948813982,0.1235731039196252,0.135518090147525,0.4289821736630247,0.4986400725294651
chemprop_score,mutate,0_minsize_6_maxsize_-2_mininc_2_maxinc_2_radius,Round 3,O=C(O)c1cccc(Cl)c1Cc1c(O)n(CSc2ccc(Cl)c(O)c2)ccc1=O,0.4593088202178478,2.954746075367378,0.4824515453116815,0.1071077521890401,0.1227807776071131,0.4927172275238574,0.48267326732673266
chemprop_score,mutate,0_minsize_6_maxsize_-2_mininc_2_maxinc_2_radius,Round 3,Cc1c(Cc2c(Cl)cccc2C(=O)O)c(=O)ccn1CCc1ccc(Cl)cc1O,0.4121762707829475,2.6726393445981493,0.48161764705882354,0.1018137991428375,0.111646259855479,0.49204545454545456,0.5964285714285714
chemprop_score,mutate,0_minsize_6_maxsize_-2_mininc_2_maxinc_2_radius,Round 3,O=C(O)c1cccc(Cl)c1Cc1cn(CSc2ccc(Cl)cc2O)ccc1=O,0.467480655759573,2.9623750002839646,0.4270573566084788,0.113222587108612,0.1249738052487373,0.4319676277187658,0.5022542831379622
chemprop_score,mutate,0_minsize_6_maxsize_-2_mininc_2_maxinc_2_radius,Round 3,O=C(O)c1cccc(Cl)c1Cc1c(O)n(CSc2ccc(Cl)cc2O)ccc1=O,0.4670844703912735,2.9517483830596873,0.48827726809378186,0.100127943791449,0.1149787435308098,0.4979919678714859,0.48157248157248156
