fragment,smiles,RAscore,ACTIVITY,Similarity,TOXICITY,max_tan_sim_to_abx,hepg2_pred_tox,primary_pred_tox,max_tan_sim_to_ts
CC(=O)NC1CCN(c2ccc(Cl)cc2Cl)C1,O=C(O)c1nc(C(=O)NC2CCN(c3ccc(Cl)cc3Cl)C2)c(Cl)cc1Cl,0.8808615,0.89158216714859,0.2625,0.0858135187067091,0.49580838323353293,0.0858135187067091,0.0943011873401701,0.4962518740629685
CC(=O)NC1CCN(c2ccc(Cl)cc2Cl)C1,O=C(CN1CCN(c2c(Cl)ccc(Cl)c2C(=O)O)CC1)NC1CCN(c2ccc(Cl)cc2Cl)C1,0.80928826,0.873349108695983,0.2159,0.149304019659757,0.44586967675731143,0.149304019659757,0.1508911317214369,0.4876507754164273
CC(=O)NC1CCN(c2ccc(Cl)cc2Cl)C1,O=C(O)c1cccc(N2CCN(C(CO)C(=O)NC3CCN(c4ccc(Cl)cc4Cl)C3)CC2)c1O,0.8712921,0.867866657972335,0.2326,0.0930310670286417,0.46658491722869405,0.0930310670286417,0.1024310513399541,0.4900426742532006
CC(=O)NC1CCN(c2ccc(Cl)cc2Cl)C1,C=CC(SC)=C1ON=C(C(=O)NC2CCN(c3ccc(Cl)cc3Cl)C2)O1,0.8462482,0.864005033373832,0.2,0.158371382206678,0.4577938891765924,0.158371382206678,0.1500732795335352,0.4641255605381166
CC(=O)NC1CCN(c2ccc(Cl)cc2Cl)C1,CC(Sc1cccnc1C(=O)O)C(=O)NC1CCN(c2ccc(Cl)cc2Cl)C1,0.86955136,0.863609694242477,0.2235,0.0631705814972519,0.45875139353400224,0.0631705814972519,0.0723642965313047,0.46552675124103693
CC(=O)NC1CCN(c2ccc(Cl)cc2Cl)C1,O=C(CCSc1ccc(Cl)c(C(=O)O)n1)NC1CCN(c2ccc(Cl)cc2Cl)C1,0.9177062,0.860304555892944,0.2333,0.0587435181252658,0.455470737913486,0.0587435181252658,0.0749656114261597,0.46445221445221446
CC(=O)NC1CCN(c2ccc(Cl)cc2Cl)C1,O=C(O)c1cc(N2CCN(C(CO)C(=O)NC3CCN(c4ccc(Cl)cc4Cl)C3)CC2)ccc1F,0.8574529,0.859394317865371,0.2778,0.0997735081240534,0.43992248062015504,0.0997735081240534,0.1045978111214935,0.49018181818181816
CC(=O)NC1CCN(c2ccc(Cl)cc2Cl)C1,Nc1sc(C(=O)NC2CCN(c3ccc(Cl)cc3Cl)C2)nc1C(=O)O,0.9067963,0.858684870004653,0.2588,0.0812718329951167,0.4829753797799895,0.0812718329951167,0.0931073612533509,0.4944912508101102
CC(=O)NC1CCN(c2ccc(Cl)cc2Cl)C1,NCCC(Nc1ncc(C(=O)O)s1)C(=O)NC1CCN(c2ccc(Cl)cc2Cl)C1,0.8774493,0.858487669229507,0.234,0.153360985033214,0.4477791116446579,0.153360985033214,0.1623464391101151,0.48261178140525196
CC(=O)NC1CCN(c2ccc(Cl)cc2Cl)C1,NCC(Sc1cccnc1C(=O)O)C(=O)NC1CCN(c2ccc(Cl)cc2Cl)C1,0.86785793,0.853916534185409,0.2299,0.0921733071096241,0.4671857619577308,0.0921733071096241,0.1006562544032931,0.4730473047304731
CC(=O)NC1CCN(c2ccc(Cl)cc2Cl)C1,CSC=CC1ON=C(C(=O)NC2CCN(c3ccc(Cl)cc3Cl)C2)O1,0.80564797,0.853706474304199,0.2299,0.186285072565078,0.42022940563086547,0.186285072565078,0.1734249956905841,0.4389269406392694
CC(=O)NC1CCN(c2ccc(Cl)cc2Cl)C1,Nc1nc(SCCC(=O)NC2CCN(c3ccc(Cl)cc3Cl)C2)c(C(=O)O)s1,0.8728451,0.853243525028228,0.25,0.0744780612178146,0.4477225672877847,0.0744780612178146,0.0954126577358693,0.4699666295884316
CC(=O)NC1CCN(c2ccc(Cl)cc2Cl)C1,CC1OC(C(=O)NC2CCN(c3ccc(Cl)cc3Cl)C2)=C(O)C1=O,0.88959485,0.853179950714111,0.25,0.196139432117342,0.45614035087719296,0.196139432117342,0.1688650799915194,0.47245017584994137
CC(=O)NC1CCN(c2ccc(Cl)cc2Cl)C1,C=CC(Cl)=C1ON=C(C(=O)NC2CCN(c3ccc(Cl)cc3Cl)C2)O1,0.85972524,0.852278097271919,0.1957,0.188715706579387,0.438560411311054,0.188715706579387,0.1827148037496954,0.44707207207207206
CC(=O)NC1CCN(c2ccc(Cl)cc2Cl)C1,CCC(Sc1scnc1C(=O)O)C(=O)NC1CCN(c2ccc(Cl)cc2Cl)C1,0.8827669,0.851775755286216,0.2174,0.0581355342641472,0.4795442775763853,0.0581355342641472,0.0730725801549851,0.4819078947368421
CC(=O)NC1CCN(c2ccc(Cl)cc2Cl)C1,Cc1c(C(=O)O)cccc1N1CCN(C(CO)C(=O)NC2CCN(c3ccc(Cl)cc3Cl)C2)CC1,0.89985424,0.851173176765441,0.2391,0.0888306635431945,0.4455891822279459,0.0888306635431945,0.0944799344986677,0.4877521613832853
CC(=O)NC1CCN(c2ccc(Cl)cc2Cl)C1,O=C(CNc1cc(O)nc(C(=O)O)c1O)NC1CCN(c2ccc(Cl)cc2Cl)C1,0.87082016,0.850119401216507,0.2333,0.0924029530957341,0.48942598187311176,0.0924029530957341,0.093812748696655,0.48942598187311176
CC(=O)NC1CCN(c2ccc(Cl)cc2Cl)C1,O=C(NC1CCN(c2ccc(Cl)cc2Cl)C1)C1=NOC(=CC(Cl)=C(F)Cl)O1,0.87238055,0.849595439434051,0.2174,0.176382286474108,0.4479753972321886,0.176382286474108,0.1655340319499373,0.46613995485327314
CC(=O)NC1CCN(c2ccc(Cl)cc2Cl)C1,CC(Sc1cnc(C(=O)O)s1)C(=O)NC1CCN(c2ccc(Cl)cc2Cl)C1,0.8919662,0.848206100463867,0.2198,0.059909088909626,0.43385416666666665,0.059909088909626,0.0738068091683089,0.445662100456621
CC(=O)NC1CCN(c2ccc(Cl)cc2Cl)C1,CC(OC(=O)NCCc1ccc(Cl)c(Cl)c1)C(=O)NC1CCN(c2ccc(Cl)cc2Cl)C1,0.86184144,0.848034554719925,0.2247,0.189839845523238,0.43434343434343436,0.189839845523238,0.1930179819464683,0.451685393258427
CC(=O)NC1CCN(c2ccc(Cl)cc2Cl)C1,CCC(Sc1cccnc1C(=O)O)C(=O)NC1CCN(c2ccc(Cl)cc2Cl)C1,0.8732493,0.847840039730072,0.2159,0.0598932379856705,0.48,0.0598932379856705,0.0726860107388347,0.4824561403508772
CC(=O)NC1CCN(c2ccc(Cl)cc2Cl)C1,CC(Sc1ncsc1C(=O)O)C(=O)NC1CCN(c2ccc(Cl)cc2Cl)C1,0.8462699,0.847453390955925,0.2283,0.0701941795647144,0.44155844155844154,0.0701941795647144,0.0880810817237943,0.4585420144685587
CC(=O)NC1CCN(c2ccc(Cl)cc2Cl)C1,O=C(O)CCC(Sc1ccc(Cl)cc1Cl)C(=O)NC1CCN(c2ccc(Cl)cc2Cl)C1,0.82757115,0.845277166366577,0.2099,0.160572358593344,0.4223081882656351,0.160572358593344,0.1755882903002202,0.4355179704016913
CC(=O)NC1CCN(c2ccc(Cl)cc2Cl)C1,O=C(O)c1nc(NCC(O)C(=O)NC2CCN(c3ccc(Cl)cc3Cl)C2)ccc1Cl,0.9385024,0.844789713621139,0.2444,0.153973089344799,0.4741158380317786,0.153973089344799,0.1471125029027462,0.4930555555555556
CC(=O)NC1CCN(c2ccc(Cl)cc2Cl)C1,CC(Oc1ccc(Cl)c(C(=O)O)n1)C(=O)NC1CCN(c2ccc(Cl)cc2Cl)C1,0.90646386,0.843756581544876,0.2333,0.0850975999608635,0.48568507157464214,0.0850975999608635,0.0874444775283336,0.4988986784140969
CC(=O)NC1CCN(c2ccc(Cl)cc2Cl)C1,Nc1ccc(C(=O)NC2CCN(c3ccc(Cl)cc3Cl)C2)nc1C(=O)O,0.93576384,0.842775936126709,0.2619,0.0696416141465306,0.4890643985419198,0.0696416141465306,0.0782503150403499,0.48575498575498577
CC(=O)NC1CCN(c2ccc(Cl)cc2Cl)C1,Cc1ccc(SC(CN)C(=O)NC2CCN(c3ccc(Cl)cc3Cl)C2)c(C(=O)O)n1,0.90857553,0.842604775428772,0.234,0.0969972914084792,0.48672566371681414,0.0969972914084792,0.1031770193949341,0.4940239043824701
CC(=O)NC1CCN(c2ccc(Cl)cc2Cl)C1,O=C(CCSc1ccc(F)c(C(=O)O)n1)NC1CCN(c2ccc(Cl)cc2Cl)C1,0.9375508,0.842572373151779,0.2697,0.0505510690622031,0.4603174603174603,0.0505510690622031,0.0667855117935687,0.47494172494172493
CC(=O)NC1CCN(c2ccc(Cl)cc2Cl)C1,Nc1nc(C(=O)NC2CCN(c3ccc(Cl)cc3Cl)C2)sc1C(=O)O,0.9334276,0.841828941702842,0.2588,0.152682585828006,0.4732824427480916,0.152682585828006,0.1873854175209999,0.4938110749185668
CC(=O)NC1CCN(c2ccc(Cl)cc2Cl)C1,Nc1sc(C(=O)O)nc1C(=O)NC1CCN(c2ccc(Cl)cc2Cl)C1,0.8719894,0.840736982822418,0.2588,0.0811006831005215,0.4793174767321613,0.0811006831005215,0.0902464135549962,0.485785536159601
CC(=O)NC1CCN(c2ccc(Cl)cc2Cl)C1,O=C(CCN1CCN(c2cc(C(=O)O)c(O)cc2O)CC1)NC1CCN(c2ccc(Cl)cc2Cl)C1,0.83975154,0.840199297666549,0.2439,0.093107976950705,0.4543761638733706,0.093107976950705,0.1012542406097054,0.4849340866290019
CC(=O)NC1CCN(c2ccc(Cl)cc2Cl)C1,CC(Sc1snc(N)c1C(=O)O)C(=O)NC1CCN(c2ccc(Cl)cc2Cl)C1,0.81051856,0.839508809447288,0.2442,0.0889655495993793,0.4982060481804203,0.0889655495993793,0.0815043399226851,0.49751737835153925
CC(=O)NC1CCN(c2ccc(Cl)cc2Cl)C1,O=C(O)c1ncc(Cl)c(C(=O)NC2CCN(c3ccc(Cl)cc3Cl)C2)n1,0.87534165,0.838872030973434,0.25,0.0830172084271907,0.4688,0.0830172084271907,0.0935169601812958,0.47105423522242534
CC(=O)NC1CCN(c2ccc(Cl)cc2Cl)C1,CC(CNc1ccnc(C(=O)O)c1O)C(=O)NC1CCN(c2ccc(Cl)cc2Cl)C1,0.8517771,0.838398238420486,0.2083,0.113465386256575,0.47268262737876,0.113465386256575,0.1134607510641217,0.47268262737876
CC(=O)NC1CCN(c2ccc(Cl)cc2Cl)C1,O=C(O)CC(Sc1ccc(Cl)cc1Cl)C(=O)NC1CCN(c2ccc(Cl)cc2Cl)C1,0.84031487,0.83751871407032,0.2209,0.131104632187634,0.42157373632100054,0.131104632187634,0.1593690833542496,0.4368421052631579
CC(=O)NC1CCN(c2ccc(Cl)cc2Cl)C1,CC(Sc1cnc(N)c(C(=O)O)c1)C(=O)NC1CCN(c2ccc(Cl)cc2Cl)C1,0.81864065,0.837087601423263,0.25,0.0899635795503854,0.49204328453214513,0.0899635795503854,0.0885241012088954,0.4972239358420728
CC(=O)NC1CCN(c2ccc(Cl)cc2Cl)C1,CCNC(=O)OC(C(=O)NC1CCN(c2ccc(Cl)cc2Cl)C1)c1ccc(Cl)c(Cl)c1,0.9186071,0.837060745358467,0.2159,0.199331778660416,0.4674457429048414,0.199331778660416,0.19790706820786,0.48573027420257414
CC(=O)NC1CCN(c2ccc(Cl)cc2Cl)C1,CN(C)c1nc(C(=O)O)ccc1SCCC(=O)NC1CCN(c2ccc(Cl)cc2Cl)C1,0.8480483,0.83688290476799,0.2188,0.0558887508697807,0.4872057318321392,0.0558887508697807,0.0743028440047055,0.4982367758186398
CC(=O)NC1CCN(c2ccc(Cl)cc2Cl)C1,O=C(NC1CCN(c2ccc(Cl)cc2Cl)C1)c1ccnc(C(=O)O)c1Cl,0.90340054,0.836851332187652,0.25,0.0614797473419457,0.46796514607893386,0.0614797473419457,0.0741763637401163,0.4885898186073727
CC(=O)NC1CCN(c2ccc(Cl)cc2Cl)C1,Nc1ccc(NCC(O)C(=O)NC2CCN(c3ccc(Cl)cc3Cl)C2)nc1C(=O)O,0.9459264,0.836190388202667,0.25,0.154143725335598,0.4651639344262295,0.154143725335598,0.1404798902571201,0.48214285714285715
CC(=O)NC1CCN(c2ccc(Cl)cc2Cl)C1,O=C(CN1CCN(c2cccc(C(=O)O)c2Cl)CC1)NC1CCN(c2ccc(Cl)cc2Cl)C1,0.85480845,0.836026671528816,0.236,0.101485361717641,0.41312997347480107,0.101485361717641,0.1027616033330559,0.4658753709198813
CC(=O)NC1CCN(c2ccc(Cl)cc2Cl)C1,Cc1c(Cl)c(Cl)cc(C(=O)O)c1COC(C)C(=O)NC1CCN(c2ccc(Cl)cc2Cl)C1,0.8538637,0.835907819271087,0.2556,0.168020083010196,0.45919421487603307,0.168020083010196,0.1632954761385917,0.47055492638731594
CC(=O)NC1CCN(c2ccc(Cl)cc2Cl)C1,O=C(CNc1cc(Cl)c(Cl)cc1C(=O)O)NC1CCN(c2ccc(Cl)cc2Cl)C1,0.8631772,0.835413606166839,0.25,0.173564148321747,0.4244791666666667,0.173564148321747,0.1655023764818906,0.47435897435897434
CC(=O)NC1CCN(c2ccc(Cl)cc2Cl)C1,CSc1ncc(C(=O)NC2CCN(c3ccc(Cl)cc3Cl)C2)nc1C(=O)O,0.90487504,0.834735082387924,0.2472,0.0727705978788435,0.48142414860681115,0.0727705978788435,0.0736723210662603,0.4904426559356137
CC(=O)NC1CCN(c2ccc(Cl)cc2Cl)C1,O=C(NC1CCN(c2ccc(Cl)cc2Cl)C1)C1=NOC(c2nccs2)O1,0.87835526,0.833631184101104,0.2111,0.187101965397596,0.48992248062015503,0.187101965397596,0.1704407140612602,0.4988814317673378
CC(=O)NC1CCN(c2ccc(Cl)cc2Cl)C1,O=C(CCc1cc(Cl)c(Cl)c(C(=O)O)c1)NC1CCN(c2ccc(Cl)cc2Cl)C1,0.8949417,0.833600153923034,0.2442,0.134716496244072,0.42745608327911516,0.134716496244072,0.1378871664404869,0.46228373702422143
CC(=O)NC1CCN(c2ccc(Cl)cc2Cl)C1,O=C(CCc1c(F)cnc(C(=O)O)c1F)NC1CCN(c2ccc(Cl)cc2Cl)C1,0.853221,0.833199821710586,0.2556,0.0913440586999058,0.4821917808219178,0.0913440586999058,0.0982234200462699,0.48936170212765956
CC(=O)NC1CCN(c2ccc(Cl)cc2Cl)C1,NCC(Sc1ccc(C(=O)O)nc1O)C(=O)NC1CCN(c2ccc(Cl)cc2Cl)C1,0.9119919,0.833129884004592,0.234,0.111338086426258,0.4872057318321392,0.111338086426258,0.1165340419858694,0.4915445321307779
CC(=O)NC1CCN(c2ccc(Cl)cc2Cl)C1,O=C(CCSc1cccc(C(=O)O)c1Cl)NC1CCN(c2ccc(Cl)cc2Cl)C1,0.9236199,0.832718213796615,0.2333,0.0643443240318447,0.4365647364996747,0.0643443240318447,0.0809428541455417,0.4409583571021107
CC(=O)NC1CCN(c2ccc(Cl)cc2Cl)C1,O=C(O)c1nc(C(=O)NC2CCN(c3ccc(Cl)cc3Cl)C2)c(Br)cc1Br,0.8954303,0.830046771764755,0.2561,0.084139513131231,0.496415770609319,0.084139513131231,0.085356398159638,0.4984631147540984
CC(=O)NC1CCN(c2ccc(Cl)cc2Cl)C1,O=C(CNc1ccc(C(=O)O)c(Cl)c1Cl)NC1CCN(c2ccc(Cl)cc2Cl)C1,0.8730852,0.829994843006134,0.2471,0.110599050484597,0.40629095674967236,0.110599050484597,0.1151397590059787,0.4671641791044776
CC(=O)NC1CCN(c2ccc(Cl)cc2Cl)C1,O=C(O)CCNC(=O)OC(C(=O)NC1CCN(c2ccc(Cl)cc2Cl)C1)c1ccc(Cl)c(Cl)c1,0.9116019,0.829674063324928,0.2045,0.161275300756096,0.47917823431426987,0.161275300756096,0.1704080358147621,0.4983240223463687
CC(=O)NC1CCN(c2ccc(Cl)cc2Cl)C1,O=C(Cc1cc(Cl)c(Cl)c(C(=O)O)c1)NC1CCN(c2ccc(Cl)cc2Cl)C1,0.86144835,0.828887691497802,0.253,0.116022148542106,0.4339305711086226,0.116022148542106,0.1252521435730159,0.45770804911323326
CC(=O)NC1CCN(c2ccc(Cl)cc2Cl)C1,CCC(Sc1cc(O)c(C(=O)O)cn1)C(=O)NC1CCN(c2ccc(Cl)cc2Cl)C1,0.8221707,0.826534729003906,0.234,0.0791852342896163,0.4952681388012618,0.0791852342896163,0.0879307658411562,0.4984728161270617
CC(=O)NC1CCN(c2ccc(Cl)cc2Cl)C1,CCC(Sc1ncc(N)c(C(=O)O)n1)C(=O)NC1CCN(c2ccc(Cl)cc2Cl)C1,0.8811381,0.826335071027278,0.2268,0.106204787036404,0.4702534919813761,0.106204787036404,0.1129522033967077,0.484251968503937
CC(=O)NC1CCN(c2ccc(Cl)cc2Cl)C1,O=C(CCOc1ccc(Cl)c(C(=O)O)n1)NC1CCN(c2ccc(Cl)cc2Cl)C1,0.87279236,0.826138821244239,0.2333,0.124226626008749,0.45495495495495497,0.124226626008749,0.1248647317290306,0.4642045454545455
CC(=O)NC1CCN(c2ccc(Cl)cc2Cl)C1,O=C(O)CC(Sc1cc(Cl)ccc1Cl)C(=O)NC1CCN(c2ccc(Cl)cc2Cl)C1,0.80409986,0.82586624443531,0.2184,0.141905731987208,0.4298382889932186,0.141905731987208,0.1712066253414377,0.4386459802538787
CC(=O)NC1CCN(c2ccc(Cl)cc2Cl)C1,CC(OC(=O)Nc1ncc(C(=O)O)s1)C(=O)NC1CCN(c2ccc(Cl)cc2Cl)C1,0.83503866,0.824957444667816,0.2062,0.149878095835447,0.4576837416481069,0.149878095835447,0.1438237147405743,0.4766666666666667
CC(=O)NC1CCN(c2ccc(Cl)cc2Cl)C1,CC(Sc1ccc(C(=O)O)nc1O)C(=O)NC1CCN(c2ccc(Cl)cc2Cl)C1,0.8545223,0.824824508428573,0.2283,0.0799495344981551,0.4797539723218862,0.0799495344981551,0.0852453724946826,0.48334274421230944
CC(=O)NC1CCN(c2ccc(Cl)cc2Cl)C1,CCC(Sc1cnc(C(=O)O)c(O)n1)C(=O)NC1CCN(c2ccc(Cl)cc2Cl)C1,0.90715635,0.823957777023315,0.2292,0.0668116776738315,0.4891304347826087,0.0668116776738315,0.0735801718197763,0.4915338645418327
CC(=O)NC1CCN(c2ccc(Cl)cc2Cl)C1,CCC(Sc1cncnc1C(=O)O)C(=O)NC1CCN(c2ccc(Cl)cc2Cl)C1,0.8496654,0.823822019696235,0.2083,0.0506276345346123,0.46372767857142855,0.0506276345346123,0.0676229461096227,0.46596858638743455
CC(=O)NC1CCN(c2ccc(Cl)cc2Cl)C1,CC(Oc1ccc(O)c(C(=O)O)n1)C(=O)NC1CCN(c2ccc(Cl)cc2Cl)C1,0.91116035,0.823676295280456,0.2283,0.086217301338911,0.47955010224948874,0.086217301338911,0.0849772091023624,0.4947600661886376
CC(=O)NC1CCN(c2ccc(Cl)cc2Cl)C1,O=C(NC1CCN(c2ccc(Cl)cc2Cl)C1)C1=NOC(=CBr)O1,0.8502081,0.823647857308387,0.2022,0.179890474677085,0.39759665621734586,0.179890474677085,0.1812965533696115,0.44950055493895674
CC(=O)NC1CCN(c2ccc(Cl)cc2Cl)C1,O=C(CC(O)c1ccc(Cl)c(C(=O)O)n1)NC1CCN(c2ccc(Cl)cc2Cl)C1,0.85971,0.823122830986976,0.25,0.0873533816076815,0.4854111405835544,0.0873533816076815,0.0860486830584705,0.493
CC(=O)NC1CCN(c2ccc(Cl)cc2Cl)C1,CN(CCC(=O)O)C(Cn1ccc(=O)c(F)c1)C(=O)NC1CCN(c2ccc(Cl)cc2Cl)C1,0.8237562,0.822621771693229,0.2526,0.187265943363308,0.4616870573084353,0.187265943363308,0.1939685720950365,0.4656419529837251
CC(=O)NC1CCN(c2ccc(Cl)cc2Cl)C1,CCC(Nc1ncc(C(=O)O)s1)C(=O)NC1CCN(c2ccc(Cl)cc2Cl)C1,0.8082182,0.822112962603569,0.2105,0.154449304938316,0.43836440168370416,0.154449304938316,0.1584829735569655,0.47364672364672367
CC(=O)NC1CCN(c2ccc(Cl)cc2Cl)C1,O=C(NC1CCN(c2ccc(Cl)cc2Cl)C1)C1=NOC(=C2C=N2)O1,0.83502775,0.821926436424255,0.2159,0.162892836332321,0.45141388174807195,0.162892836332321,0.1618181197438389,0.4627959413754228
CC(=O)NC1CCN(c2ccc(Cl)cc2Cl)C1,O=C(O)c1ccc(Cl)c(C(=O)NC2CCN(c3ccc(Cl)cc3Cl)C2)n1,0.8960785,0.821796042919159,0.2561,0.0779474008828401,0.4866989117291415,0.0779474008828401,0.0858942551538348,0.4903914590747331
CC(=O)NC1CCN(c2ccc(Cl)cc2Cl)C1,O=C(Cc1cc(O)c(O)c(C(=O)O)n1)NC1CCN(c2ccc(Cl)cc2Cl)C1,0.8441606,0.821478675603866,0.2558,0.114609262626618,0.488499452354874,0.114609262626618,0.106834346614778,0.4940119760479042
CC(=O)NC1CCN(c2ccc(Cl)cc2Cl)C1,O=C(CNc1cc(C(=O)O)ncc1Cl)NC1CCN(c2ccc(Cl)cc2Cl)C1,0.8495155,0.821315504312515,0.2353,0.0997478073462843,0.4376640419947507,0.0997478073462843,0.0980760669801384,0.4478041756659467
CC(=O)NC1CCN(c2ccc(Cl)cc2Cl)C1,O=C(CN1CCN(c2cc(C(=O)O)c(O)cc2O)CC1)NC1CCN(c2ccc(Cl)cc2Cl)C1,0.8013187,0.821099551916122,0.236,0.0910254552960395,0.44870210135970334,0.0910254552960395,0.0974424038082361,0.4872761545711593
CC(=O)NC1CCN(c2ccc(Cl)cc2Cl)C1,CC(CSc1ncc(C(=O)O)cc1Cl)C(=O)NC1CCN(c2ccc(Cl)cc2Cl)C1,0.8170717,0.821008723974227,0.2234,0.135887536779046,0.47743165924984104,0.135887536779046,0.1297966932877898,0.48672019765287217
CC(=O)NC1CCN(c2ccc(Cl)cc2Cl)C1,O=C(O)c1ccccc1N1CCN(C(CO)C(=O)NC2CCN(c3ccc(Cl)cc3Cl)C2)CC1,0.8592701,0.820929991006851,0.2561,0.09527537394315,0.4269081500646831,0.09527537394315,0.096857092436403,0.4856870229007634
CC(=O)NC1CCN(c2ccc(Cl)cc2Cl)C1,CSC(C(=O)NC1CCN(c2ccc(Cl)cc2Cl)C1)N1CCN(c2ccccc2C(=O)O)CC1,0.85688335,0.820770508646965,0.2683,0.0870194043964147,0.4435190005205622,0.0870194043964147,0.0908802611753344,0.4736238532110092
CC(=O)NC1CCN(c2ccc(Cl)cc2Cl)C1,NCC(Sc1ccc(C(=O)O)nc1)C(=O)NC1CCN(c2ccc(Cl)cc2Cl)C1,0.93495405,0.820496933460235,0.2234,0.0790403793565928,0.44294871794871793,0.0790403793565928,0.0978374068625271,0.4505431675242996
CC(=O)NC1CCN(c2ccc(Cl)cc2Cl)C1,NCC(Sc1ccc(C(=O)O)cc1Cl)C(=O)NC1CCN(c2ccc(Cl)cc2Cl)C1,0.8056083,0.81997608423233,0.2262,0.135680960863828,0.4425806451612903,0.135680960863828,0.1424752170220017,0.4519774011299435
CC(=O)NC1CCN(c2ccc(Cl)cc2Cl)C1,Cc1nc(C(=O)NC2CCN(c3ccc(Cl)cc3Cl)C2)cc(C(=O)O)c1Cl,0.9026968,0.81912426829338,0.2738,0.0697231869213283,0.4946236559139785,0.0697231869213283,0.0807457190472632,0.49600798403193613
CC(=O)NC1CCN(c2ccc(Cl)cc2Cl)C1,Cc1c(O)c(C(=O)O)cc(C(=O)NC2CCN(c3ccc(Cl)cc3Cl)C2)c1O,0.9224295,0.818867844343185,0.2911,0.0900724176317453,0.45089285714285715,0.0900724176317453,0.0962289305403828,0.4848966613672496
CC(=O)NC1CCN(c2ccc(Cl)cc2Cl)C1,O=C(O)c1sc(C(=O)NC2CCN(c3ccc(Cl)cc3Cl)C2)c(Cl)c1Cl,0.82560384,0.818844602108001,0.2375,0.105681791622191,0.4895247828308636,0.105681791622191,0.116985326167196,0.49485066941297634
CC(=O)NC1CCN(c2ccc(Cl)cc2Cl)C1,O=C(O)c1ncnc(C(=O)NC2CCN(c3ccc(Cl)cc3Cl)C2)c1Br,0.8942898,0.818438875675201,0.2353,0.0668505656067282,0.4661016949152542,0.0668505656067282,0.0798709041904658,0.47258225324027914
CC(=O)NC1CCN(c2ccc(Cl)cc2Cl)C1,Cc1ccc(N2CCN(C(CO)C(=O)NC3CCN(c4ccc(Cl)cc4Cl)C3)CC2)cc1C(=O)O,0.8268613,0.81806114912033,0.25,0.0952905215322971,0.4338098197638285,0.0952905215322971,0.0988745192065835,0.49423076923076925
CC(=O)NC1CCN(c2ccc(Cl)cc2Cl)C1,O=C(O)c1nc(OCC(O)C(=O)NC2CCN(c3ccc(Cl)cc3Cl)C2)ccc1Cl,0.9186579,0.817541130781173,0.2289,0.136838630773127,0.48513740886146944,0.136838630773127,0.1335058750584721,0.49293386093838326
CC(=O)NC1CCN(c2ccc(Cl)cc2Cl)C1,CCC(Sc1cnc(C(=O)O)nc1)C(=O)NC1CCN(c2ccc(Cl)cc2Cl)C1,0.8538453,0.817449166178703,0.2174,0.0561663162428885,0.41388343156516044,0.0561663162428885,0.0749130526557564,0.46808510638297873
CC(=O)NC1CCN(c2ccc(Cl)cc2Cl)C1,O=C1CC(C(=O)NC2CCN(c3ccc(Cl)cc3Cl)C2)SC=C1N1CCOCC1,0.8905403,0.816861287355423,0.3086,0.154608512111008,0.49144254278728605,0.154608512111008,0.191587958112359,0.4958494742667405
CC(=O)NC1CCN(c2ccc(Cl)cc2Cl)C1,O=C(NC1CCN(c2ccc(Cl)cc2Cl)C1)c1ccc(F)c(C(=O)O)n1,0.90082777,0.816224567890167,0.2963,0.0545673096552491,0.4879372738238842,0.0545673096552491,0.0695717242546379,0.48688224527150703
CC(=O)NC1CCN(c2ccc(Cl)cc2Cl)C1,CC(OC(=O)c1ccc(Cl)c(C(=O)O)n1)C(=O)NC1CCN(c2ccc(Cl)cc2Cl)C1,0.8164365,0.816140469312667,0.2283,0.0888069228269159,0.4723360655737705,0.0888069228269159,0.0882069886662066,0.48812810601877415
CC(=O)NC1CCN(c2ccc(Cl)cc2Cl)C1,O=C(NC1CCN(c2ccc(Cl)cc2Cl)C1)c1ccnc(C(=O)O)c1Br,0.87993616,0.815793004035949,0.2442,0.06514966734685,0.4657464212678937,0.06514966734685,0.0714368862565606,0.47635814889336014
CC(=O)NC1CCN(c2ccc(Cl)cc2Cl)C1,O=C(CNc1nnc(C(=O)O)s1)NC1CCN(c2ccc(Cl)cc2Cl)C1,0.8179153,0.81549757361412,0.2273,0.0802752130199223,0.39709983268265475,0.0802752130199223,0.0880134650331456,0.4487320837927233
CC(=O)NC1CCN(c2ccc(Cl)cc2Cl)C1,NCC(CSc1ncccc1C(=O)O)C(=O)NC1CCN(c2ccc(Cl)cc2Cl)C1,0.87983286,0.81544078528881,0.2553,0.0853051626123488,0.48848484848484847,0.0853051626123488,0.0953558477573096,0.48848484848484847
CC(=O)NC1CCN(c2ccc(Cl)cc2Cl)C1,O=C(NC1CCN(c2ccc(Cl)cc2Cl)C1)c1cc(O)c(Br)c(C(=O)O)c1Br,0.8739842,0.814893960952758,0.25,0.193488748185336,0.4872448979591837,0.193488748185336,0.1530983492732048,0.4924924924924925
CC(=O)NC1CCN(c2ccc(Cl)cc2Cl)C1,CC(Sc1ncccc1C(=O)O)C(=O)NC1CCN(c2ccc(Cl)cc2Cl)C1,0.8130578,0.814578893184661,0.2556,0.0714019922539591,0.4822396146899458,0.0714019922539591,0.0814853981137275,0.4822396146899458
CC(=O)NC1CCN(c2ccc(Cl)cc2Cl)C1,O=C(NC1CCN(c2ccc(Cl)cc2Cl)C1)c1ccnc(C(=O)O)c1O,0.8897694,0.814575313329696,0.2471,0.0638624312356114,0.4791666666666667,0.0638624312356114,0.0754935485776513,0.4855144855144855
CC(=O)NC1CCN(c2ccc(Cl)cc2Cl)C1,O=C(O)c1ccnc(C(=O)NC2CCN(c3ccc(Cl)cc3Cl)C2)c1Cl,0.8578512,0.81385406255722,0.2651,0.0520215025637298,0.4913329348475792,0.0520215025637298,0.0662288004066795,0.4965156794425087
CC(=O)NC1CCN(c2ccc(Cl)cc2Cl)C1,CC(C(=O)NC1CCN(c2ccc(Cl)cc2Cl)C1)N1CCN(c2cc(Cl)ccc2C(=O)O)CC1,0.800734,0.813574196100235,0.2442,0.131005330011248,0.4253393665158371,0.131005330011248,0.1280043471604585,0.4904214559386973
CC(=O)NC1CCN(c2ccc(Cl)cc2Cl)C1,NC(Cc1ccc(Cl)c(C(=O)O)c1)C(=O)NC1CCN(c2ccc(Cl)cc2Cl)C1,0.8409538,0.813514778614044,0.2529,0.157688530907034,0.44595821980018163,0.157688530907034,0.1675855785608291,0.49044585987261147
CC(=O)NC1CCN(c2ccc(Cl)cc2Cl)C1,O=C(CSc1ccc(Cl)c(C(=O)O)n1)NC1CCN(c2ccc(Cl)cc2Cl)C1,0.9251485,0.813346147537231,0.2386,0.0853509314358234,0.45286885245901637,0.0853509314358234,0.0797199357300996,0.4622093023255814
CC(=O)NC1CCN(c2ccc(Cl)cc2Cl)C1,O=C(NC1CCN(c2ccc(Cl)cc2Cl)C1)c1ccc(Br)c(C(=O)O)n1,0.91711605,0.813242596387863,0.25,0.0651541057042777,0.48062953995157387,0.0651541057042777,0.0745052435901016,0.48642857142857143
CC(=O)NC1CCN(c2ccc(Cl)cc2Cl)C1,O=C(O)c1cc(CC(O)C(=O)NC2CCN(c3ccc(Cl)cc3Cl)C2)cc(Cl)c1O,0.8822613,0.812558288574218,0.2386,0.135241029597818,0.4787709497206704,0.135241029597818,0.1445320958271622,0.4859625668449198
CC(=O)NC1CCN(c2ccc(Cl)cc2Cl)C1,NCC(CSc1cnccc1C(=O)O)C(=O)NC1CCN(c2ccc(Cl)cc2Cl)C1,0.93693525,0.812164942026138,0.2421,0.0650739057920873,0.43659621802002224,0.0650739057920873,0.0770518795121461,0.45161290322580644
CC(=O)NC1CCN(c2ccc(Cl)cc2Cl)C1,O=C(NC1CCN(c2ccc(Cl)cc2Cl)C1)c1ccnc(C(=O)O)c1F,0.8718475,0.811899135112762,0.2771,0.0498779106419533,0.47772657450076805,0.0498779106419533,0.0641377996187657,0.48776834747878184
CC(=O)NC1CCN(c2ccc(Cl)cc2Cl)C1,Cc1cc(C)c(SC(CC(=O)O)C(=O)NC2CCN(c3ccc(Cl)cc3Cl)C2)c(C)c1Cl,0.82678163,0.811524307727813,0.2444,0.140213249064981,0.4722222222222222,0.140213249064981,0.1569861774798482,0.4803098773402195
CC(=O)NC1CCN(c2ccc(Cl)cc2Cl)C1,Cc1c(Cl)c(C(=O)O)nn1CCC(=O)NC1CCN(c2ccc(Cl)cc2Cl)C1,0.89636004,0.811290507316589,0.2247,0.0941106306388974,0.47121752419765667,0.0941106306388974,0.0953054397366941,0.48825503355704697
CC(=O)NC1CCN(c2ccc(Cl)cc2Cl)C1,CNc1nc(C(=O)NC2CCN(c3ccc(Cl)cc3Cl)C2)cnc1C(=O)O,0.8866277,0.811077360510826,0.2529,0.131720031052827,0.4712820512820513,0.131720031052827,0.1180266130715608,0.49750534568781185
CC(=O)NC1CCN(c2ccc(Cl)cc2Cl)C1,Nc1ncc(SCCC(=O)NC2CCN(c3ccc(Cl)cc3Cl)C2)cc1C(=O)O,0.8578592,0.810988259911537,0.25,0.075676404684782,0.4824675324675325,0.075676404684782,0.0880172482691705,0.48719632304661853
CC(=O)NC1CCN(c2ccc(Cl)cc2Cl)C1,O=C(O)c1cc(C(O)C(=O)NC2CCN(c3ccc(Cl)cc3Cl)C2)cc(Cl)c1Cl,0.8598871,0.810886987447738,0.2471,0.103191732615232,0.4810055865921788,0.103191732615232,0.1136228231247514,0.49
CC(=O)NC1CCN(c2ccc(Cl)cc2Cl)C1,O=C(CCCc1cc(O)c(Cl)c(C(=O)O)n1)NC1CCN(c2ccc(Cl)cc2Cl)C1,0.9419392,0.810767728686332,0.2283,0.0812729652971029,0.48056923918992883,0.0812729652971029,0.0860981513746082,0.4897551224387806
CC(=O)NC1CCN(c2ccc(Cl)cc2Cl)C1,NC(=O)c1nc(C(=O)NC2CCN(c3ccc(Cl)cc3Cl)C2)c(Cl)cc1Cl,0.8988852,0.81037036716938,0.2439,0.189883094280958,0.4620522161505768,0.189883094280958,0.180732811242342,0.46872753414809487
CC(=O)NC1CCN(c2ccc(Cl)cc2Cl)C1,O=C(NC1CCN(c2ccc(Cl)cc2Cl)C1)C1=NOC(C=CCl)O1,0.8284011,0.810149025917053,0.2118,0.184002128988504,0.4105098855359001,0.184002128988504,0.1813836116343736,0.43683083511777304
CC(=O)NC1CCN(c2ccc(Cl)cc2Cl)C1,O=C(O)c1nnc(C(=O)NC2CCN(c3ccc(Cl)cc3Cl)C2)s1,0.8931175,0.810144796967506,0.2456,0.0777041237335652,0.41161290322580646,0.0777041237335652,0.1176392862282227,0.41922825376062783
CC(=O)NC1CCN(c2ccc(Cl)cc2Cl)C1,Nc1nc(SCC(=O)NC2CCN(c3ccc(Cl)cc3Cl)C2)nc(C(=O)O)c1Cl,0.89800173,0.810035271644592,0.2418,0.120064551662653,0.48965873836608065,0.120064551662653,0.0996269591152668,0.4956162970603404
CC(=O)NC1CCN(c2ccc(Cl)cc2Cl)C1,Nc1c(C(=O)NC2CCN(c3ccc(Cl)cc3Cl)C2)nnc(Cl)c1Cl,0.81143975,0.809906908273696,0.2235,0.175855186581611,0.4853771164699846,0.175855186581611,0.1953070099465549,0.48656716417910445
CC(=O)NC1CCN(c2ccc(Cl)cc2Cl)C1,O=C(NC1CCN(c2ccc(Cl)cc2Cl)C1)C(Cc1ccc(Cl)c(Cl)c1)n1cnnc1,0.91011006,0.809569681286811,0.2069,0.167748825624585,0.4488791689447786,0.167748825624585,0.1786469873040914,0.4605171208944794
CC(=O)NC1CCN(c2ccc(Cl)cc2Cl)C1,O=C(O)CCC(SCC(=O)NC1CCN(c2ccc(Cl)cc2Cl)C1)c1ccc(Cl)c(Cl)c1,0.89064646,0.809507748484611,0.1977,0.15397972036153,0.4235717961914565,0.15397972036153,0.1578617027029395,0.44368600682593856
CC(=O)NC1CCN(c2ccc(Cl)cc2Cl)C1,O=C(CN1CCN(c2cccnc2C(=O)O)CC1)NC1CCN(c2ccc(Cl)cc2Cl)C1,0.80870265,0.80944498360157,0.2198,0.07990937018767,0.43253012048192774,0.07990937018767,0.07932884786278,0.48977777777777776
CC(=O)NC1CCN(c2ccc(Cl)cc2Cl)C1,Nc1c(C(=O)O)ncnc1C(=O)NC1CCN(c2ccc(Cl)cc2Cl)C1,0.8588602,0.809442220926284,0.253,0.0833908809814602,0.46865037194473963,0.0833908809814602,0.0877738456241786,0.4714285714285714
CC(=O)NC1CCN(c2ccc(Cl)cc2Cl)C1,CC(OC(=O)NCc1ccc(N(C)C)c(F)c1)C(=O)NC1CCN(c2ccc(Cl)cc2Cl)C1,0.85772413,0.809166226387024,0.2366,0.190666593983769,0.48717948717948717,0.190666593983769,0.1896963831037283,0.48717948717948717
CC(=O)NC1CCN(c2ccc(Cl)cc2Cl)C1,CC(OC(=O)NCCc1ccc(Cl)cc1Cl)C(=O)NC1CCN(c2ccc(Cl)cc2Cl)C1,0.8924048,0.809049853682518,0.2184,0.173003919050097,0.43646408839779005,0.173003919050097,0.1692730519920587,0.45434047350620066
CC(=O)NC1CCN(c2ccc(Cl)cc2Cl)C1,O=C(CCC(Sc1ccc(Cl)cc1Cl)C(=O)O)NC1CCN(c2ccc(Cl)cc2Cl)C1,0.86117214,0.808663915991783,0.2063,0.164577111601829,0.4088541666666667,0.164577111601829,0.1735526558943093,0.44933920704845814
CC(=O)NC1CCN(c2ccc(Cl)cc2Cl)C1,O=C(O)c1ncnc(C(=O)NC2CCN(c3ccc(Cl)cc3Cl)C2)c1F,0.88727945,0.808614659309387,0.2651,0.0546477784868329,0.4686836518046709,0.0546477784868329,0.0699027557857334,0.47502497502497504
CC(=O)NC1CCN(c2ccc(Cl)cc2Cl)C1,CSc1sc(N)nc1C(=O)NC1CCN(c2ccc(Cl)cc2Cl)C1,0.89884216,0.808495761156082,0.2353,0.198712354153394,0.4567774936061381,0.198712354153394,0.1782567594200372,0.4680968096809681
CC(=O)NC1CCN(c2ccc(Cl)cc2Cl)C1,CC(Oc1cc(Cl)c(Cl)cc1C(=O)O)C(=O)NC1CCN(c2ccc(Cl)cc2Cl)C1,0.8525004,0.808165864944458,0.2442,0.116583672538399,0.48049921996879874,0.116583672538399,0.1222736438736319,0.49927113702623904
CC(=O)NC1CCN(c2ccc(Cl)cc2Cl)C1,CC(Sc1ccc(C(=O)O)nc1)C(=O)NC1CCN(c2ccc(Cl)cc2Cl)C1,0.84676725,0.807985750436782,0.2209,0.0559484924189746,0.437137330754352,0.0559484924189746,0.0690421323291957,0.44126074498567336
CC(=O)NC1CCN(c2ccc(Cl)cc2Cl)C1,NCC(Sc1nonc1C(=O)O)C(=O)NC1CCN(c2ccc(Cl)cc2Cl)C1,0.91245675,0.80798555612564,0.2366,0.0705871594138443,0.46010362694300516,0.0705871594138443,0.0870879228617468,0.46647230320699706
CC(=O)NC1CCN(c2ccc(Cl)cc2Cl)C1,O=C(COC(=O)NCCc1ccc(Cl)c(Cl)c1)NC1CCN(c2ccc(Cl)cc2Cl)C1,0.8651402,0.807594164609909,0.2184,0.184812928549945,0.4194156456173421,0.184812928549945,0.197117730975151,0.46445497630331756
CC(=O)NC1CCN(c2ccc(Cl)cc2Cl)C1,O=C(O)CC(Cc1ccc(Cl)c(Cl)c1)SCC(=O)NC1CCN(c2ccc(Cl)cc2Cl)C1,0.87697655,0.807396363019943,0.2059,0.12395129892975,0.41557762676424465,0.12395129892975,0.1516323808580637,0.44756756756756755
CC(=O)NC1CCN(c2ccc(Cl)cc2Cl)C1,CSC(CCn1cnc(C(=O)O)c1)C(=O)NC1CCN(c2ccc(Cl)cc2Cl)C1,0.87925375,0.807309383153915,0.2211,0.0456207363400608,0.4587628865979381,0.0456207363400608,0.0595734421163797,0.469630557294928
CC(=O)NC1CCN(c2ccc(Cl)cc2Cl)C1,O=C(O)c1cc(Cl)c(Cl)c(C(=O)NC2CCN(c3ccc(Cl)cc3Cl)C2)c1,0.8836308,0.807223137617111,0.2593,0.131387486867606,0.4460390355912744,0.131387486867606,0.1313584933057427,0.4668639053254438
CC(=O)NC1CCN(c2ccc(Cl)cc2Cl)C1,CC(Sc1ccncc1C(=O)O)C(=O)NC1CCN(c2ccc(Cl)cc2Cl)C1,0.8415166,0.807193987369537,0.2444,0.0748607126064598,0.46284224250325945,0.0748607126064598,0.0803973065223544,0.466403162055336
CC(=O)NC1CCN(c2ccc(Cl)cc2Cl)C1,CC(OCc1ccc(Cl)c(C(=O)O)n1)C(=O)NC1CCN(c2ccc(Cl)cc2Cl)C1,0.84913325,0.80676932811737,0.2258,0.0711503469385206,0.4530950861518826,0.0711503469385206,0.0791981254704296,0.46647230320699706
CC(=O)NC1CCN(c2ccc(Cl)cc2Cl)C1,O=C(O)CNC(=O)OC(C(=O)NC1CCN(c2ccc(Cl)cc2Cl)C1)c1ccc(F)c(Cl)c1,0.93538547,0.806337941884994,0.236,0.137624005414545,0.4807692307692308,0.137624005414545,0.1501401454210281,0.4997208263539922
CC(=O)NC1CCN(c2ccc(Cl)cc2Cl)C1,O=C(O)CSC(Cc1ccc(Cl)c(Cl)c1)C(=O)NC1CCN(c2ccc(Cl)cc2Cl)C1,0.88738185,0.80616235256195,0.2045,0.168040484376251,0.42833146696528557,0.168040484376251,0.1982742749154567,0.45080251221214235
CC(=O)NC1CCN(c2ccc(Cl)cc2Cl)C1,O=C(O)c1cc(C(=O)NC2CCN(c3ccc(Cl)cc3Cl)C2)c(Cl)cc1Cl,0.87641114,0.806127487421035,0.2692,0.0914021692238748,0.4322916666666667,0.0914021692238748,0.1042403353378176,0.45546921697549314
CC(=O)NC1CCN(c2ccc(Cl)cc2Cl)C1,Cc1nc(C(=O)O)cc(C(=O)NC2CCN(c3ccc(Cl)cc3Cl)C2)c1Cl,0.8837184,0.805639334917068,0.2588,0.0839623486623168,0.47971491228070173,0.0839623486623168,0.0902821856550872,0.49249870667356443
CC(=O)NC1CCN(c2ccc(Cl)cc2Cl)C1,CC(Cc1nc(N)sc1C(=O)O)C(=O)NC1CCN(c2ccc(Cl)cc2Cl)C1,0.8237858,0.805026873946189,0.2366,0.184406167455017,0.4692622950819672,0.184406167455017,0.1974425438791513,0.47964796479647964
CC(=O)NC1CCN(c2ccc(Cl)cc2Cl)C1,O=C(O)c1cc(CC(O)C(=O)NC2CCN(c3ccc(Cl)cc3Cl)C2)cc(C(=O)O)c1Cl,0.8719808,0.805008691549301,0.2471,0.0834873601794242,0.43830262423227245,0.0834873601794242,0.0968717992305755,0.4861878453038674
CC(=O)NC1CCN(c2ccc(Cl)cc2Cl)C1,O=C(CN1CCN(c2ccc(C(=O)O)nc2O)CC1)NC1CCN(c2ccc(Cl)cc2Cl)C1,0.84099877,0.804892970323562,0.2333,0.0954773729667067,0.44723360655737704,0.0954773729667067,0.0912743532098829,0.49176062445793584
CC(=O)NC1CCN(c2ccc(Cl)cc2Cl)C1,NCC(Sc1ncccc1C(=O)O)C(=O)NC1CCN(c2ccc(Cl)cc2Cl)C1,0.845515,0.804796879291534,0.2609,0.0971897482872009,0.4912912912912913,0.0971897482872009,0.1046207583509385,0.4912912912912913
CC(=O)NC1CCN(c2ccc(Cl)cc2Cl)C1,CSc1cc(NCC(=O)NC2CCN(c3ccc(Cl)cc3Cl)C2)c(C(=O)O)cc1Cl,0.85314125,0.804641320109367,0.2333,0.134667355567216,0.4511819116135663,0.134667355567216,0.1313740458339452,0.48825214899713465
CC(=O)NC1CCN(c2ccc(Cl)cc2Cl)C1,O=C(O)c1nc(NCC(O)C(=O)NC2CCN(c3ccc(Cl)cc3Cl)C2)ccc1O,0.9235253,0.804046942591667,0.2391,0.129187075607478,0.4761643835616438,0.129187075607478,0.1288521062582731,0.4869318181818182
CC(=O)NC1CCN(c2ccc(Cl)cc2Cl)C1,CC(Sc1ncoc1C(=O)O)C(=O)NC1CCN(c2ccc(Cl)cc2Cl)C1,0.8371832,0.803806594014167,0.2418,0.0612219098489731,0.443817342226783,0.0612219098489731,0.0739397917874157,0.4566058595909342
CC(=O)NC1CCN(c2ccc(Cl)cc2Cl)C1,NCC(Sc1ccc(C(=O)O)c(Cl)c1)C(=O)NC1CCN(c2ccc(Cl)cc2Cl)C1,0.92997044,0.803666435480117,0.2444,0.0876218874938786,0.4370561652679148,0.0876218874938786,0.1056747902184724,0.4500354358610914
CC(=O)NC1CCN(c2ccc(Cl)cc2Cl)C1,CSC(Cc1ccc(C(=O)O)c(Cl)c1)C(=O)NC1CCN(c2ccc(Cl)cc2Cl)C1,0.9172515,0.803642584681511,0.2333,0.0772610644809901,0.43970835670218733,0.0772610644809901,0.0951513331849128,0.4493927125506073
CC(=O)NC1CCN(c2ccc(Cl)cc2Cl)C1,NC(CSc1ccc(C(F)(F)F)cc1C(=O)O)C(=O)NC1CCN(c2ccc(Cl)cc2Cl)C1,0.8811915,0.803378067016601,0.2447,0.16334165520966,0.4596401028277635,0.16334165520966,0.18201819434762,0.468503937007874
CC(=O)NC1CCN(c2ccc(Cl)cc2Cl)C1,O=C(Cc1cc(Cl)c(Cl)cc1C(=O)O)NC1CCN(c2ccc(Cl)cc2Cl)C1,0.87838763,0.803234767317771,0.2593,0.146414102241396,0.4381877022653722,0.146414102241396,0.1430840797722339,0.46264196054991036
CC(=O)NC1CCN(c2ccc(Cl)cc2Cl)C1,CC(OC(=O)NCc1ccc(Cl)cc1Cl)C(=O)NC1CCN(c2ccc(Cl)cc2Cl)C1,0.8486227,0.803232507705688,0.2235,0.172355822287499,0.43795620437956206,0.172355822287499,0.1707160778343677,0.4559643255295429
CC(=O)NC1CCN(c2ccc(Cl)cc2Cl)C1,Nc1cc(C(=O)O)nc(C(=O)NC2CCN(c3ccc(Cl)cc3Cl)C2)c1,0.8981075,0.802772504687309,0.2683,0.0746853852644562,0.46439440048691416,0.0746853852644562,0.0851004072465002,0.4811320754716981
CC(=O)NC1CCN(c2ccc(Cl)cc2Cl)C1,CC(Cc1ccc(N)c(C(=O)O)n1)C(=O)NC1CCN(c2ccc(Cl)cc2Cl)C1,0.88295776,0.802584685087203,0.2391,0.119767088815569,0.4713337356668678,0.119767088815569,0.1067487809807062,0.4788732394366197
CC(=O)NC1CCN(c2ccc(Cl)cc2Cl)C1,CC(Sc1cnccc1C(=O)O)C(=O)NC1CCN(c2ccc(Cl)cc2Cl)C1,0.9002438,0.802356388568878,0.2444,0.0492639087606221,0.4446577095329495,0.0492639087606221,0.0623968767235055,0.4512676056338028
CC(=O)NC1CCN(c2ccc(Cl)cc2Cl)C1,O=C(COC(=O)Nc1nnc(C(=O)O)s1)NC1CCN(c2ccc(Cl)cc2Cl)C1,0.8413885,0.802353982925415,0.2239,0.0662939570378512,0.43478260869565216,0.0662939570378512,0.0757967124169226,0.45408163265306123
CC(=O)NC1CCN(c2ccc(Cl)cc2Cl)C1,O=C(CN(c1ccc(Cl)c(Cl)c1)c1ccccc1C(=O)O)NC1CCN(c2ccc(Cl)cc2Cl)C1,0.8676614,0.802277172803878,0.2283,0.149810977652668,0.4596825396825397,0.149810977652668,0.1584285480901598,0.4810413129598189
CC(=O)NC1CCN(c2ccc(Cl)cc2Cl)C1,NCC(Sc1cccc(C(=O)O)n1)C(=O)NC1CCN(c2ccc(Cl)cc2Cl)C1,0.92363465,0.802040684223175,0.2366,0.0959668642841279,0.4459805427547363,0.0959668642841279,0.1000259642489254,0.45810363836824697
CC(=O)NC1CCN(c2ccc(Cl)cc2Cl)C1,CSc1sc(C(=O)NC2CCN(c3ccc(Cl)cc3Cl)C2)nc1Cl,0.86717105,0.801856285333633,0.2262,0.17904420569539,0.4467758444216991,0.17904420569539,0.1832209957996383,0.4598301763553233
CC(=O)NC1CCN(c2ccc(Cl)cc2Cl)C1,O=C(O)c1ccc(C(Nc2cccc(Cl)c2Cl)C(=O)NC2CCN(c3ccc(Cl)cc3Cl)C2)cc1,0.925522,0.801239850521087,0.2381,0.144404955953359,0.46563573883161513,0.144404955953359,0.1502569932490587,0.4927032661570535
CC(=O)NC1CCN(c2ccc(Cl)cc2Cl)C1,O=C(O)c1ncc(F)c(C(=O)NC2CCN(c3ccc(Cl)cc3Cl)C2)n1,0.90428275,0.801128118038177,0.2857,0.0626494468189775,0.4733759318423855,0.0626494468189775,0.0769081443548202,0.4834963325183374
CC(=O)NC1CCN(c2ccc(Cl)cc2Cl)C1,O=C(CCN1CCN(c2c(F)cccc2C(=O)O)CC1)NC1CCN(c2ccc(Cl)cc2Cl)C1,0.89655125,0.800898177623748,0.2683,0.103956839628517,0.48516439454691257,0.103956839628517,0.1020832953974604,0.47242524916943524
CC(=O)NC1CCN(c2ccc(Cl)cc2Cl)C1,CC(CCc1ncc(Cl)c(C(=O)O)c1Cl)C(=O)NC1CCN(c2ccc(Cl)cc2Cl)C1,0.84843117,0.800542297363281,0.2151,0.0732391233555972,0.4739556472408458,0.0732391233555972,0.0814386985264718,0.48739495798319327
CC(=O)NC1CCN(c2ccc(Cl)cc2Cl)C1,O=C(O)c1ncc(C(F)C(=O)NC2CCN(c3ccc(Cl)cc3Cl)C2)s1,0.9230905,0.800458924770355,0.2386,0.0509943673387169,0.4646516393442623,0.0509943673387169,0.0711237985175103,0.47495872317006055
CC(=O)NC1CCN(c2ccc(Cl)cc2Cl)C1,O=C(CSc1ccnc(C(=O)O)c1O)NC1CCN(c2ccc(Cl)cc2Cl)C1,0.8374116,0.800220689773559,0.2174,0.0652527343016117,0.45786013150029886,0.0652527343016117,0.071622811909765,0.4648898001025115
CC(=O)NC1CCN(c2ccc(Cl)cc2Cl)C1,O=C(O)c1ccc(C(O)C(=O)NC2CCN(c3ccc(Cl)cc3Cl)C2)c(Cl)c1Cl,0.9476404,0.800047806501388,0.2619,0.0975075530819594,0.4699140401146132,0.0975075530819594,0.1088315516710281,0.4760312151616499
