Score,Grow_or_Mut,Algorithm_Params,Round,SMILES,hit,sa_score,max_tan_sim_to_abx,hepg2_pred_tox,primary_pred_tox,max_tan_sim_to_ts,tan_sim_to_orig_mol
modified_score,mutate,0_minsize_10_maxsize_-2_mininc_2_maxinc_2_radius,Round 2,O=C(N[C@H]1CCN(c2ccc(Cl)cc2Cl)C1)c1ncccc1Cl,0.7017813891172409,2.580029352768932,0.43645381277123374,0.1222799884155392,0.1436608700081706,0.45346239761727475,0.6564885496183206
modified_score,mutate,0_minsize_10_maxsize_-2_mininc_2_maxinc_2_radius,Round 2,Cc1cc(C(=O)N[C@H]2CCN(c3ccc(Cl)cc3Cl)C2)c(Cl)cc1Cl,0.713327596783638,2.5683583204739264,0.39333722969023965,0.1858543578535318,0.1994958944618702,0.4413553431798436,0.6194690265486725
modified_score,mutate,0_minsize_10_maxsize_-2_mininc_2_maxinc_2_radius,Round 2,O=C(N[C@H]1CCN(c2ccc(Cl)cc2Cl)C1)c1cccc(Cl)c1Cl,0.7462924671173096,2.4988222124524295,0.39310747663551404,0.1848616082221269,0.1986584544181823,0.4473229706390328,0.6098901098901099
modified_score,mutate,0_minsize_10_maxsize_-2_mininc_2_maxinc_2_radius,Round 2,O=C(N[C@H]1CCN(c2ccc(Cl)cc2Cl)C1)c1ccc(Cl)cc1Cl,0.7082044631242752,2.4320465522916965,0.375736160188457,0.1821738854050636,0.1933835580945015,0.4435483870967742,0.6369942196531792
modified_score,mutate,0_minsize_10_maxsize_-2_mininc_2_maxinc_2_radius,Round 2,O=C(CSc1cccc(Cl)c1Cl)N[C@H]1CCN(c2ccc(Cl)cc2Cl)C1,0.7205838191509247,2.7200842990553067,0.3706896551724138,0.195645110681653,0.1972457617521286,0.4740024183796856,0.5398037077426391
modified_score,mutate,0_minsize_10_maxsize_-2_mininc_2_maxinc_2_radius,Round 2,O=C(O)c1cccc(C(=O)N[C@H]2CCN(c3ccc(Cl)cc3Cl)C2)n1,0.7135655176639557,2.6294310103927057,0.4478072884496603,0.0358681957703083,0.0585230147698894,0.47576435495898584,0.6446808510638298
modified_score,mutate,0_minsize_10_maxsize_-2_mininc_2_maxinc_2_radius,Round 2,Cc1c(C(=O)O)noc1C(=O)N[C@H]1CCN(c2ccc(Cl)cc2Cl)C1,0.7004813188314438,2.9831549759923224,0.4846938775510204,0.0261677319882437,0.0497183394618332,0.4952712792434047,0.5391539153915391
modified_score,mutate,0_minsize_10_maxsize_-2_mininc_2_maxinc_2_radius,Round 2,O=C(N[C@H]1CCN(c2ccc(Cl)cc2Cl)C1)c1ccc(Br)c(C(=O)O)n1,0.8092261099815369,2.8329940988445568,0.48062953995157387,0.0468348957132548,0.0638169277459383,0.48642857142857143,0.5968992248062015
modified_score,mutate,0_minsize_10_maxsize_-2_mininc_2_maxinc_2_radius,Round 2,Cc1ccc(C(=O)N[C@H]2CCN(c3ccc(Cl)cc3Cl)C2)nc1C(=O)O,0.7538522017002106,2.7491575603830203,0.48154869933454325,0.0357895963359624,0.0573236250318586,0.4875089221984297,0.5875
modified_score,mutate,0_minsize_10_maxsize_-2_mininc_2_maxinc_2_radius,Round 2,O=C(N[C@H]1CCN(c2ccc(Cl)cc2Cl)C1)c1ccc(Cl)c(C(=O)O)n1,0.8526439273357391,2.7240787142291722,0.4790782292298363,0.0532879865728318,0.0720866687130183,0.48142857142857143,0.5932038834951456
modified_score,mutate,0_minsize_10_maxsize_-2_mininc_2_maxinc_2_radius,Round 2,CSc1ccc(C(=O)N[C@H]2CCN(c3ccc(Cl)cc3Cl)C2)nc1C(=O)O,0.8328937399387359,2.9232259558343046,0.4946236559139785,0.0409036930184811,0.0580587393604219,0.4957221942627076,0.5748613678373382
modified_score,mutate,0_minsize_10_maxsize_-2_mininc_2_maxinc_2_radius,Round 2,O=C(N[C@H]1CCN(c2ccc(Cl)cc2Cl)C1)c1ccc(F)c(C(=O)O)n1,0.8109516561031341,2.806238329613789,0.4879372738238842,0.038579428428784,0.0592166561866179,0.48688224527150703,0.5819905213270142
modified_score,mutate,0_minsize_10_maxsize_-2_mininc_2_maxinc_2_radius,Round 2,Nc1ccc(C(=O)N[C@H]2CCN(c3ccc(Cl)cc3Cl)C2)nc1C(=O)O,0.8362515807151795,2.8115383296137892,0.4890643985419198,0.0482941985595971,0.065406963834539,0.48575498575498577,0.5909528392685275
modified_score,mutate,0_minsize_10_maxsize_-2_mininc_2_maxinc_2_radius,Round 2,NCc1ccc(C(=O)N[C@H]2CCN(c3ccc(Cl)cc3Cl)C2)nc1C(=O)O,0.7069799762964248,2.885082571218918,0.49880239520958086,0.042043611453846,0.0624416301492601,0.498001998001998,0.5685372585096596
modified_score,mutate,0_minsize_10_maxsize_-2_mininc_2_maxinc_2_radius,Round 2,O=C(N[C@H]1CCN(c2ccc(Cl)cc2Cl)C1)c1ccc(O)c(C(=O)O)n1,0.8180875885486603,2.8171479449984034,0.49573690621193667,0.046680697845295,0.0674108263105154,0.48825622775800714,0.5850860420650096
modified_score,mutate,0_minsize_10_maxsize_-2_mininc_2_maxinc_2_radius,Round 2,O=C(O)c1ccc(Br)c(C(=O)N[C@H]2CCN(c3ccc(Cl)cc3Cl)C2)n1,0.7710536110401154,2.8343594834599415,0.48194945848375453,0.0461503014434129,0.0643755784258246,0.48688873139617295,0.5872259294566253
modified_score,mutate,0_minsize_10_maxsize_-2_mininc_2_maxinc_2_radius,Round 2,Cc1ccc(C(=O)O)nc1C(=O)N[C@H]1CCN(c2ccc(Cl)cc2Cl)C1,0.724165507555008,2.762769098844558,0.481659651232712,0.0349953535944223,0.056069201300852,0.49076704545454547,0.5836501901140685
modified_score,mutate,0_minsize_10_maxsize_-2_mininc_2_maxinc_2_radius,Round 2,O=C(O)c1ccc(Cl)c(C(=O)N[C@H]2CCN(c3ccc(Cl)cc3Cl)C2)n1,0.8174192178249359,2.7258864065368655,0.4866989117291415,0.0507492541335523,0.0704897944349795,0.4903914590747331,0.5834127740705434
modified_score,mutate,0_minsize_10_maxsize_-2_mininc_2_maxinc_2_radius,Round 2,O=C(O)c1ccc(F)c(C(=O)N[C@H]2CCN(c3ccc(Cl)cc3Cl)C2)n1,0.7564906233549118,2.819849868075327,0.49280177187153934,0.0362351182382553,0.05748172623571,0.49511002444987773,0.5770676691729323
modified_score,mutate,0_minsize_10_maxsize_-2_mininc_2_maxinc_2_radius,Round 2,Nc1ccc(C(=O)O)nc1C(=O)N[C@H]1CCN(c2ccc(Cl)cc2Cl)C1,0.7859452605247498,2.81170756038302,0.48787878787878786,0.0437943629454821,0.0610459722578525,0.4864864864864865,0.588686481303931
modified_score,mutate,0_minsize_10_maxsize_-2_mininc_2_maxinc_2_radius,Round 2,O=C(O)c1cc(Br)cc(C(=O)N[C@H]2CCN(c3ccc(Cl)cc3Cl)C2)n1,0.7430629289150238,2.8444114065368655,0.47948560930802203,0.0597376351244747,0.0729922419413924,0.4776657060518732,0.6003956478733927
modified_score,mutate,0_minsize_10_maxsize_-2_mininc_2_maxinc_2_radius,Round 2,Cc1cc(C(=O)O)nc(C(=O)N[C@H]2CCN(c3ccc(Cl)cc3Cl)C2)c1,0.742270787358284,2.7534364065368653,0.46463414634146344,0.0391591129824519,0.0609079216606915,0.4934017595307918,0.6088264794383149
modified_score,mutate,0_minsize_10_maxsize_-2_mininc_2_maxinc_2_radius,Round 2,C=Cc1cc(C(=O)O)nc(C(=O)N[C@H]2CCN(c3ccc(Cl)cc3Cl)C2)c1,0.7461278414726258,2.9866708789112266,0.47598784194528876,0.0474910874385386,0.06551901018247,0.4960116026105874,0.6027531956735497
modified_score,mutate,0_minsize_10_maxsize_-2_mininc_2_maxinc_2_radius,Round 2,CCc1cc(C(=O)O)nc(C(=O)N[C@H]2CCN(c3ccc(Cl)cc3Cl)C2)c1,0.7337756431102753,2.801040109680459,0.47665251667677383,0.0395514112897217,0.0579107443336397,0.4924297043979812,0.5955165692007798
modified_score,mutate,0_minsize_10_maxsize_-2_mininc_2_maxinc_2_radius,Round 2,O=C(O)c1cc(Cl)cc(C(=O)N[C@H]2CCN(c3ccc(Cl)cc3Cl)C2)n1,0.7871631515026093,2.75010756038302,0.46472019464720193,0.07093290919438,0.0799449279904365,0.48043478260869565,0.6164658634538153
modified_score,mutate,0_minsize_10_maxsize_-2_mininc_2_maxinc_2_radius,Round 2,CNc1cc(C(=O)O)nc(C(=O)N[C@H]2CCN(c3ccc(Cl)cc3Cl)C2)c1,0.7765071803331375,2.865533648141996,0.47515151515151516,0.0539011684246361,0.0714577523991465,0.48103078024337864,0.6007827788649707
modified_score,mutate,0_minsize_10_maxsize_-2_mininc_2_maxinc_2_radius,Round 2,CSc1cc(C(=O)O)nc(C(=O)N[C@H]2CCN(c3ccc(Cl)cc3Cl)C2)c1,0.769942762851715,2.9242321096804567,0.4851425106124924,0.0464008606038987,0.0612872260389849,0.47680097680097683,0.5875
modified_score,mutate,0_minsize_10_maxsize_-2_mininc_2_maxinc_2_radius,Round 2,O=C(O)c1cc(F)cc(C(=O)N[C@H]2CCN(c3ccc(Cl)cc3Cl)C2)n1,0.7495687228441238,2.8228094834599435,0.47416413373860183,0.0419969748239964,0.0591540155699476,0.48201438848920863,0.5982318271119843
modified_score,mutate,0_minsize_10_maxsize_-2_mininc_2_maxinc_2_radius,Round 2,Nc1cc(C(=O)O)nc(C(=O)N[C@H]2CCN(c3ccc(Cl)cc3Cl)C2)c1,0.7938019120693207,2.8233748680753266,0.46439440048691416,0.0524064362980425,0.0698048491962254,0.4811320754716981,0.6112224448897795
modified_score,mutate,0_minsize_10_maxsize_-2_mininc_2_maxinc_2_radius,Round 2,NCc1cc(C(=O)O)nc(C(=O)N[C@H]2CCN(c3ccc(Cl)cc3Cl)C2)c1,0.7269494396448135,2.864806263526612,0.4722222222222222,0.0414514820091426,0.0609787900932133,0.49421128798842257,0.5968688845401174
modified_score,mutate,0_minsize_10_maxsize_-2_mininc_2_maxinc_2_radius,Round 2,O=C(O)c1cc(O)cc(C(=O)N[C@H]2CCN(c3ccc(Cl)cc3Cl)C2)n1,0.7105142885446548,2.8999094834599433,0.4731379731379731,0.0602141253184527,0.0722871982026845,0.48083875632682577,0.6053677932405567
modified_score,mutate,0_minsize_10_maxsize_-2_mininc_2_maxinc_2_radius,Round 2,CNc1c(Cl)ccc(N2CC[C@H](NC(=O)c3cccc(C(=O)O)n3)C2)c1Cl,0.7307518213987351,2.9995921096804583,0.4669926650366748,0.0495905769057571,0.0720470802858471,0.48,0.6181818181818182
modified_score,mutate,0_minsize_10_maxsize_-2_mininc_2_maxinc_2_radius,Round 2,O=C(O)c1cccc(C(=O)N[C@H]2CCN(c3ccc(Cl)c(O)c3Cl)C2)n1,0.7740062081813812,2.9221652526907107,0.47451456310679613,0.0388523629400879,0.0634609439410269,0.4824120603015075,0.5984329089128305
modified_score,mutate,0_minsize_10_maxsize_-2_mininc_2_maxinc_2_radius,Round 2,O=C(O)c1cccc(C(=O)N[C@H]2CCN(c3c(Cl)cc(Cl)cc3Br)C2)n1,0.7735830074548722,2.9201864065368657,0.47889022919179736,0.0378988104173913,0.0583428861107677,0.4907142857142857,0.5949855351976856
modified_score,mutate,0_minsize_10_maxsize_-2_mininc_2_maxinc_2_radius,Round 2,O=C(O)c1cccc(C(=O)N[C@H]2CCN(c3c(Cl)cc(Cl)cc3Cl)C2)n1,0.7848870453238487,2.8100383296137874,0.45157310302282544,0.0394620519597083,0.0626937192166224,0.47806691449814126,0.6385669125395153
modified_score,mutate,0_minsize_10_maxsize_-2_mininc_2_maxinc_2_radius,Round 2,CNc1cc(Cl)cc(Cl)c1N1CC[C@H](NC(=O)c2cccc(C(=O)O)n2)C1,0.7025896513462067,2.9403674942958435,0.4779456193353474,0.0469485195353627,0.062790713016875,0.4849416103257529,0.5891996142719382
modified_score,mutate,0_minsize_10_maxsize_-2_mininc_2_maxinc_2_radius,Round 2,O=C(O)c1cccc(C(=O)N[C@H]2CCN(c3c(F)cc(Cl)cc3Cl)C2)n1,0.8136078661680222,2.851878714229173,0.49224806201550386,0.0330032175872474,0.0559498182497918,0.4970607446113651,0.5913461538461539
modified_score,mutate,0_minsize_10_maxsize_-2_mininc_2_maxinc_2_radius,Round 2,O=C(O)c1cccc(C(=O)N[C@H]2CCN(c3c(O)cc(Cl)cc3Cl)C2)n1,0.7738830196857452,2.939761406536867,0.47732300884955753,0.0346331759355962,0.0566897281445562,0.49426934097421205,0.5940212150433944
modified_score,mutate,0_minsize_10_maxsize_-2_mininc_2_maxinc_2_radius,Round 2,Cc1cc(N2CC[C@H](NC(=O)c3cccc(C(=O)O)n3)C2)c(Cl)cc1Cl,0.7076252841949463,2.781086406536865,0.4758999389871873,0.0435994998086243,0.0635408175876364,0.49056603773584906,0.6049504950495049
modified_score,mutate,0_minsize_10_maxsize_-2_mininc_2_maxinc_2_radius,Round 2,CNc1cc(N2CC[C@H](NC(=O)c3cccc(C(=O)O)n3)C2)c(Cl)cc1Cl,0.7615057510137558,2.917968109680457,0.46286065070595456,0.0525752814486622,0.069873725157231,0.47514619883040937,0.6239754098360656
modified_score,mutate,0_minsize_10_maxsize_-2_mininc_2_maxinc_2_radius,Round 2,CSc1cc(N2CC[C@H](NC(=O)c3cccc(C(=O)O)n3)C2)c(Cl)cc1Cl,0.7753430569171905,2.99205980198815,0.48911729141475213,0.0437981270253658,0.0643893591128289,0.48688873139617295,0.5887404580152672
modified_score,mutate,0_minsize_10_maxsize_-2_mininc_2_maxinc_2_radius,Round 2,O=C(O)c1cccc(C(=O)N[C@H]2CCN(c3cc(O)c(Cl)cc3Cl)C2)n1,0.8073299300670623,2.8683114065368667,0.47023086269744835,0.043534893868491,0.0672335878945887,0.48375451263537905,0.6059405940594059
modified_score,mutate,0_minsize_10_maxsize_-2_mininc_2_maxinc_2_radius,Round 4,CCNC(=O)c1nc(C(=O)N[C@H]2CCN(c3ccc(Cl)cc3Cl)C2)cc(N)c1Cl,0.7600744765996933,2.9777618385944304,0.4794745484400657,0.1076233968138694,0.1114659423008561,0.48875562218890556,0.5777153558052435
modified_score,mutate,0_minsize_10_maxsize_-2_mininc_2_maxinc_2_radius,Round 4,CNC(=O)c1nc(C(=O)N[C@H]2CCN(c3ccc(Cl)cc3Cl)C2)cc(N)c1Cl,0.7805973643064499,2.9831269991984044,0.47754654983570644,0.1349213108420372,0.1317255605012178,0.4862568715642179,0.5804327375352775
modified_score,mutate,0_minsize_10_maxsize_-2_mininc_2_maxinc_2_radius,Round 4,NC(=O)c1nc(C(=O)N[C@H]2CCN(c3ccc(Cl)cc3Cl)C2)cc(N)c1Cl,0.8102345454692841,2.9987234194517676,0.471749862863412,0.1453263070434332,0.1556921252980828,0.47876061969015493,0.5887404580152672
modified_score,mutate,0_minsize_10_maxsize_-2_mininc_2_maxinc_2_radius,Round 4,Cc1nc(C(=O)N[C@H]2CCN(c3ccc(Cl)cc3Cl)C2)cc(N)c1Cl,0.7798003220558166,2.890349624821754,0.45953436807095344,0.172523745521903,0.1810207266360521,0.4670487106017192,0.6085657370517928
modified_score,mutate,0_minsize_10_maxsize_-2_mininc_2_maxinc_2_radius,Round 4,CCCc1nc(C(=O)N[C@H]2CCN(c3ccc(Cl)cc3Cl)C2)cc(N)c1Cl,0.7035252410173416,2.9960918019881504,0.4980737479361585,0.1951184287667274,0.1989832360297441,0.49942987457240595,0.5647382920110193
modified_score,mutate,0_minsize_10_maxsize_-2_mininc_2_maxinc_2_radius,Round 4,Nc1cc(C(=O)N[C@H]2CCN(c3ccc(Cl)cc3Cl)C2)nc(N)c1Cl,0.7728421509265899,2.9603088221461675,0.46843054720384847,0.1923800993710756,0.1992254264652729,0.4682955206515416,0.5945683802133851
modified_score,mutate,0_minsize_10_maxsize_-2_mininc_2_maxinc_2_radius,Round 4,O=C(N[C@H]1CCN(c2c(F)cc(Cl)cc2Cl)C1)c1cccc(Cl)c1O,0.7375222086906433,2.797845276995666,0.45895281189398834,0.1872013885527849,0.1980869121849537,0.4792243767313019,0.5553398058252427
modified_score,mutate,0_minsize_10_maxsize_-2_mininc_2_maxinc_2_radius,Round 4,O=C(N[C@H]1CCN(c2c(F)cc(Cl)cc2Cl)C1)c1ccc(Cl)cc1O,0.7065178900957108,2.7534151766612176,0.45068582625734815,0.1739201694726944,0.1736096270382404,0.47058823529411764,0.5770392749244713
modified_score,mutate,0_minsize_10_maxsize_-2_mininc_2_maxinc_2_radius,Round 4,Cc1cc(C(=O)N[C@H]2CCN(c3c(F)cc(Cl)cc3Cl)C2)c(Cl)cc1Cl,0.74161690056324,2.7952419861685023,0.462696335078534,0.1771274019032716,0.1875487457960844,0.4721115537848606,0.5659068384539148
modified_score,mutate,0_minsize_10_maxsize_-2_mininc_2_maxinc_2_radius,Round 4,Cc1ccc(N)c(C(=O)N[C@H]2CCN(c3c(F)cc(Cl)cc3Cl)C2)n1,0.7154527109861374,2.9502813973970046,0.49068721901091844,0.1285967765375971,0.1291071414947509,0.4944841012329656,0.5896946564885496
modified_score,mutate,0_minsize_10_maxsize_-2_mininc_2_maxinc_2_radius,Round 4,O=C(N[C@H]1CCN(c2c(F)cc(Cl)cc2Cl)C1)c1ccc(Cl)cc1Cl,0.736678204536438,2.6674646749889774,0.44834437086092715,0.1732686523348093,0.1811359763145446,0.4576612903225806,0.5793814432989691
modified_score,mutate,0_minsize_10_maxsize_-2_mininc_2_maxinc_2_radius,Round 4,O=C(N[C@H]1CCN(c2c(F)cc(Cl)cc2Cl)C1)c1cccc(Cl)c1Cl,0.7697908854484559,2.7323048087682427,0.4518855656697009,0.1769082807004451,0.1873707093298435,0.45915678524374176,0.5608308605341247
modified_score,mutate,0_minsize_10_maxsize_-2_mininc_2_maxinc_2_radius,Round 4,O=C(CCSc1ccccc1Cl)N[C@H]1CCN(c2c(F)cc(Cl)cc2Cl)C1,0.7430746471881866,2.850567899154141,0.43870967741935485,0.1565572937950491,0.174525499343872,0.44730941704035876,0.5096642929806714
modified_score,mutate,0_minsize_10_maxsize_-2_mininc_2_maxinc_2_radius,Round 4,O=C(CSc1cc(Cl)ccc1Cl)N[C@H]1CCN(c2c(F)cc(Cl)cc2Cl)C1,0.7352598893642426,2.866829648141996,0.44127405441274054,0.1876365136355161,0.1972161099314689,0.44466800804828976,0.5034687809712587
modified_score,mutate,0_minsize_10_maxsize_-2_mininc_2_maxinc_2_radius,Round 4,O=C(CSc1cccc(Cl)c1Cl)N[C@H]1CCN(c2c(F)cc(Cl)cc2Cl)C1,0.7603137952089309,2.9334647250650736,0.44415069398545937,0.1774264961481094,0.1818103853613138,0.447561790247161,0.5014720314033366
modified_score,mutate,0_minsize_10_maxsize_-2_mininc_2_maxinc_2_radius,Round 4,O=C(N[C@H]1CCN(c2c(Cl)cc(Cl)cc2Cl)C1)c1ccc(Cl)c(C(=O)O)n1,0.8754190623760223,2.8991209246492726,0.48303030303030303,0.0556887798476964,0.0754611060023307,0.4829059829059829,0.5886319845857418
modified_score,mutate,0_minsize_10_maxsize_-2_mininc_2_maxinc_2_radius,Round 4,Cc1nc(C(=O)N[C@H]2CCN(c3c(F)cc(Cl)cc3Cl)C2)ccc1Cl,0.7550387299060821,2.934581062948844,0.48930654569021387,0.1365162655711174,0.1511293061077595,0.4941022280471822,0.5951456310679611
modified_score,mutate,0_minsize_10_maxsize_-2_mininc_2_maxinc_2_radius,Round 4,Nc1nc(C(=O)N[C@H]2CCN(c3c(F)cc(Cl)cc3Cl)C2)ccc1Cl,0.8075491690635681,2.9710205278317865,0.4912959381044487,0.1596085775643587,0.1618444945663213,0.4980417754569191,0.5896452540747843
modified_score,mutate,0_minsize_10_maxsize_-2_mininc_2_maxinc_2_radius,Round 1,O=C(N[C@H]1CCN(c2ccc(Cl)cc2Cl)C1)c1ncc(Br)cc1Cl,0.7348650926351548,2.7645361045305012,0.46243127672571777,0.1396177293732762,0.1575941156595945,0.46604046242774566,0.6153846153846154
modified_score,mutate,0_minsize_10_maxsize_-2_mininc_2_maxinc_2_radius,Round 1,C=Cc1cnc(C(=O)N[C@H]2CCN(c3ccc(Cl)cc3Cl)C2)c(Cl)c1,0.7211910510063171,2.9241701312718256,0.4767090139140956,0.1491013087332248,0.1704489165917039,0.47390521895620874,0.5920542635658915
modified_score,mutate,0_minsize_10_maxsize_-2_mininc_2_maxinc_2_radius,Round 1,O=C(N[C@H]1CCN(c2ccc(Cl)cc2Cl)C1)c1ncc(Cl)cc1Cl,0.7961841595172882,2.716432086160813,0.44539877300613495,0.1577599503099918,0.1731991041451692,0.4575402635431918,0.6365546218487395
modified_score,mutate,0_minsize_10_maxsize_-2_mininc_2_maxinc_2_radius,Round 1,CNc1cnc(C(=O)N[C@H]2CCN(c3ccc(Cl)cc3Cl)C2)c(Cl)c1,0.7868901681900025,2.8411228785245726,0.4716981132075472,0.1544167134910821,0.1718835750594735,0.4645577035735208,0.6071428571428571
modified_score,mutate,0_minsize_10_maxsize_-2_mininc_2_maxinc_2_radius,Round 1,CSc1cnc(C(=O)N[C@H]2CCN(c3ccc(Cl)cc3Cl)C2)c(Cl)c1,0.7875316667556763,2.916020680722374,0.46980676328502413,0.1343815376982093,0.1503063620999455,0.47574893009985736,0.5960975609756097
modified_score,mutate,0_minsize_10_maxsize_-2_mininc_2_maxinc_2_radius,Round 1,O=C(N[C@H]1CCN(c2ccc(Cl)cc2Cl)C1)c1ncc(F)cc1Cl,0.7213371104001999,2.755804761246921,0.46577017114914426,0.132240828871727,0.1519525559619069,0.4583931133428981,0.6112789526686808
modified_score,mutate,0_minsize_10_maxsize_-2_mininc_2_maxinc_2_radius,Round 1,Nc1cnc(C(=O)N[C@H]2CCN(c3ccc(Cl)cc3Cl)C2)c(Cl)c1,0.7807356953620911,2.807411649880674,0.45960832313341493,0.1408221334218979,0.1596694042906165,0.4574314574314574,0.6260245901639344
modified_score,mutate,0_minsize_10_maxsize_-2_mininc_2_maxinc_2_radius,Round 1,O=C(N[C@H]1CCN(c2ccc(Cl)cc2Cl)C1)c1ncc(O)cc1Cl,0.742465569972992,2.828860788801455,0.46896127842655194,0.1355678610503673,0.1480373902246356,0.4584070796460177,0.611336032388664
modified_score,mutate,0_minsize_10_maxsize_-2_mininc_2_maxinc_2_radius,Round 1,O=C(N[C@H]1CCN(c2c(Cl)cc(Cl)cc2Br)C1)c1ncccc1Cl,0.7547905492782593,2.889424279042558,0.46731234866828086,0.1284944906830787,0.1416701234877109,0.4686162624821683,0.6035502958579881
modified_score,mutate,0_minsize_10_maxsize_-2_mininc_2_maxinc_2_radius,Round 1,O=C(N[C@H]1CCN(c2c(Cl)cc(Cl)cc2Cl)C1)c1ncccc1Cl,0.7694837111234665,2.771056196378952,0.43962848297213625,0.1293265885673463,0.1524994753301143,0.4550853749072012,0.6508108108108108
modified_score,mutate,0_minsize_10_maxsize_-2_mininc_2_maxinc_2_radius,Round 1,O=C(N[C@H]1CCN(c2c(F)cc(Cl)cc2Cl)C1)c1ncccc1Cl,0.7592407941818238,2.8160189977566787,0.48210800260247233,0.1141685144044458,0.133685203269124,0.4888010540184453,0.6005917159763313
modified_score,mutate,0_minsize_10_maxsize_-2_mininc_2_maxinc_2_radius,Round 1,O=C(N[C@H]1CCN(c2c(O)cc(Cl)cc2Cl)C1)c1ncccc1Cl,0.7602728044986725,2.9104600999380796,0.4673913043478261,0.1033949743025004,0.1234634488821029,0.4739471805852962,0.6
modified_score,mutate,0_minsize_10_maxsize_-2_mininc_2_maxinc_2_radius,Round 1,CSc1cccnc1C(=O)N[C@H]1CCN(c2ccc(Cl)cc2Cl)C1,0.7060917180776596,2.7861743364478393,0.4543239951278928,0.1046392098069191,0.1159570530056953,0.46488052136133234,0.6224489795918368
modified_score,mutate,0_minsize_10_maxsize_-2_mininc_2_maxinc_2_radius,Round 1,CNc1c(Cl)ccc(N2CC[C@H](NC(=O)c3ncccc3Cl)C2)c1Cl,0.7032528704404831,2.970600241161936,0.45521472392638035,0.1738134991377592,0.1939302831888198,0.4585755813953488,0.6277145811789038
modified_score,mutate,0_minsize_10_maxsize_-2_mininc_2_maxinc_2_radius,Round 1,O=C(N[C@H]1CCN(c2ccc(Cl)c(O)c2Cl)C1)c1ncccc1Cl,0.7544595897197723,2.891550800282511,0.4619598295800365,0.1229393471032381,0.1557080375030636,0.46336206896551724,0.6072144288577155
modified_score,mutate,0_minsize_10_maxsize_-2_mininc_2_maxinc_2_radius,Round 1,C=Cc1ccc(Cl)c(C(=O)N[C@H]2CCN(c3ccc(Cl)cc3Cl)C2)n1,0.75270676612854,2.9472022191839127,0.4697986577181208,0.1548596814274788,0.1734353918582201,0.47050359712230216,0.6077844311377245
modified_score,mutate,0_minsize_10_maxsize_-2_mininc_2_maxinc_2_radius,Round 1,CNc1ccc(Cl)c(C(=O)N[C@H]2CCN(c3ccc(Cl)cc3Cl)C2)n1,0.7776197969913483,2.754299581821275,0.4706948640483384,0.1814143154770136,0.1856631118804216,0.47048509643483344,0.5929892891918208
modified_score,mutate,0_minsize_10_maxsize_-2_mininc_2_maxinc_2_radius,Round 1,COc1ccc(Cl)c(C(=O)N[C@H]2CCN(c3ccc(Cl)cc3Cl)C2)n1,0.7280962282419204,2.6888962851179787,0.47828709288299154,0.145908835530281,0.1591827861964702,0.4804208065458796,0.5848513902205177
modified_score,mutate,0_minsize_10_maxsize_-2_mininc_2_maxinc_2_radius,Round 1,CSc1ccc(Cl)c(C(=O)N[C@H]2CCN(c3ccc(Cl)cc3Cl)C2)n1,0.7773044276237487,2.843619142260838,0.47650602409638554,0.1386723820120096,0.1556183326989412,0.4804208065458796,0.5848513902205177
modified_score,mutate,0_minsize_10_maxsize_-2_mininc_2_maxinc_2_radius,Round 1,Nc1ccc(Cl)c(C(=O)N[C@H]2CCN(c3ccc(Cl)cc3Cl)C2)n1,0.7646634304523467,2.7084219828313056,0.463980463980464,0.1737000130116939,0.1827560402452945,0.4668109668109668,0.6096579476861167
modified_score,mutate,0_minsize_10_maxsize_-2_mininc_2_maxinc_2_radius,Round 1,O=C(N[C@H]1CCN(c2ccc(Cl)cc2Cl)C1)c1nc(O)ccc1Cl,0.7513566678762436,2.840346896723384,0.4654434250764526,0.1698978040367365,0.1742643471807241,0.45936395759717313,0.6125126135216953
modified_score,mutate,0_minsize_10_maxsize_-2_mininc_2_maxinc_2_radius,Round 1,CNc1cc(N2CC[C@H](NC(=O)c3ncccc3Cl)C2)c(Cl)cc1Cl,0.7348411273956299,2.8831459554476506,0.45286506469500926,0.182582302019,0.1826432578265667,0.4561664190193165,0.6335078534031413
modified_score,mutate,0_minsize_10_maxsize_-2_mininc_2_maxinc_2_radius,Round 1,CSc1cc(N2CC[C@H](NC(=O)c3ncccc3Cl)C2)c(Cl)cc1Cl,0.7412697619199753,2.9625299114916057,0.4820886460230723,0.1596044406294822,0.1721585586667061,0.4692144373673036,0.5966958211856171
modified_score,mutate,0_minsize_10_maxsize_-2_mininc_2_maxinc_2_radius,Round 1,O=C(N[C@H]1CCN(c2cc(O)c(Cl)cc2Cl)C1)c1ncccc1Cl,0.7927529001235962,2.8336780103858406,0.4582571602681292,0.1407728612422943,0.1680157911032438,0.4653179190751445,0.6143724696356275
modified_score,mutate,0_minsize_10_maxsize_-2_mininc_2_maxinc_2_radius,Round 1,O=C(N[C@H]1CCN(c2ccc(Cl)cc2Cl)C1)c1nccc(Br)c1Cl,0.7805896365642547,2.857489261820973,0.47339449541284406,0.1691652465611696,0.1845030754804611,0.46271285965942455,0.6045816733067729
modified_score,mutate,0_minsize_10_maxsize_-2_mininc_2_maxinc_2_radius,Round 1,Cc1ccnc(C(=O)N[C@H]2CCN(c3ccc(Cl)cc3Cl)C2)c1Cl,0.7267942261695862,2.7649556223261396,0.45886654478976235,0.1424152879044413,0.1567111987620592,0.4734931009440813,0.6137512639029322
modified_score,mutate,0_minsize_10_maxsize_-2_mininc_2_maxinc_2_radius,Round 1,CCc1ccnc(C(=O)N[C@H]2CCN(c3ccc(Cl)cc3Cl)C2)c1Cl,0.7029920887947082,2.829211230172925,0.4745762711864407,0.1233221130445599,0.1355523938313126,0.47510251903925016,0.5949367088607594
modified_score,mutate,0_minsize_10_maxsize_-2_mininc_2_maxinc_2_radius,Round 1,CNc1ccnc(C(=O)N[C@H]2CCN(c3ccc(Cl)cc3Cl)C2)c1Cl,0.8021529287099838,2.874697823579517,0.47101449275362317,0.1492584170773625,0.165766430273652,0.47079439252336447,0.599609375
modified_score,mutate,0_minsize_10_maxsize_-2_mininc_2_maxinc_2_radius,Round 1,COc1ccnc(C(=O)N[C@H]2CCN(c3ccc(Cl)cc3Cl)C2)c1Cl,0.717248119711876,2.746330131271824,0.47944377267230953,0.1967193637043237,0.1974317874759435,0.4745042492917847,0.5855769230769231
modified_score,mutate,0_minsize_10_maxsize_-2_mininc_2_maxinc_2_radius,Round 1,CSc1ccnc(C(=O)N[C@H]2CCN(c3ccc(Cl)cc3Cl)C2)c1Cl,0.8153913879394531,2.9342461752278695,0.4863718958207147,0.1727829705923795,0.1745083920657634,0.4791559444158518,0.5831739961759083
modified_score,mutate,0_minsize_10_maxsize_-2_mininc_2_maxinc_2_radius,Round 1,O=C(N[C@H]1CCN(c2ccc(Cl)cc2Cl)C1)c1nccc(F)c1Cl,0.7760576903820038,2.8154940838646016,0.4698721850273889,0.1557189030572772,0.1744786739349365,0.4688235294117647,0.600990099009901
modified_score,mutate,0_minsize_10_maxsize_-2_mininc_2_maxinc_2_radius,Round 1,Nc1ccnc(C(=O)N[C@H]2CCN(c3ccc(Cl)cc3Cl)C2)c1Cl,0.7942047584056854,2.8045680218668974,0.4578532443905397,0.1481763632968068,0.1653590928763151,0.4637473079684135,0.6124497991967871
modified_score,mutate,0_minsize_10_maxsize_-2_mininc_2_maxinc_2_radius,Round 1,NCc1ccnc(C(=O)N[C@H]2CCN(c3ccc(Cl)cc3Cl)C2)c1Cl,0.7162952703237534,2.900600021381715,0.46594333936106086,0.1091884214431047,0.1247166479006409,0.4744868035190616,0.5972629521016618
modified_score,mutate,0_minsize_10_maxsize_-2_mininc_2_maxinc_2_radius,Round 1,O=C(N[C@H]1CCN(c2ccc(Cl)cc2Cl)C1)c1nccc(O)c1Cl,0.7868461346626282,2.870765036792271,0.4691508857666463,0.1660477627068758,0.174204521626234,0.4676258992805755,0.6053946053946054
modified_score,mutate,0_minsize_10_maxsize_-2_mininc_2_maxinc_2_radius,Round 3,O=C(CSc1ccc(Cl)c(C(=O)O)n1)N[C@H]1CCN(c2ccc(Cl)cc2Cl)C1,0.8077055662870407,2.8648757043394184,0.45286885245901637,0.0606171856168657,0.0690989939495921,0.4622093023255814,0.4890710382513661
modified_score,mutate,0_minsize_10_maxsize_-2_mininc_2_maxinc_2_radius,Round 3,CC(C)c1nc(C(=O)N[C@H]2CCN(c3ccc(Cl)cc3Cl)C2)ccc1Cl,0.709972078204155,2.8431460219214806,0.46521981079577074,0.1657864294946193,0.1810730844736099,0.4686588921282799,0.6021825396825397
modified_score,mutate,0_minsize_10_maxsize_-2_mininc_2_maxinc_2_radius,Round 3,CC(C)Sc1nc(C(=O)N[C@H]2CCN(c3ccc(Cl)cc3Cl)C2)ccc1Cl,0.7146251267194748,2.954448109680456,0.4828416616496087,0.158664989285171,0.1748938512057066,0.484830805134189,0.5767045454545454
modified_score,mutate,0_minsize_10_maxsize_-2_mininc_2_maxinc_2_radius,Round 3,CCNc1nc(C(=O)N[C@H]2CCN(c3ccc(Cl)cc3Cl)C2)ccc1Cl,0.7151563280820846,2.801507270604306,0.46032707450030286,0.1892385713756084,0.1947792299091816,0.46081277213352684,0.6097804391217565
modified_score,mutate,0_minsize_10_maxsize_-2_mininc_2_maxinc_2_radius,Round 3,CC(=O)c1nc(C(=O)N[C@H]2CCN(c3ccc(Cl)cc3Cl)C2)ccc1Cl,0.7077443391084671,2.8035325603830206,0.47390776699029125,0.1103685455396771,0.1281417226418852,0.4685466377440347,0.5990196078431372
modified_score,mutate,0_minsize_10_maxsize_-2_mininc_2_maxinc_2_radius,Round 3,CCSc1nc(C(=O)N[C@H]2CCN(c3ccc(Cl)cc3Cl)C2)ccc1Cl,0.7116028219461441,2.908486828033178,0.47799879445449067,0.1526390260085463,0.1641902398318052,0.4818713450292398,0.5827751196172248
modified_score,mutate,0_minsize_10_maxsize_-2_mininc_2_maxinc_2_radius,Round 3,CNc1nc(C(=O)N[C@H]2CCN(c3ccc(Cl)cc3Cl)C2)ccc1Cl,0.7707202917337418,2.7960022191839133,0.4523375834851245,0.1823470126837492,0.1907525412738323,0.4586686174103877,0.6199186991869918
modified_score,mutate,0_minsize_10_maxsize_-2_mininc_2_maxinc_2_radius,Round 3,CN(C)c1nc(C(=O)N[C@H]2CCN(c3ccc(Cl)cc3Cl)C2)ccc1Cl,0.7573663246631622,2.8489094834599413,0.4577294685990338,0.1788831066340208,0.1970522258430719,0.46216017634092577,0.6079601990049751
modified_score,mutate,0_minsize_10_maxsize_-2_mininc_2_maxinc_2_radius,Round 3,COc1nc(C(=O)N[C@H]2CCN(c3ccc(Cl)cc3Cl)C2)ccc1Cl,0.7163996857404709,2.7367307906124854,0.463768115942029,0.1727093894034624,0.1840327527374029,0.4663545933294324,0.6019704433497537
modified_score,mutate,0_minsize_10_maxsize_-2_mininc_2_maxinc_2_radius,Round 3,CSc1nc(C(=O)N[C@H]2CCN(c3ccc(Cl)cc3Cl)C2)ccc1Cl,0.7637501120567322,2.861777384019078,0.4663840096910963,0.1405973885208368,0.1558083709329366,0.4712727272727273,0.5990147783251232
modified_score,mutate,0_minsize_10_maxsize_-2_mininc_2_maxinc_2_radius,Round 3,Nc1nc(C(=O)N[C@H]2CCN(c3ccc(Cl)cc3Cl)C2)ccc1Cl,0.7473841786384583,2.7446637738760824,0.4447852760736196,0.1632094021886587,0.1725088316947221,0.4550185873605948,0.637223974763407
modified_score,mutate,0_minsize_10_maxsize_-2_mininc_2_maxinc_2_radius,Round 3,NC(=O)c1nc(C(=O)N[C@H]2CCN(c3ccc(Cl)cc3Cl)C2)ccc1Cl,0.7163059020042419,2.7989594834599423,0.45232273838630804,0.1278782831504941,0.1457455489784479,0.46254545454545454,0.628482972136223
modified_score,mutate,0_minsize_10_maxsize_-2_mininc_2_maxinc_2_radius,Round 3,O=C(N[C@H]1CCN(c2ccc(Cl)cc2Cl)C1)c1ccc(Cl)c(O)n1,0.7504222643375397,2.8776715809943365,0.44607843137254904,0.1759502753615379,0.1918106142431497,0.45548961424332346,0.6356020942408377
modified_score,mutate,0_minsize_10_maxsize_-2_mininc_2_maxinc_2_radius,Round 3,O=C(O)CNc1nc(C(=O)N[C@H]2CCN(c3ccc(Cl)cc3Cl)C2)ccc1Cl,0.701549853682518,2.882559728008058,0.4807228915662651,0.1103421149775385,0.1229197278618812,0.4766546947152386,0.5885167464114832
modified_score,mutate,0_minsize_10_maxsize_-2_mininc_2_maxinc_2_radius,Round 3,O=C(O)c1nc(C(=O)N[C@H]2CCN(c3ccc(Cl)cc3Cl)C2)c(Cl)cc1Cl,0.8897165668010711,2.8634932739216215,0.49580838323353293,0.0610295318532735,0.078909636568278,0.4962518740629685,0.5668202764976958
modified_score,mutate,0_minsize_10_maxsize_-2_mininc_2_maxinc_2_radius,Round 3,NCC(=O)c1nc(C(=O)N[C@H]2CCN(c3ccc(Cl)cc3Cl)C2)ccc1Cl,0.7103021764755248,2.955280725065073,0.48764315852923446,0.1787063840776682,0.1945194285362959,0.4797803295057414,0.5814393939393939
modified_score,mutate,0_minsize_10_maxsize_-2_mininc_2_maxinc_2_radius,Round 3,NCCC(=O)c1nc(C(=O)N[C@H]2CCN(c3ccc(Cl)cc3Cl)C2)ccc1Cl,0.7471806395053864,2.974065053451845,0.4949071300179748,0.1614434026181697,0.1780409161001444,0.4910269192422732,0.5626151012891344
modified_score,mutate,0_minsize_10_maxsize_-2_mininc_2_maxinc_2_radius,Round 3,Nc1ccc(SCC(=O)N[C@H]2CCN(c3ccc(Cl)cc3Cl)C2)nc1C(=O)O,0.7907030820846558,2.9456076570021406,0.4460659898477157,0.0640819582622498,0.0671718766912818,0.4592074592074592,0.49127640036730946
modified_score,mutate,0_minsize_10_maxsize_-2_mininc_2_maxinc_2_radius,Round 3,CNc1nc(C(=O)N[C@H]2CCN(c3ccc(Cl)cc3Cl)C2)ccc1N,0.7264216941595077,2.8451501312718257,0.4649176327028676,0.1381553493440151,0.1480475569143891,0.46474820143884893,0.6143001007049346
modified_score,mutate,0_minsize_10_maxsize_-2_mininc_2_maxinc_2_radius,Round 3,CN(C)c1nc(C(=O)N[C@H]2CCN(c3ccc(Cl)cc3Cl)C2)ccc1N,0.7124617338180542,2.907897944998405,0.470873786407767,0.13246361464262,0.1495725952088832,0.46652421652421655,0.6019704433497537
modified_score,mutate,0_minsize_10_maxsize_-2_mininc_2_maxinc_2_radius,Round 3,CSc1nc(C(=O)N[C@H]2CCN(c3ccc(Cl)cc3Cl)C2)ccc1N,0.7241479724645614,2.9186771642388596,0.4641782059000602,0.1112436829134821,0.1218096945434808,0.47103569338794615,0.598825831702544
modified_score,mutate,0_minsize_10_maxsize_-2_mininc_2_maxinc_2_radius,Round 3,Nc1ccc(C(=O)N[C@H]2CCN(c3c(Cl)cc(Cl)cc3Cl)C2)nc1C(=O)O,0.8682587289810181,2.9842167666451136,0.49271844660194175,0.0518733602017164,0.0680826846510171,0.48792613636363635,0.5858778625954199
modified_score,mutate,0_minsize_10_maxsize_-2_mininc_2_maxinc_2_radius,Round 3,O=C(O)c1cccc(C(=O)N[C@H]2CCN(c3cc(NC4CC4)c(Cl)cc3Cl)C2)n1,0.7803678119182587,2.9366979069704975,0.46682897139379187,0.065559876570478,0.0838573429267853,0.4786695589298626,0.6103896103896104
modified_score,mutate,0_minsize_10_maxsize_-2_mininc_2_maxinc_2_radius,Round 3,CC(C)c1cc(N2CC[C@H](NC(=O)c3cccc(C(=O)O)n3)C2)c(Cl)cc1Cl,0.7134867978096008,2.9108968293682356,0.49217809867629364,0.0542445079423487,0.0691462025046348,0.49469964664310956,0.5719626168224299
modified_score,mutate,0_minsize_10_maxsize_-2_mininc_2_maxinc_2_radius,Round 3,CCNc1cc(N2CC[C@H](NC(=O)c3cccc(C(=O)O)n3)C2)c(Cl)cc1Cl,0.7078763777017594,2.9138946392506604,0.46286065070595456,0.0531625446863472,0.0698487882968038,0.47514619883040937,0.6239754098360656
modified_score,mutate,0_minsize_10_maxsize_-2_mininc_2_maxinc_2_radius,Round 3,CN(C)c1cc(N2CC[C@H](NC(=O)c3cccc(C(=O)O)n3)C2)c(Cl)cc1Cl,0.7708660405874252,2.9679663598377655,0.46286065070595456,0.0551618578843772,0.0755164504051208,0.47514619883040937,0.6239754098360656
modified_score,mutate,0_minsize_10_maxsize_-2_mininc_2_maxinc_2_radius,Round 3,O=C(O)c1cccc(C(=O)N[C@H]2CCN(c3cc(OC(F)F)c(Cl)cc3Cl)C2)n1,0.7232554525136947,2.965990877055969,0.49697303247110625,0.0529519733507186,0.0763174730818718,0.4965034965034965,0.5715604801477377
modified_score,mutate,0_minsize_8_maxsize_-2_mininc_2_maxinc_2_radius,Round 2,O=C(CSc1ccc(Cl)c(Cl)c1)N[C@H]1CCN(c2ccc(Cl)cc2Cl)C1,0.7208592993021011,2.629744783776065,0.3655107778819119,0.1932646851055324,0.1900804132223129,0.49120603015075376,0.5436241610738255
modified_score,mutate,0_minsize_8_maxsize_-2_mininc_2_maxinc_2_radius,Round 4,O=C(COc1c(Cl)cc(Cl)cc1Cl)N[C@H]1CCN(c2ccc(Cl)cc2Cl)C1,0.712654463648796,2.65194657121892,0.3784037558685446,0.194703054241836,0.1990606740117073,0.47901234567901235,0.5541899441340782
modified_score,mutate,0_minsize_8_maxsize_-2_mininc_2_maxinc_2_radius,Round 4,O=C(CCn1ncc(Cl)c(Cl)c1=O)N[C@H]1CCN(c2ccc(Cl)cc2Cl)C1,0.7166213411092758,2.877836417372764,0.44089456869009586,0.1819835614413023,0.1801922727376222,0.4488341968911917,0.5080113100848256
modified_score,mutate,0_minsize_8_maxsize_-2_mininc_2_maxinc_3_radius,Round 2,O=C(N[C@H]1CCN(c2cc(O)c(Cl)cc2Cl)C1)c1cnccn1,0.7072858250141144,2.8710456841298786,0.41199478487614083,0.1218638576567173,0.1410916723310947,0.4706814580031696,0.7034949267192785
modified_score,mutate,0_minsize_8_maxsize_-2_mininc_2_maxinc_3_radius,Round 2,O=C(N[C@H]1CCN(c2cc(O)c(Cl)cc2Cl)C1)c1ccccc1Cl,0.7118245446681977,2.5923374822572534,0.4053738317757009,0.1696495112031698,0.190152583643794,0.45665236051502145,0.6047516198704104
modified_score,mutate,0_minsize_8_maxsize_-2_mininc_2_maxinc_3_radius,Round 4,O=C(N[C@H]1CCN(c2c(Cl)c(O)c(Cl)c(O)c2Cl)C1)c1ccccc1,0.7021848982572556,2.924944942547505,0.3917593198168738,0.1274660564959049,0.14777154000476,0.4618055555555556,0.6151315789473685
modified_score,mutate,0_minsize_8_maxsize_-2_mininc_2_maxinc_3_radius,Round 4,O=C(Cc1ccccc1)N[C@H]1CCN(c2c(Cl)c(O)c(Cl)c(O)c2Cl)C1,0.7040279310941696,2.9744883296137896,0.39156229400131837,0.1540173118934035,0.1721832808107137,0.45958429561200925,0.5336842105263158
modified_score,mutate,0_minsize_8_maxsize_-2_mininc_2_maxinc_3_radius,Round 4,O=C(N[C@H]1CCN(c2c(Cl)c(O)c(Cl)c(O)c2Cl)C1)c1ccc(F)cc1,0.7250068962574006,2.976320426038491,0.41172638436482084,0.1704782616347074,0.1776125447824597,0.4626485568760611,0.5966209081309398
modified_score,mutate,0_minsize_8_maxsize_-2_mininc_2_maxinc_3_radius,Round 4,O=C(N[C@H]1CCN(c2c(Cl)cc(Cl)c(O)c2Cl)C1)c1ccc(Br)cc1Br,0.7269867467880249,2.9911104585411987,0.42305712815234175,0.1830177698284387,0.1898603167384863,0.47793505412156534,0.5718592964824121
modified_score,mutate,0_minsize_8_maxsize_-2_mininc_2_maxinc_3_radius,Round 4,O=C(N[C@H]1CCN(c2c(Cl)cc(Cl)c(O)c2Cl)C1)c1ccccc1Br,0.7120204037427902,2.8520038054237595,0.4138328530259366,0.1596173543483018,0.1720540633425116,0.474218089602705,0.5869565217391305
modified_score,mutate,0_minsize_8_maxsize_-2_mininc_2_maxinc_3_radius,Round 4,O=C(N[C@H]1CCN(c2c(Cl)cc(Cl)c(O)c2Cl)C1)c1ccccn1,0.7538400173187256,2.9036589518324547,0.43842364532019706,0.1062310930341482,0.1277005089446902,0.45461254612546126,0.6449197860962567
modified_score,mutate,0_minsize_8_maxsize_-2_mininc_2_maxinc_3_radius,Round 4,O=C(CC1CCCCC1)N[C@H]1CCN(c2c(Cl)cc(Cl)c(O)c2Cl)C1,0.7370142877101898,2.977046614788309,0.3828647925033467,0.1946382824331522,0.1991420444101095,0.4981549815498155,0.5320304017372421
modified_score,mutate,0_minsize_8_maxsize_-2_mininc_2_maxinc_3_radius,Round 4,O=C(N[C@H]1CCN(c2c(Cl)cc(Cl)c(O)c2Cl)C1)c1ccco1,0.7478840231895447,2.972034670816269,0.4038709677419355,0.1187104234471917,0.1380899827927351,0.4382259767687434,0.6010526315789474
modified_score,mutate,0_minsize_8_maxsize_-2_mininc_2_maxinc_3_radius,Round 4,Cc1ccc(C(=O)N[C@H]2CCN(c3c(Cl)cc(Cl)c(O)c3Cl)C2)c(Cl)c1,0.7376309657096862,2.870994098844557,0.42560553633217996,0.1758307162672281,0.1856921710073948,0.4570247933884298,0.5756345177664974
modified_score,mutate,0_minsize_8_maxsize_-2_mininc_2_maxinc_3_radius,Round 4,O=C(N[C@H]1CCN(c2c(Cl)cc(Cl)c(O)c2Cl)C1)c1ccccc1Cl,0.754581008553505,2.7769957786679083,0.41686046511627906,0.1722901858389377,0.1899129088968038,0.4619289340101523,0.590146750524109
modified_score,mutate,0_minsize_8_maxsize_-2_mininc_2_maxinc_3_radius,Round 4,CSc1ccccc1C(=O)N[C@H]1CCN(c2c(Cl)cc(Cl)c(O)c2Cl)C1,0.745670417547226,2.9484248680753264,0.4345360824742268,0.1528189145028591,0.1607572618871927,0.4471594379963348,0.5694444444444444
modified_score,mutate,0_minsize_8_maxsize_-2_mininc_2_maxinc_3_radius,Round 4,O=C(N[C@H]1CCN(c2c(Cl)cc(Cl)c(O)c2Cl)C1)c1ccc(F)cc1Cl,0.7681781077384948,2.885788031672293,0.4352865421764327,0.1852170169353485,0.1989163994789123,0.4607201309328969,0.5677290836653387
modified_score,mutate,0_minsize_8_maxsize_-2_mininc_2_maxinc_3_radius,Round 4,O=C(N[C@H]1CCN(c2c(Cl)cc(Cl)c(O)c2Cl)C1)c1ccccc1F,0.7028631448745728,2.796195778667908,0.416289592760181,0.1488353166729212,0.1680624391883611,0.47716535433070867,0.5818743563336766
modified_score,mutate,0_minsize_8_maxsize_-2_mininc_2_maxinc_3_radius,Round 4,O=C(N[C@H]1CCN(c2c(Cl)cc(Cl)c(O)c2Cl)C1)c1ccc(O)cc1,0.7195786094665527,2.8114426014103824,0.3952724885095207,0.1704889625310897,0.1812428537756204,0.4745614035087719,0.6171617161716172
modified_score,mutate,0_minsize_8_maxsize_-2_mininc_2_maxinc_3_radius,Round 4,O=C(N[C@H]1CCN(c2c(Cl)cc(Cl)c(O)c2Cl)C1)c1ccc(O)cc1O,0.7830814015865326,2.9892500035032796,0.42312008978675647,0.1632096711546182,0.1754586953669786,0.47098402018502944,0.5888429752066116
modified_score,mutate,0_minsize_8_maxsize_-2_mininc_2_maxinc_3_radius,Round 4,O=C(N[C@H]1CCN(c2c(Cl)cc(Cl)c(O)c2Cl)C1)c1ccccc1O,0.748934081196785,2.84485397264784,0.40710932260228033,0.1668973129242658,0.1784628316760063,0.474120082815735,0.6066098081023454
modified_score,mutate,0_minsize_8_maxsize_-2_mininc_2_maxinc_3_radius,Round 1,O=C(N[C@H]1CCN(c2ccc(Cl)cc2Cl)C1)c1cccc(O)c1Cl,0.7217926216125489,2.61384448570157,0.4214876033057851,0.1676310610026121,0.172249299660325,0.4621342512908778,0.5965665236051502
modified_score,mutate,0_minsize_8_maxsize_-2_mininc_2_maxinc_3_radius,Round 3,Cc1ccc(C(=O)N[C@H]2CCN(c3cc(O)c(Cl)cc3Cl)C2)c(Cl)c1,0.7009423059225083,2.692419858935466,0.414252607184241,0.1733668964356184,0.1867873519659042,0.451802179379715,0.5893416927899686
modified_score,mutate,0_minsize_8_maxsize_-2_mininc_2_maxinc_3_radius,Round 3,CSc1ncccc1C(=O)N[C@H]1CCN(c2cc(O)c(Cl)cc2Cl)C1,0.7293010294437409,2.890937384019079,0.4628099173553719,0.1197248855605721,0.1362013474106788,0.4885777450257922,0.5631528964862298
modified_score,mutate,0_minsize_8_maxsize_-2_mininc_2_maxinc_3_radius,Round 3,O=C(N[C@H]1CCN(c2cc(O)c(Cl)cc2Cl)C1)c1ccc(F)cc1Cl,0.7259732329845429,2.7076426014103827,0.4282001299545159,0.1794035654515028,0.197208135202527,0.45583832335329344,0.5809426229508197
modified_score,mutate,0_minsize_8_maxsize_-2_mininc_2_maxinc_3_radius,Round 3,O=C(N[C@H]1CCN(c2cc(O)c(Cl)cc2Cl)C1)c1ccc(O)cc1O,0.737379457950592,2.814103470975601,0.40978077571669475,0.1603161733597517,0.1768013384193182,0.4711340206185567,0.601272534464475
modified_score,mutate,0_minsize_6_maxsize_-2_mininc_2_maxinc_2_radius,Round 4,O=C(O)c1cc(Cl)ccc1C(=O)N[C@H]1CCN(c2c(Cl)cc(Cl)c(O)c2Cl)C1,0.7565830880403519,2.934778226918054,0.4698919197117859,0.1497250005602836,0.1552515549585223,0.4974545454545454,0.5404651162790698
modified_score,mutate,0_minsize_6_maxsize_-2_mininc_2_maxinc_2_radius,Round 4,O=C(Cc1ccccc1C(=O)O)N[C@H]1CCN(c2c(Cl)cc(Cl)c(O)c2Cl)C1,0.725745941400528,2.92490302317443,0.4487678339818418,0.0605135325808078,0.0842152513563632,0.4645622394282311,0.4966824644549763
modified_score,mutate,0_minsize_6_maxsize_-2_mininc_2_maxinc_2_radius,Round 4,O=C(CSc1ccccc1C(=O)O)N[C@H]1CCN(c2c(Cl)cc(Cl)c(O)c2Cl)C1,0.7261288732290268,2.9773049155175073,0.45495495495495497,0.0522291551809757,0.0743321824353188,0.4591893392559689,0.493953488372093
modified_score,mutate,0_minsize_6_maxsize_-2_mininc_2_maxinc_2_radius,Round 3,O=C(CSc1ncccc1C(=O)O)N[C@H]1CCN(c2cc(O)c(Cl)cc2Cl)C1,0.7460426199436188,2.917120083037643,0.4921875,0.0552519511897116,0.0745750481728464,0.4921875,0.47957371225577267
modified_score,mutate,0_minsize_6_maxsize_-2_mininc_2_maxinc_2_radius,Round 3,O=C(O)c1cc(Cl)ccc1C(=O)N[C@H]1CCN(c2cc(O)c(Cl)cc2Cl)C1,0.7019766283035278,2.7658329828613297,0.45543534260690366,0.1419570580124855,0.1527627361938357,0.4868035190615836,0.5535372848948374
modified_score,mutate,0_minsize_10_maxsize_-2_mininc_2_maxinc_3_radius,Round 4,O=C(CC1CCCC1)N[C@H]1CCN(c2c(Cl)cc(Cl)c(O)c2Cl)C1,0.7381018847227097,2.9832557371367017,0.3815261044176707,0.1739162899553775,0.1810305256396532,0.4975369458128079,0.5348583877995643
chemprop_score,mutate,0_minsize_10_maxsize_-2_mininc_2_maxinc_2_radius,Round 2,O=C(N[C@H]1CCN(c2ccc(Cl)cc2Cl)C1)c1nccc(Cl)c1Br,0.7938519996404648,2.869830938055186,0.4540507859733978,0.1954329911619425,0.1997123420238495,0.4585755813953488,0.6150753768844222
chemprop_score,mutate,0_minsize_10_maxsize_-2_mininc_2_maxinc_2_radius,Round 2,Cc1c(Cl)ccnc1C(=O)N[C@H]1CCN(c2ccc(Cl)cc2Cl)C1,0.7357017397880554,2.7467241642319937,0.46209824135839905,0.1573733363300561,0.1737290628254413,0.46771879483500717,0.6162324649298597
chemprop_score,mutate,0_minsize_10_maxsize_-2_mininc_2_maxinc_2_radius,Round 2,C=Cc1c(Cl)ccnc1C(=O)N[C@H]1CCN(c2ccc(Cl)cc2Cl)C1,0.7508719801902771,2.975873647755341,0.48566308243727596,0.1989659275859594,0.198261946067214,0.4883960804538422,0.5829428303655108
chemprop_score,mutate,0_minsize_10_maxsize_-2_mininc_2_maxinc_2_radius,Round 2,CSc1c(Cl)ccnc1C(=O)N[C@H]1CCN(c2ccc(Cl)cc2Cl)C1,0.8067362928390502,2.9666204609421545,0.4836016696481813,0.1735894735902547,0.1818150155246257,0.4895247828308636,0.5750232991612302
chemprop_score,mutate,0_minsize_10_maxsize_-2_mininc_2_maxinc_2_radius,Round 2,O=C(N[C@H]1CCN(c2ccc(Cl)cc2Cl)C1)c1nccc(Cl)c1F,0.7819678544998169,2.7944851286407193,0.4610271903323263,0.1620674449950456,0.1801547341048717,0.4632929436920884,0.6071428571428571
chemprop_score,mutate,0_minsize_10_maxsize_-2_mininc_2_maxinc_2_radius,Round 2,Nc1c(Cl)ccnc1C(=O)N[C@H]1CCN(c2ccc(Cl)cc2Cl)C1,0.7974265062808991,2.8708704328887116,0.45332519829164125,0.1934261612594127,0.1961933780461549,0.46204863669859986,0.6262833675564682
chemprop_score,mutate,0_minsize_10_maxsize_-2_mininc_2_maxinc_2_radius,Round 2,CC(C)c1ccnc(C(=O)N[C@H]2CCN(c3ccc(Cl)cc3Cl)C2)c1Cl,0.7443393868207931,2.8680075603830204,0.4828416616496087,0.1520123731344938,0.1581868086010217,0.48830409356725146,0.5811965811965812
chemprop_score,mutate,0_minsize_10_maxsize_-2_mininc_2_maxinc_2_radius,Round 2,CCNc1ccnc(C(=O)N[C@H]2CCN(c3ccc(Cl)cc3Cl)C2)c1Cl,0.7679284477233886,2.867475658380913,0.4734939759036145,0.1490343276411295,0.1628455769270658,0.4731934731934732,0.5938104448742747
chemprop_score,mutate,0_minsize_10_maxsize_-2_mininc_2_maxinc_2_radius,Round 2,CCOc1ccnc(C(=O)N[C@H]2CCN(c3ccc(Cl)cc3Cl)C2)c1Cl,0.7131474244594574,2.7736044255041996,0.48464780252859724,0.1849771004170179,0.1827744636684656,0.4805396990140114,0.5795454545454546
chemprop_score,mutate,0_minsize_10_maxsize_-2_mininc_2_maxinc_2_radius,Round 2,CCSc1ccnc(C(=O)N[C@H]2CCN(c3ccc(Cl)cc3Cl)C2)c1Cl,0.7837836360931396,2.9728448891501422,0.49155609167671893,0.1684510705992579,0.1639314886182546,0.4881687242798354,0.5757290686735654
chemprop_score,mutate,0_minsize_10_maxsize_-2_mininc_2_maxinc_2_radius,Round 2,CN(C)c1ccnc(C(=O)N[C@H]2CCN(c3ccc(Cl)cc3Cl)C2)c1Cl,0.7986901593208313,2.9143017911522513,0.4731766124171187,0.1801435448229313,0.1968479443341493,0.47374562427071176,0.5980582524271845
chemprop_score,mutate,0_minsize_10_maxsize_-2_mininc_2_maxinc_2_radius,Round 2,O=C(N[C@H]1CCN(c2ccc(Cl)cc2Cl)C1)c1nccc(C(F)F)c1Cl,0.7869057011604309,2.996934483459942,0.48972188633615477,0.1594553712755441,0.1652709119021892,0.48252826310380265,0.5821462488129154
chemprop_score,mutate,0_minsize_10_maxsize_-2_mininc_2_maxinc_2_radius,Round 2,NCCc1ccnc(C(=O)N[C@H]2CCN(c3ccc(Cl)cc3Cl)C2)c1Cl,0.7114954918622971,2.9145146467897636,0.4845921450151057,0.1308367572724819,0.1380456686019897,0.4847953216374269,0.5845272206303725
chemprop_score,mutate,0_minsize_10_maxsize_-2_mininc_2_maxinc_2_radius,Round 2,NC(=O)c1ccnc(C(=O)N[C@H]2CCN(c3ccc(Cl)cc3Cl)C2)c1Cl,0.7361699283123017,2.8610037142291738,0.4731182795698925,0.0882780754007399,0.1078357135877013,0.4865810968494749,0.581042654028436
chemprop_score,mutate,0_minsize_10_maxsize_-2_mininc_2_maxinc_2_radius,Round 2,O=C(O)c1ccnc(C(=O)N[C@H]2CCN(c3ccc(Cl)cc3Cl)C2)c1Cl,0.809871951341629,2.823747944998404,0.4913329348475792,0.0357991227647289,0.0577883212827146,0.4965156794425087,0.5640552995391706
chemprop_score,mutate,0_minsize_10_maxsize_-2_mininc_2_maxinc_2_radius,Round 2,Cc1cnc(C(=O)N[C@H]2CCN(c3ccc(Cl)cc3Cl)C2)c(Cl)c1Cl,0.800823221206665,2.877145611443826,0.48473967684021546,0.1842828683555126,0.1987295273691415,0.4863095238095238,0.5787992495309568
chemprop_score,mutate,0_minsize_10_maxsize_-2_mininc_2_maxinc_2_radius,Round 2,Cc1cc(Cl)c(Cl)c(C(=O)N[C@H]2CCN(c3ccc(Cl)cc3Cl)C2)n1,0.7910967314243317,2.840601798734797,0.4758454106280193,0.1802872691303491,0.1948918893933296,0.47105423522242534,0.5980582524271845
chemprop_score,mutate,0_minsize_10_maxsize_-2_mininc_2_maxinc_2_radius,Round 2,O=C(N[C@H]1CCN(c2ccc(Cl)cc2Cl)C1)c1nc(CO)cc(Cl)c1Cl,0.7424904173612594,2.9921248680753276,0.4958133971291866,0.178792493417859,0.1951125562191009,0.49550898203592814,0.5724838411819021
chemprop_score,mutate,0_minsize_10_maxsize_-2_mininc_2_maxinc_2_radius,Round 2,CSc1ccnc(C(=O)N[C@H]2CCN(c3ccc(Cl)cc3Cl)C2)c1F,0.7701865494251251,2.9084804609421546,0.4885817307692308,0.1465124094858765,0.142116655036807,0.48411885245901637,0.5780075187969925
chemprop_score,mutate,0_minsize_10_maxsize_-2_mininc_2_maxinc_2_radius,Round 2,CCCSc1ccnc(C(=O)N[C@H]2CCN(c3ccc(Cl)cc3Cl)C2)c1Cl,0.7582101690769195,2.9891423930812664,0.4948826008428657,0.1884036902338266,0.1826707858592272,0.4933127572016461,0.5718283582089553
chemprop_score,mutate,0_minsize_10_maxsize_-2_mininc_2_maxinc_2_radius,Round 2,CCCCc1ccnc(C(=O)N[C@H]2CCN(c3ccc(Cl)cc3Cl)C2)c1Cl,0.7080768436193466,2.8424023121096074,0.48823174411587206,0.1533072147518396,0.1596445932984352,0.4865810968494749,0.5780510879848628
chemprop_score,mutate,0_minsize_10_maxsize_-2_mininc_2_maxinc_2_radius,Round 2,CCCNc1ccnc(C(=O)N[C@H]2CCN(c3ccc(Cl)cc3Cl)C2)c1Cl,0.7514779299497605,2.86234988295981,0.4744130042143287,0.1662075601518154,0.1790752112865448,0.4732246798603027,0.5920925747348119
chemprop_score,mutate,0_minsize_10_maxsize_-2_mininc_2_maxinc_2_radius,Round 2,CCCOc1ccnc(C(=O)N[C@H]2CCN(c3ccc(Cl)cc3Cl)C2)c1Cl,0.7045962238311767,2.8147154700043444,0.48947684906794947,0.1992865283042192,0.1975499529391527,0.4860392967942089,0.5735707591377694
chemprop_score,mutate,0_minsize_10_maxsize_-2_mininc_2_maxinc_2_radius,Round 2,O=C(N[C@H]1CCN(c2ccc(Cl)cc2Cl)C1)c1nccc(NC2CC2)c1Cl,0.7875574880838394,2.891093405227016,0.4772727272727273,0.1774588383734226,0.1982040546834468,0.48077883175237146,0.5818353831598865
chemprop_score,mutate,0_minsize_10_maxsize_-2_mininc_2_maxinc_2_radius,Round 2,NCCNc1ccnc(C(=O)N[C@H]2CCN(c3ccc(Cl)cc3Cl)C2)c1Cl,0.7475781238079071,2.9526395590731696,0.4744130042143287,0.152351152524352,0.1660866860300302,0.47494172494172493,0.5920925747348119
chemprop_score,mutate,0_minsize_10_maxsize_-2_mininc_2_maxinc_2_radius,Round 2,NCCOc1ccnc(C(=O)N[C@H]2CCN(c3ccc(Cl)cc3Cl)C2)c1Cl,0.7202180576324463,2.90984947810151,0.4900900900900901,0.1691504083573818,0.1708848133683204,0.4867807153965785,0.5758426966292135
chemprop_score,mutate,0_minsize_10_maxsize_-2_mininc_2_maxinc_2_radius,Round 2,O=C(N[C@H]1CCN(c2ccc(Cl)cc2Cl)C1)c1nccc(NCCO)c1Cl,0.7082361578941345,2.9200847007735735,0.4789915966386555,0.1381261570379138,0.1534177957102656,0.4810936591041303,0.5866666666666667
chemprop_score,mutate,0_minsize_10_maxsize_-2_mininc_2_maxinc_2_radius,Round 4,O=C(CNc1cccc(Br)c1)N[C@H]1CCN(c2c(Cl)cc(Cl)c(O)c2F)C1,0.7047749638557435,2.9915576481419954,0.4429042904290429,0.1579157281666994,0.1743499584496021,0.45274102079395084,0.4980430528375734
chemprop_score,mutate,0_minsize_10_maxsize_-2_mininc_2_maxinc_2_radius,Round 4,O=C(CNc1ccc(Br)cc1)N[C@H]1CCN(c2c(Cl)cc(Cl)c(O)c2F)C1,0.7114081221818924,2.945747186603535,0.4409030544488712,0.1803437188267707,0.1960706189274788,0.4596928982725528,0.5044687189672294
chemprop_score,mutate,0_minsize_10_maxsize_-2_mininc_2_maxinc_2_radius,Round 4,O=C(N[C@H]1CCN(c2c(Cl)cc(Cl)c(O)c2F)C1)c1ccncc1,0.7125299155712128,2.9145498817980116,0.4640992167101828,0.107479777187109,0.1129502567462623,0.47156084656084657,0.5738354806739346
chemprop_score,mutate,0_minsize_10_maxsize_-2_mininc_2_maxinc_2_radius,Round 4,O=C(Cc1ccncc1)N[C@H]1CCN(c2c(Cl)cc(Cl)c(O)c2F)C1,0.7094941174983979,2.9630441972058907,0.4605263157894737,0.1139555903151631,0.1298707142472267,0.4670219853431046,0.5033621517771374
chemprop_score,mutate,0_minsize_10_maxsize_-2_mininc_2_maxinc_2_radius,Round 4,O=C(N[C@H]1CCN(c2c(Cl)cc(Cl)c(O)c2F)C1)c1ccccn1,0.7742261171340943,2.922295461591352,0.4884020618556701,0.0970269521698355,0.1210448076017201,0.49121665582303187,0.5913461538461539
chemprop_score,mutate,0_minsize_10_maxsize_-2_mininc_2_maxinc_2_radius,Round 4,O=C(CC1CCCCC1)N[C@H]1CCN(c2c(Cl)cc(Cl)c(O)c2F)C1,0.7471518272161484,2.994884416986112,0.4558725945587259,0.1813968662172556,0.1900203164666891,0.4603024574669187,0.49127906976744184
chemprop_score,mutate,0_minsize_10_maxsize_-2_mininc_2_maxinc_2_radius,Round 4,O=C(CCC1CCCC1)N[C@H]1CCN(c2c(Cl)cc(Cl)c(O)c2F)C1,0.7693764466047287,2.9974855158872113,0.45763842561707807,0.1516500528901815,0.1678662065416574,0.461465271170314,0.49560117302052786
chemprop_score,mutate,0_minsize_10_maxsize_-2_mininc_2_maxinc_2_radius,Round 4,O=C(CCC1CCCCC1)N[C@H]1CCN(c2c(Cl)cc(Cl)c(O)c2F)C1,0.7658742332458496,2.9936425709204286,0.45727636849132175,0.1690841313451528,0.1836271103471517,0.4637404580152672,0.49510763209393344
chemprop_score,mutate,0_minsize_10_maxsize_-2_mininc_2_maxinc_2_radius,Round 4,O=C(CCSc1ccccc1)N[C@H]1CCN(c2c(Cl)cc(Cl)c(O)c2F)C1,0.7513417750597,2.9476913809355167,0.4576493762311228,0.1293302258476615,0.1531563862226903,0.4592445328031809,0.4876425855513308
chemprop_score,mutate,0_minsize_10_maxsize_-2_mininc_2_maxinc_2_radius,Round 4,O=C(N[C@H]1CCN(c2c(Cl)cc(Cl)c(O)c2F)C1)c1cccnc1,0.7096633768081665,2.9038387451734415,0.4866796621182586,0.1497706867754459,0.1586130291223526,0.49440421329822254,0.5686839577329491
chemprop_score,mutate,0_minsize_10_maxsize_-2_mininc_2_maxinc_2_radius,Round 4,Cc1c(Br)cccc1C(=O)N[C@H]1CCN(c2c(Cl)cc(Cl)c(O)c2F)C1,0.7050346046686172,2.9741108919106463,0.48860759493670886,0.1495348308235407,0.1639356784522533,0.4982558139534884,0.5288288288288289
chemprop_score,mutate,0_minsize_10_maxsize_-2_mininc_2_maxinc_2_radius,Round 4,Cc1ccc(C(=O)N[C@H]2CCN(c3c(Cl)cc(Cl)c(O)c3F)C2)c(Cl)c1,0.7374844515323639,2.8885806643916876,0.4856046065259117,0.1682562179863453,0.179088949598372,0.4912621359223301,0.5321691176470589
chemprop_score,mutate,0_minsize_10_maxsize_-2_mininc_2_maxinc_2_radius,Round 4,Cc1ccc(C(=O)N[C@H]2CCN(c3c(Cl)cc(Cl)c(O)c3F)C2)c(O)c1,0.7294063460826874,2.9425299601663344,0.4770408163265306,0.1539298187941312,0.1627120232209563,0.48258064516129034,0.5408163265306123
chemprop_score,mutate,0_minsize_10_maxsize_-2_mininc_2_maxinc_2_radius,Round 4,Cc1cccc(C(=O)N[C@H]2CCN(c3c(Cl)cc(Cl)c(O)c3F)C2)c1O,0.7503751194477082,2.958532993752467,0.4888463989802422,0.1586995024234056,0.1727741457521915,0.49355670103092786,0.5422018348623853
chemprop_score,mutate,0_minsize_10_maxsize_-2_mininc_2_maxinc_2_radius,Round 4,Cc1cccc(C(=O)N[C@H]2CCN(c3c(Cl)cc(Cl)c(O)c3F)C2)n1,0.7222395366430283,2.9923014642866352,0.4948914431673052,0.1010689193382859,0.1217975154519081,0.49581455247907275,0.5816135084427767
chemprop_score,mutate,0_minsize_10_maxsize_-2_mininc_2_maxinc_2_radius,Round 4,Cc1ccc(C)c(NCC(=O)N[C@H]2CCN(c3c(Cl)cc(Cl)c(O)c3F)C2)c1,0.7050487399101257,2.9739777484491547,0.4646133682830931,0.1799981858581304,0.1901215087622404,0.4721115537848606,0.49056603773584906
chemprop_score,mutate,0_minsize_10_maxsize_-2_mininc_2_maxinc_2_radius,Round 4,Cc1cccc(NCC(=O)N[C@H]2CCN(c3c(Cl)cc(Cl)c(O)c3F)C2)c1C,0.7191525775194169,2.9896994267708337,0.46727748691099474,0.1725764740258455,0.1817898914217948,0.47480106100795755,0.4873477038425492
chemprop_score,mutate,0_minsize_10_maxsize_-2_mininc_2_maxinc_2_radius,Round 4,Cc1ccc(NCC(=O)N[C@H]2CCN(c3c(Cl)cc(Cl)c(O)c3F)C2)cc1C,0.7026682579517365,2.96089403216544,0.45532194480946125,0.1705045826733112,0.1857079207897186,0.46174318030605455,0.49855907780979825
chemprop_score,mutate,0_minsize_10_maxsize_-2_mininc_2_maxinc_2_radius,Round 4,Cc1ccc(O)c(C(=O)N[C@H]2CCN(c3c(Cl)cc(Cl)c(O)c3F)C2)c1,0.7214355790615081,2.9326640880103216,0.48693435309114086,0.1715993270277977,0.1817728854715824,0.49258542875564154,0.5436982520699172
chemprop_score,mutate,0_minsize_10_maxsize_-2_mininc_2_maxinc_2_radius,Round 4,Cc1ccc(SCCC(=O)N[C@H]2CCN(c3c(Cl)cc(Cl)c(O)c3F)C2)cc1,0.7428459006547928,2.9854987812624962,0.4708960104643558,0.1339402988553047,0.1597192753106355,0.4726072607260726,0.4827906976744186
chemprop_score,mutate,0_minsize_10_maxsize_-2_mininc_2_maxinc_2_radius,Round 4,Cc1c(F)cccc1C(=O)N[C@H]1CCN(c2c(Cl)cc(Cl)c(O)c2F)C1,0.7111657357215881,2.9483258431565833,0.4854614412136536,0.1486924540251493,0.1660482436418533,0.4931972789115646,0.527027027027027
chemprop_score,mutate,0_minsize_10_maxsize_-2_mininc_2_maxinc_2_radius,Round 4,CC(C)c1ccc(C(=O)N[C@H]2CCN(c3c(Cl)cc(Cl)c(O)c3F)C2)cc1,0.7076710367202759,2.8223851658135146,0.4778645833333333,0.1693793147802353,0.175671699270606,0.48450889914304546,0.5573770491803278
chemprop_score,mutate,0_minsize_10_maxsize_-2_mininc_2_maxinc_2_radius,Round 4,CCSc1ccc(C(=O)N[C@H]2CCN(c3c(Cl)cc(Cl)c(O)c3F)C2)cc1,0.7103952223062515,2.9555022635266113,0.4755784061696658,0.1581771537661552,0.1659966070204973,0.4773022049286641,0.5408450704225352
chemprop_score,mutate,0_minsize_10_maxsize_-2_mininc_2_maxinc_2_radius,Round 4,CCSc1ccccc1C(=O)N[C@H]1CCN(c2c(Cl)cc(Cl)c(O)c2F)C1,0.7206242549419403,2.9934610327573807,0.4933753943217666,0.1376233898103237,0.1487824732437729,0.49427480916030536,0.5217777777777778
chemprop_score,mutate,0_minsize_10_maxsize_-2_mininc_2_maxinc_2_radius,Round 4,O=C(N[C@H]1CCN(c2c(Cl)cc(Cl)c(O)c2F)C1)c1ccc(Br)cc1Cl,0.7705465781688691,2.945566363199921,0.4799745708836618,0.173906547576189,0.1862513586878776,0.48776223776223776,0.5292504570383912
chemprop_score,mutate,0_minsize_10_maxsize_-2_mininc_2_maxinc_2_radius,Round 4,O=C(COc1ccc(Br)cc1Cl)N[C@H]1CCN(c2c(Cl)cc(Cl)c(O)c2F)C1,0.7155559134483337,2.9790558703272776,0.4623392529087569,0.1783327255398035,0.1895465012639761,0.466796875,0.48666053357865685
chemprop_score,mutate,0_minsize_10_maxsize_-2_mininc_2_maxinc_2_radius,Round 4,O=C(N[C@H]1CCN(c2c(Cl)cc(Cl)c(O)c2F)C1)c1cccc(Cl)c1,0.7135103756189346,2.811757651577606,0.4702457956015524,0.1895483542233705,0.191558545269072,0.4738562091503268,0.551294343240652
chemprop_score,mutate,0_minsize_10_maxsize_-2_mininc_2_maxinc_2_radius,Round 4,O=C(N[C@H]1CCN(c2c(Cl)cc(Cl)c(O)c2F)C1)c1ccccc1Cl,0.7523548626899719,2.7950920997381417,0.47551546391752575,0.1638137388974428,0.1830635884776711,0.4810951760104302,0.5424528301886793
chemprop_score,mutate,0_minsize_10_maxsize_-2_mininc_2_maxinc_2_radius,Round 4,O=C(CNc1cccc(Cl)c1)N[C@H]1CCN(c2c(Cl)cc(Cl)c(O)c2F)C1,0.7540001821517944,2.942250571218919,0.4366290643662906,0.1846896506845951,0.198860540613532,0.4605009633911368,0.5054835493519442
chemprop_score,mutate,0_minsize_10_maxsize_-2_mininc_2_maxinc_2_radius,Round 4,O=C(COc1ccc(Cl)cc1Br)N[C@H]1CCN(c2c(Cl)cc(Cl)c(O)c2F)C1,0.7034092450141907,2.983486639558045,0.46642246642246643,0.1657537754625082,0.1815349271520972,0.47062146892655365,0.4751131221719457
chemprop_score,mutate,0_minsize_10_maxsize_-2_mininc_2_maxinc_2_radius,Round 4,O=C(COc1ccc(Cl)cc1Cl)N[C@H]1CCN(c2c(Cl)cc(Cl)c(O)c2F)C1,0.7689768809080124,2.919513812385219,0.45136186770428016,0.1805988058447837,0.1929527547210455,0.4576493762311228,0.49339622641509434
chemprop_score,mutate,0_minsize_10_maxsize_-2_mininc_2_maxinc_2_radius,Round 4,O=C(CSc1ccc(Cl)cc1)N[C@H]1CCN(c2c(Cl)cc(Cl)c(O)c2F)C1,0.7059417915344238,2.936001340449689,0.45787067276290006,0.1552388418465852,0.1678043033927679,0.4575378538512179,0.4835371589840075
chemprop_score,mutate,0_minsize_10_maxsize_-2_mininc_2_maxinc_2_radius,Round 4,O=C(CCSc1ccc(Cl)cc1)N[C@H]1CCN(c2c(Cl)cc(Cl)c(O)c2F)C1,0.8070236134529114,2.9980224499015495,0.45972495088408644,0.1646136935800314,0.1929758623242378,0.46133509583608723,0.48350612629594725
chemprop_score,mutate,0_minsize_10_maxsize_-2_mininc_2_maxinc_2_radius,Round 4,CN1CCN(CC(=O)N[C@H]2CCN(c3c(Cl)cc(Cl)c(O)c3F)C2)CC1,0.7163383805751801,2.975682560383019,0.4511415525114155,0.1428465204313397,0.1519693622365593,0.49262536873156343,0.5014895729890765
chemprop_score,mutate,0_minsize_10_maxsize_-2_mininc_2_maxinc_2_radius,Round 4,CN(C)c1ccc(C(=O)N[C@H]2CCN(c3c(Cl)cc(Cl)c(O)c3F)C2)cc1,0.7538386029005051,2.8751464963748443,0.46368352788586253,0.1673958174884319,0.1772009722888469,0.46916010498687666,0.564453125
chemprop_score,mutate,0_minsize_10_maxsize_-2_mininc_2_maxinc_2_radius,Round 4,CN(C)c1cccc(C(=O)N[C@H]2CCN(c3c(Cl)cc(Cl)c(O)c3F)C2)c1,0.7167804962396622,2.9283587624871092,0.4774193548387097,0.150670201331377,0.1628347599878907,0.4839973873285434,0.5497630331753555
chemprop_score,mutate,0_minsize_10_maxsize_-2_mininc_2_maxinc_2_radius,Round 4,COc1cc(C(=O)N[C@H]2CCN(c3c(Cl)cc(Cl)c(O)c3F)C2)ccc1O,0.7315072733163833,2.897021548349896,0.4877353108956075,0.1742882434278726,0.18444549664855,0.49818401937046003,0.5276018099547511
chemprop_score,mutate,0_minsize_10_maxsize_-2_mininc_2_maxinc_2_radius,Round 4,COc1ccc(C(=O)N[C@H]2CCN(c3c(Cl)cc(Cl)c(O)c3F)C2)c(Cl)c1,0.7421318483352661,2.883253980782328,0.4885974914481186,0.1732355576008558,0.1826170474290847,0.4932649134060295,0.526173285198556
chemprop_score,mutate,0_minsize_10_maxsize_-2_mininc_2_maxinc_2_radius,Round 4,COc1ccc(C(=O)N[C@H]2CCN(c3c(Cl)cc(Cl)c(O)c3F)C2)c(O)c1,0.7389948099851609,2.9306677021960486,0.48486403283735247,0.1569847621023655,0.1650987399742007,0.4937823834196891,0.5316455696202531
chemprop_score,mutate,0_minsize_10_maxsize_-2_mininc_2_maxinc_2_radius,Round 4,CSc1ccc(C(=O)N[C@H]2CCN(c3c(Cl)cc(Cl)c(O)c3F)C2)cc1,0.7117609477043152,2.910078714229174,0.4751452550032279,0.1588841222226619,0.166523171775043,0.47687296416938113,0.5464895635673624
chemprop_score,mutate,0_minsize_10_maxsize_-2_mininc_2_maxinc_2_radius,Round 4,CSc1ccc(CC(=O)N[C@H]2CCN(c3c(Cl)cc(Cl)c(O)c3F)C2)cc1,0.7038879555463791,2.9738714942958424,0.46852693056456846,0.1752639953047037,0.1917656812816858,0.4721311475409836,0.4833948339483395
chemprop_score,mutate,0_minsize_10_maxsize_-2_mininc_2_maxinc_2_radius,Round 4,CSc1ccccc1C(=O)N[C@H]1CCN(c2c(Cl)cc(Cl)c(O)c2F)C1,0.735584557056427,2.9657671757676347,0.49174078780177893,0.1413030263036489,0.1504086835309863,0.4935897435897436,0.5279783393501805
chemprop_score,mutate,0_minsize_10_maxsize_-2_mininc_2_maxinc_2_radius,Round 4,CS(=O)(=O)c1ccc(C(=O)N[C@H]2CCN(c3c(Cl)cc(Cl)c(O)c3F)C2)cc1,0.7067795932292938,2.875944826108338,0.4881940012763242,0.1100628810003399,0.1265548016875982,0.4900193174500966,0.528714676390155
chemprop_score,mutate,0_minsize_10_maxsize_-2_mininc_2_maxinc_2_radius,Round 4,O=C(N[C@H]1CCN(c2c(Cl)cc(Cl)c(O)c2F)C1)c1ccc(Br)cc1F,0.7076556414365769,2.9577665798846446,0.4847328244274809,0.1742466323077678,0.1848376721143722,0.4884318766066838,0.529143897996357
chemprop_score,mutate,0_minsize_10_maxsize_-2_mininc_2_maxinc_2_radius,Round 4,O=C(N[C@H]1CCN(c2c(Cl)cc(Cl)c(O)c2F)C1)c1ccc(F)cc1Br,0.7148096626996994,2.975789981834806,0.4876190476190476,0.1775057699531316,0.1830873355269432,0.49229781771501924,0.5289855072463768
chemprop_score,mutate,0_minsize_10_maxsize_-2_mininc_2_maxinc_2_radius,Round 4,O=C(N[C@H]1CCN(c2c(Cl)cc(Cl)c(O)c2F)C1)c1ccc(F)cc1Cl,0.7687333202362061,2.903374597219422,0.48302370275464446,0.1820946425199508,0.196317470818758,0.48865845755022685,0.5341959334565619
chemprop_score,mutate,0_minsize_10_maxsize_-2_mininc_2_maxinc_2_radius,Round 4,O=C(N[C@H]1CCN(c2c(Cl)cc(Cl)c(O)c2F)C1)c1cccc(F)c1F,0.7327983433008194,2.96855292874705,0.4863837872070931,0.1621668830513954,0.1771893728524446,0.49008317338451696,0.5202156334231806
chemprop_score,mutate,0_minsize_10_maxsize_-2_mininc_2_maxinc_2_radius,Round 4,O=C(CNc1ccccc1F)N[C@H]1CCN(c2c(Cl)cc(Cl)c(O)c2F)C1,0.7346604102849961,2.937841955834303,0.44087992667277726,0.1835861258208751,0.1968635302037,0.46296296296296297,0.5070564516129032
chemprop_score,mutate,0_minsize_10_maxsize_-2_mininc_2_maxinc_2_radius,Round 4,O=C(CSc1ccccc1F)N[C@H]1CCN(c2c(Cl)cc(Cl)c(O)c2F)C1,0.7002675139904022,2.9810641096804584,0.4654169360051713,0.1464141774922609,0.1620058350265026,0.4678326046221112,0.47619047619047616
chemprop_score,mutate,0_minsize_10_maxsize_-2_mininc_2_maxinc_2_radius,Round 4,O=C(N[C@H]1CCN(c2c(Cl)cc(Cl)c(O)c2F)C1)c1ccc(O)cc1,0.7259141105413437,2.8295389224806176,0.4654498044328553,0.162997118383646,0.1757085468620061,0.47194719471947194,0.563297350343474
chemprop_score,mutate,0_minsize_10_maxsize_-2_mininc_2_maxinc_2_radius,Round 4,O=C(N[C@H]1CCN(c2c(Cl)cc(Cl)c(O)c2F)C1)c1cccc(O)c1,0.7158474308252335,2.8831737050893125,0.4654615881213686,0.160035279020667,0.1721012324094772,0.47093403004572176,0.5528846153846154
chemprop_score,mutate,0_minsize_10_maxsize_-2_mininc_2_maxinc_2_radius,Round 4,O=C(Cc1ccc(O)cc1)N[C@H]1CCN(c2c(Cl)cc(Cl)c(O)c2F)C1,0.7138541239500046,2.896592175767635,0.46391076115485563,0.1776598807424307,0.1982975769788026,0.47043189368770766,0.49667616334283
chemprop_score,mutate,0_minsize_10_maxsize_-2_mininc_2_maxinc_2_radius,Round 4,O=C(N[C@H]1CCN(c2c(Cl)cc(Cl)c(O)c2F)C1)c1ccccc1O,0.7503381836414337,2.8629502937180735,0.4701348747591522,0.1573910195380449,0.1725501418113708,0.47885402455661663,0.5517568850902185
chemprop_score,mutate,0_minsize_10_maxsize_-2_mininc_2_maxinc_2_radius,Round 4,O=C(N[C@H]1CCN(c2c(Cl)cc(Cl)c(O)c2F)C1)c1ccc(Cl)cc1O,0.8105654180049896,2.9645219428315563,0.47361729179911,0.1877334333956241,0.1957307651638984,0.4854631507775524,0.5398148148148149
chemprop_score,mutate,0_minsize_10_maxsize_-2_mininc_2_maxinc_2_radius,Round 4,O=C(O)CCCC(=O)N[C@H]1CCN(c2c(Cl)cc(Cl)c(O)c2F)C1,0.7110404884815216,2.9692258157377793,0.45109780439121755,0.0631655141711235,0.0823558876290917,0.47024952015355087,0.4975466143277723
chemprop_score,mutate,0_minsize_10_maxsize_-2_mininc_2_maxinc_2_radius,Round 4,CSc1ccc(Cl)c(C(=O)N[C@H]2CCN(c3cc(O)c(Cl)cc3Cl)C2)c1,0.7431639701128006,2.8516690988445585,0.4526011560693642,0.1790866404771804,0.1958776623010635,0.4532488114104596,0.5556640625
chemprop_score,mutate,0_minsize_10_maxsize_-2_mininc_2_maxinc_2_radius,Round 4,Cc1c(Cl)cccc1C(=O)N[C@H]1CCN(c2cc(O)c(Cl)cc2Cl)C1,0.7186417937278747,2.7260880863602157,0.423963133640553,0.1849083065986633,0.1990147948265075,0.4546211490424646,0.5772357723577236
chemprop_score,mutate,0_minsize_10_maxsize_-2_mininc_2_maxinc_2_radius,Round 4,COc1cccc(C(=O)N[C@H]2CCN(c3cc(O)c(Cl)cc3Cl)C2)c1Cl,0.7119492822885514,2.792742175767634,0.4604651162790698,0.1835986115038395,0.1956068944185972,0.47545008183306053,0.5623159960745829
chemprop_score,mutate,0_minsize_10_maxsize_-2_mininc_2_maxinc_2_radius,Round 4,O=C(COc1ccc(Cl)cc1Cl)N[C@H]1CCN(c2cc(O)c(Cl)cc2Cl)C1,0.7106268262863159,2.735363186603534,0.3779816513761468,0.1814235839992761,0.1963910663500428,0.47525773195876286,0.5422077922077922
chemprop_score,mutate,0_minsize_10_maxsize_-2_mininc_2_maxinc_2_radius,Round 4,O=C(N[C@H]1CCN(c2cc(O)c(Cl)cc2Cl)C1)c1ccc(Br)cc1Cl,0.7380918633937835,2.7510573171294457,0.42086956521739133,0.1786640781909227,0.1939081758260727,0.4688026981450253,0.5848861283643892
chemprop_score,mutate,0_minsize_10_maxsize_-2_mininc_2_maxinc_2_radius,Round 4,Cc1cc(C(=O)N[C@H]2CCN(c3cc(O)c(Cl)cc3Cl)C2)cc(C)c1O,0.7073902690410614,2.8155646297221306,0.40941792020928713,0.1814203798770904,0.1996507607400417,0.4636441402908469,0.6129032258064516
chemprop_score,mutate,0_minsize_10_maxsize_-2_mininc_2_maxinc_2_radius,Round 4,CN(C)c1ccc(C(=O)N[C@H]2CCN(c3cc(O)c(Cl)cc3Cl)C2)cc1,0.7105599999427795,2.6844479449984036,0.3827893175074184,0.1774846449494362,0.1902609825134277,0.455584872471416,0.63718820861678
chemprop_score,mutate,0_minsize_10_maxsize_-2_mininc_2_maxinc_2_radius,Round 4,Cc1ccc(N)c(C(=O)N[C@H]2CCN(c3cc(O)c(Cl)cc3Cl)C2)n1,0.7553776443004608,2.9674285545876398,0.4733009708737864,0.1577072085812688,0.1638627920299768,0.4735714285714286,0.6059113300492611
chemprop_score,mutate,0_minsize_10_maxsize_-2_mininc_2_maxinc_2_radius,Round 4,Cc1cccc(C(=O)N[C@H]2CCN(c3cc(O)c(Cl)cc3Cl)C2)c1O,0.7029680860042572,2.7643997920458343,0.416389811738649,0.1627729453146457,0.1775179367512464,0.4715447154471545,0.6048218029350105
chemprop_score,mutate,0_minsize_10_maxsize_-2_mininc_2_maxinc_2_radius,Round 4,COc1cccc(C(=O)N[C@H]2CCN(c3cc(O)c(Cl)cc3Cl)C2)c1O,0.7058662974834442,2.764615252690712,0.44905008635578586,0.1763032648712396,0.185636118426919,0.47997237569060774,0.5610948191593352
chemprop_score,mutate,0_minsize_10_maxsize_-2_mininc_2_maxinc_2_radius,Round 4,O=C(N[C@H]1CCN(c2cc(O)c(Cl)cc2Cl)C1)c1ccc(Br)cc1O,0.7148465311527252,2.8227743739856326,0.4141978759083287,0.1679570522159338,0.1807269409298896,0.4695740365111562,0.5941727367325702
chemprop_score,mutate,0_minsize_10_maxsize_-2_mininc_2_maxinc_2_radius,Round 3,O=C(N[C@H]1CCN(c2cc(O)c(Cl)cc2Cl)C1)c1ccc(Cl)cn1,0.7753493344783783,2.809740696953007,0.4404907975460123,0.1609318569302558,0.1816376354545354,0.4541387024608501,0.6419491525423728
chemprop_score,mutate,0_minsize_10_maxsize_-2_mininc_2_maxinc_2_radius,Round 3,O=C(N[C@H]1CCN(c2cc(O)c(Cl)cc2Cl)C1)c1ccc(Br)cn1,0.7126071363687515,2.8523248530953698,0.4466257668711656,0.1273606665432453,0.1479952057823538,0.4579370885149963,0.6386554621848739
chemprop_score,mutate,0_minsize_10_maxsize_-2_mininc_2_maxinc_2_radius,Round 3,Nc1cccnc1C(=O)N[C@H]1CCN(c2cc(O)c(Cl)cc2Cl)C1,0.7801376515626908,2.9213840953456582,0.4556031843233313,0.1421197455376386,0.1528827182948589,0.46114742193173563,0.6228160328879754
chemprop_score,mutate,0_minsize_10_maxsize_-2_mininc_2_maxinc_2_radius,Round 3,Nc1cnccc1C(=O)N[C@H]1CCN(c2cc(O)c(Cl)cc2Cl)C1,0.7191322410106659,2.926455507515577,0.4119170984455959,0.1446545911952853,0.1527622330933809,0.47766323024054985,0.6052631578947368
chemprop_score,mutate,0_minsize_10_maxsize_-2_mininc_2_maxinc_2_radius,Round 3,Nc1nc(C(=O)N[C@H]2CCN(c3cc(O)c(Cl)cc3Cl)C2)cs1,0.7985840284824371,2.9594714496624235,0.42609254498714655,0.161709644831717,0.1688219605013728,0.43337484433374845,0.6325678496868476
chemprop_score,mutate,0_minsize_10_maxsize_-2_mininc_2_maxinc_2_radius,Round 3,Nc1nccnc1C(=O)N[C@H]1CCN(c2cc(O)c(Cl)cc2Cl)C1,0.7613846546411515,2.9751898358737865,0.43525641025641026,0.1655243884772062,0.1740583885461092,0.4815668202764977,0.65
chemprop_score,mutate,0_minsize_10_maxsize_-2_mininc_2_maxinc_2_radius,Round 3,O=C(N[C@H]1CCN(c2cc(O)c(Cl)cc2Cl)C1)c1ncccc1O,0.7892744648456573,2.8737119943123624,0.48357098574085555,0.1323671961203217,0.1520309802144765,0.46956521739130436,0.6143724696356275
chemprop_score,mutate,0_minsize_10_maxsize_-2_mininc_2_maxinc_2_radius,Round 3,CSc1cnc(C(=O)N[C@H]2CCN(c3ccc(Cl)cc3Cl)C2)cc1Cl,0.7902948379516601,2.895698482920176,0.4633110976349303,0.1877725131809711,0.1959990970790386,0.46810035842293907,0.6101694915254238
chemprop_score,mutate,0_minsize_8_maxsize_-2_mininc_2_maxinc_3_radius,Round 2,O=C(Cc1ccc(Cl)c(C(=O)O)c1)N[C@H]1CCN(c2ccc(Cl)cc2Cl)C1,0.7166227543354035,2.5842813404496887,0.4119973632168754,0.0721098654903471,0.0931463100016117,0.4483485593815882,0.5188968335035751
chemprop_score,mutate,0_minsize_8_maxsize_-2_mininc_2_maxinc_3_radius,Round 2,NCc1ccc(C(=O)N[C@H]2CCN(c3ccc(Cl)cc3Cl)C2)c(Cl)c1Cl,0.7217320013046264,2.8171190988445574,0.4004643064422519,0.1776958834379911,0.1893241878598928,0.4416243654822335,0.5985010706638115
chemprop_score,mutate,0_minsize_8_maxsize_-2_mininc_2_maxinc_3_radius,Round 2,O=C(O)c1cccc(C(=O)N[C@H]2CCN(c3ccc(Cl)cc3Cl)C2)c1Cl,0.732615840435028,2.62549602192148,0.4245939675174014,0.0540047475602477,0.0761914411094039,0.45629510825982356,0.578622816032888
chemprop_score,mutate,0_minsize_8_maxsize_-2_mininc_2_maxinc_3_radius,Round 4,CSc1cccc(Cl)c1C(=O)N[C@H]1CCN(c2cc(O)c(Cl)cc2Cl)C1,0.7533754181861877,2.997353714229174,0.46914285714285714,0.1824588466435671,0.1925844836980104,0.47611379495437467,0.537243947858473
chemprop_score,mutate,0_minsize_8_maxsize_-2_mininc_2_maxinc_3_radius,Round 3,CSc1ccc(Br)c(Cl)c1C(=O)N[C@H]1CCN(c2ccc(Cl)cc2Cl)C1,0.7542221212387085,2.992803714229174,0.4717948717948718,0.179839152097702,0.1914737291634082,0.4811156304474143,0.5311926605504587
chemprop_score,mutate,0_minsize_8_maxsize_-2_mininc_2_maxinc_3_radius,Round 3,CSc1ccc(O)c(Cl)c1C(=O)N[C@H]1CCN(c2ccc(Cl)cc2Cl)C1,0.7727965795993805,2.9724825603830194,0.48679678530424797,0.1906977895647287,0.1871603697538376,0.48711063372717506,0.5223336371923427
chemprop_score,mutate,0_minsize_8_maxsize_-2_mininc_2_maxinc_3_radius,Round 3,O=C(N[C@H]1CCN(c2cc(O)c(Cl)cc2Cl)C1)c1cccc(Br)c1Cl,0.7722702956199646,2.8989663472297806,0.42906375646180356,0.178534260392189,0.1956568863242864,0.49495798319327733,0.5695695695695696
chemprop_score,mutate,0_minsize_8_maxsize_-2_mininc_2_maxinc_3_radius,Round 3,Cc1cccc(C(=O)N[C@H]2CCN(c3cc(O)c(Cl)cc3Cl)C2)c1Cl,0.7256084895133972,2.790864006092656,0.4225188624492165,0.1678903315216303,0.1824698705226183,0.45287739783152625,0.5898234683281413
chemprop_score,mutate,0_minsize_8_maxsize_-2_mininc_2_maxinc_3_radius,Round 3,CC(=O)c1cccc(C(=O)N[C@H]2CCN(c3cc(O)c(Cl)cc3Cl)C2)c1Cl,0.7460479235649109,2.894227993256342,0.4485927627800115,0.1150562738999724,0.1353707714006304,0.4651711924439197,0.5553398058252427
chemprop_score,mutate,0_minsize_8_maxsize_-2_mininc_2_maxinc_3_radius,Round 3,NCc1cccc(C(=O)N[C@H]2CCN(c3cc(O)c(Cl)cc3Cl)C2)c1Cl,0.7047461038827896,2.9267902526907115,0.4263341067285383,0.1517255451530218,0.1753079636022448,0.45228215767634855,0.5865979381443299
chemprop_score,mutate,0_minsize_8_maxsize_-2_mininc_2_maxinc_3_radius,Round 3,NCCc1cccc(C(=O)N[C@H]2CCN(c3cc(O)c(Cl)cc3Cl)C2)c1Cl,0.7090046018362045,2.941534263526611,0.44335825186889016,0.1738015968352556,0.1887522749602794,0.4624037892243931,0.5649606299212598
chemprop_score,mutate,0_minsize_8_maxsize_-2_mininc_2_maxinc_3_radius,Round 3,O=C(N[C@H]1CCN(c2cc(O)c(Cl)cc2Cl)C1)c1cccc(O)c1Cl,0.7986549830436707,2.8611402602732596,0.4392523364485981,0.1731219101697206,0.1891940783709287,0.4600665557404326,0.5755102040816327
chemprop_score,mutate,0_minsize_8_maxsize_-2_mininc_2_maxinc_3_radius,Round 3,O=C(O)c1cccc(C(=O)N[C@H]2CCN(c3cc(O)c(Cl)cc3Cl)C2)c1Cl,0.8011186826229095,2.859900758329106,0.4548591144335825,0.0611907233484089,0.0868961910717189,0.4716312056737589,0.5510597302504817
chemprop_score,mutate,0_minsize_8_maxsize_-2_mininc_2_maxinc_3_radius,Round 3,O=C(N[C@H]1CCN(c2cc(O)c(Cl)cc2Cl)C1)c1cccc(Cl)c1C(=O)O,0.737547447681427,2.8494581387864866,0.4751154438173422,0.1210325605235993,0.1469810258597135,0.4976553341148886,0.5296803652968036
chemprop_score,mutate,0_minsize_8_maxsize_-2_mininc_2_maxinc_3_radius,Round 3,O=C(O)c1cc(N2CC[C@H](NC(=O)c3cccc(Cl)c3Cl)C2)c(Cl)cc1Cl,0.7590394145250321,2.727007619035966,0.4496567505720824,0.0774228136055171,0.0916596985422074,0.46769662921348315,0.5444976076555024
chemprop_score,mutate,0_minsize_6_maxsize_-2_mininc_2_maxinc_3_radius,Round 2,O=C(N[C@H]1CCN(c2cc(O)c(Cl)c(O)c2Cl)C1)c1ccccc1Cl,0.7288596463203431,2.8867937719789456,0.42169373549883993,0.1351058652624487,0.1553401827812194,0.4638655462184874,0.5832471561530507
chemprop_score,mutate,0_minsize_6_maxsize_-2_mininc_2_maxinc_3_radius,Round 2,C=Cc1ccc(Cl)c(C(=O)N[C@H]2CCN(c3cc(O)c(Cl)cc3Cl)C2)c1,0.7112267279624939,2.9095537142291743,0.43443096476025417,0.1846664130687713,0.1994024951010942,0.45290745290745293,0.5771947527749748
chemprop_score,mutate,0_minsize_6_maxsize_-2_mininc_2_maxinc_3_radius,Round 2,C=Cc1ccc(C(=O)N[C@H]2CCN(c3cc(O)c(Cl)cc3Cl)C2)c(Cl)c1,0.7186849939823151,2.8951767911522506,0.4277456647398844,0.1849407698959112,0.1999334774911403,0.4541701073492981,0.5800203873598369
chemprop_score,mutate,0_minsize_6_maxsize_-2_mininc_2_maxinc_3_radius,Round 2,CCc1ccc(C(=O)N[C@H]2CCN(c3cc(O)c(Cl)cc3Cl)C2)c(Cl)c1,0.7000456738471985,2.7306421757676347,0.4237875288683603,0.175319342687726,0.1883926503360271,0.44847485572959606,0.5807770961145194
chemprop_score,mutate,0_minsize_6_maxsize_-2_mininc_2_maxinc_3_radius,Round 2,CSc1ccc(C(=O)N[C@H]2CCN(c3cc(O)c(Cl)cc3Cl)C2)c(Cl)c1,0.7623807513713836,2.864959483459943,0.4418739155581261,0.1702576741576194,0.1815873470157384,0.44976359338061467,0.5636182902584493
chemprop_score,mutate,0_minsize_6_maxsize_-2_mininc_2_maxinc_3_radius,Round 2,NCc1ccc(C(=O)N[C@H]2CCN(c3cc(O)c(Cl)cc3Cl)C2)c(Cl)c1,0.7028922748565674,2.7991517911522497,0.41888760139049824,0.1693482980132103,0.189197139814496,0.451209341117598,0.5844559585492228
chemprop_score,mutate,0_minsize_6_maxsize_-2_mininc_2_maxinc_3_radius,Round 2,O=C(N[C@H]1CCN(c2cc(O)c(Cl)cc2Cl)C1)c1ccc(O)cc1Cl,0.7714521384239197,2.7833329024137274,0.4246495327102804,0.1656227193772793,0.1819353131577372,0.4685908319185059,0.5889121338912134
chemprop_score,mutate,0_minsize_6_maxsize_-2_mininc_2_maxinc_3_radius,Round 4,CCc1cc(O)c(Cl)c(C(=O)N[C@H]2CCN(c3ccc(Cl)cc3Cl)C2)c1,0.7064639216661454,2.794322944998404,0.4492164828786999,0.1790202233940362,0.1837659172713756,0.45989304812834225,0.5675944333996024
chemprop_score,mutate,0_minsize_6_maxsize_-2_mininc_2_maxinc_3_radius,Round 3,CCc1cc(C(=O)O)c(Cl)c(C(=O)N[C@H]2CCN(c3ccc(Cl)cc3Cl)C2)c1,0.7326649302244186,2.8145707554421637,0.4372842347525892,0.0611886030063033,0.0778349416796118,0.46746268656716417,0.5608308605341247
chemprop_score,mutate,0_minsize_6_maxsize_-2_mininc_2_maxinc_3_radius,Round 3,CCC(=O)c1cc(Cl)c(Cl)c(C(=O)N[C@H]2CCN(c3ccc(Cl)cc3Cl)C2)c1,0.7078763043880463,2.809490835362242,0.45274725274725275,0.1771170604974031,0.1952497132122516,0.4688235294117647,0.5518234165067178
chemprop_score,mutate,0_minsize_6_maxsize_-2_mininc_2_maxinc_3_radius,Round 3,CC(=O)c1cc(Cl)c(Cl)c(C(=O)N[C@H]2CCN(c3ccc(Cl)cc3Cl)C2)c1,0.7142420613765716,2.740835061863409,0.4416941694169417,0.1764329113066196,0.1946819148957729,0.4604486422668241,0.5581622678396871
chemprop_score,mutate,0_minsize_6_maxsize_-2_mininc_2_maxinc_3_radius,Round 3,CNC(=O)c1cc(Cl)c(Cl)c(C(=O)N[C@H]2CCN(c3ccc(Cl)cc3Cl)C2)c1,0.7109249997138977,2.7574454807168873,0.4212348528563185,0.1804661884903907,0.178091475367546,0.44958677685950416,0.5825641025641025
chemprop_score,mutate,0_minsize_6_maxsize_-2_mininc_2_maxinc_3_radius,Round 3,CS(=O)(=O)c1cc(Cl)c(Cl)c(C(=O)N[C@H]2CCN(c3ccc(Cl)cc3Cl)C2)c1,0.7041461312770844,2.788994623679189,0.4894925679138903,0.1625482603907585,0.1835290547460317,0.4969230769230769,0.5088495575221239
chemprop_score,mutate,0_minsize_6_maxsize_-2_mininc_2_maxinc_3_radius,Round 3,NC(=O)c1cc(Cl)c(Cl)c(C(=O)N[C@H]2CCN(c3ccc(Cl)cc3Cl)C2)c1,0.7420376473665238,2.7529074111357588,0.42090069284064663,0.1867632716894149,0.1960590168833732,0.4491315136476427,0.582135523613963
chemprop_score,mutate,0_minsize_6_maxsize_-2_mininc_2_maxinc_3_radius,Round 3,O=C(O)c1cc(Cl)c(Cl)c(C(=O)N[C@H]2CCN(c3ccc(Cl)cc3Cl)C2)c1,0.7938550710678101,2.7105999267282748,0.4460390355912744,0.0970936832949519,0.1108581820502877,0.4668639053254438,0.5569620253164557
chemprop_score,mutate,0_minsize_6_maxsize_-2_mininc_2_maxinc_3_radius,Round 3,O=C(O)Cc1cc(Cl)c(Cl)c(C(=O)N[C@H]2CCN(c3ccc(Cl)cc3Cl)C2)c1,0.705737681388855,2.7761899362613427,0.44882790165809033,0.1274855276569724,0.1424285618588328,0.466196355085244,0.551923076923077
